------ SCHEMA SITAT ORT ----------
SET SCHEMA = SITATORT;
SET CURRENT PATH = SITATORT;


UPDATE COMMAND OPTIONS USING s OFF;
DROP procedure aggiorna;
UPDATE COMMAND OPTIONS USING s ON;

------ CARATTERE TERMINATORE ----------
--#SET TERMINATOR @
--------------------------------
-- AGGIORNAMENTO SITAT/VIGILANZA
-- Database: DB2
-- Versione: 3.0.0 --> 3.1.0
------------------------------


--#SET TERMINATOR @

create procedure aggiorna ()
begin

	Declare v_sql varchar(5000);
	Declare v_max varchar(10);

	IF (select count(*) from eldaver where codapp='W9' and (numver='3.0.0' or numver like '3.0.0.%'))=1
	THEN
	
	------------------------------------------------------------------------------------------------
	------------------------		MODIFICA STRUTTURA TABELLE			------------------------
	------------------------------------------------------------------------------------------------
		
		SET v_sql = 'ALTER TABLE CUPDATI ALTER COLUMN NOME_STRU_INFRASTR set DATA TYPE VARCHAR(1000)';
		EXECUTE immediate v_sql;
		SET v_sql = 'ALTER TABLE CUPDATI ALTER COLUMN IND_AREA_RIFER set DATA TYPE VARCHAR(1000)';
		EXECUTE immediate v_sql;
		SET v_sql = 'ALTER TABLE CUPDATI ALTER COLUMN DESCRIZIONE_INTERVENTO set DATA TYPE VARCHAR(1000)';
		EXECUTE immediate v_sql;
		SET v_sql = 'ALTER TABLE CUPDATI ALTER COLUMN DESC_STRUM_PROGR set DATA TYPE VARCHAR(1000)';
		EXECUTE immediate v_sql;
		SET v_sql = 'ALTER TABLE CUPDATI ALTER COLUMN DENOM_IMPR_STAB set DATA TYPE VARCHAR(1000)';
		EXECUTE immediate v_sql;
		SET v_sql = 'ALTER TABLE CUPDATI ALTER COLUMN DENOM_IMPR_STAB_PREC set DATA TYPE VARCHAR(1000)';
		EXECUTE immediate v_sql;
		SET v_sql = 'ALTER TABLE CUPDATI ALTER COLUMN DENOMINAZIONE_PROGETTO set DATA TYPE VARCHAR(1000)';
		EXECUTE immediate v_sql;
		SET v_sql = 'ALTER TABLE CUPDATI ALTER COLUMN ENTE set DATA TYPE VARCHAR(1000)';
		EXECUTE immediate v_sql;
		SET v_sql = 'ALTER TABLE CUPDATI ALTER COLUMN OBIETT_CORSO set DATA TYPE VARCHAR(1000)';
		EXECUTE immediate v_sql;
		SET v_sql = 'ALTER TABLE CUPDATI ALTER COLUMN MOD_INTERVENTO_FREQUENZA set DATA TYPE VARCHAR(1000)';
		EXECUTE immediate v_sql;
		SET v_sql = 'ALTER TABLE CUPDATI ALTER COLUMN SERVIZIO set DATA TYPE VARCHAR(1000)';
		EXECUTE immediate v_sql;
		SET v_sql = 'ALTER TABLE CUPDATI ALTER COLUMN BENE set DATA TYPE VARCHAR(1000)';
		EXECUTE immediate v_sql;
		SET v_sql = 'ALTER TABLE CUPDATI ALTER COLUMN RAGIONE_SOCIALE set DATA TYPE VARCHAR(1000)';
		EXECUTE immediate v_sql;
		SET v_sql = 'ALTER TABLE CUPDATI ALTER COLUMN RAGIONE_SOCIALE_PREC set DATA TYPE VARCHAR(1000)';
		EXECUTE immediate v_sql;
		SET v_sql = 'ALTER TABLE CUPDATI ALTER COLUMN BENEFICIARIO set DATA TYPE VARCHAR(1000)';
		EXECUTE immediate v_sql;
		SET v_sql = 'ALTER TABLE CUPDATI ALTER COLUMN ATTO_AMMINISTR set DATA TYPE VARCHAR(1000)';
		EXECUTE immediate v_sql;
		SET v_sql = 'ALTER TABLE CUPDATI ALTER COLUMN SCOPO_INTERVENTO set DATA TYPE VARCHAR(1000)';
		EXECUTE immediate v_sql;
		CALL SYSPROC.ADMIN_CMD ('REORG TABLE CUPDATI');
	
		SET v_sql = 'ALTER TABLE CUPDATI ADD COLUMN TMP VARCHAR(1000)';
		EXECUTE immediate v_sql;
		SET v_sql = 'UPDATE CUPDATI SET TMP =SUBSTR(ALTRE_INFORMAZIONI,1,1000)';
		EXECUTE immediate v_sql;
		SET v_sql = 'ALTER TABLE CUPDATI DROP COLUMN ALTRE_INFORMAZIONI';
		EXECUTE immediate v_sql;
		CALL SYSPROC.ADMIN_CMD ('REORG TABLE CUPDATI');
		SET v_sql = 'ALTER TABLE CUPDATI ADD COLUMN ALTRE_INFORMAZIONI VARCHAR(1000)';
		EXECUTE immediate v_sql;
		SET v_sql = 'UPDATE CUPDATI SET ALTRE_INFORMAZIONI=TMP';
		EXECUTE immediate v_sql;
		SET v_sql = 'ALTER TABLE CUPDATI DROP COLUMN TMP';
		EXECUTE immediate v_sql;
		CALL SYSPROC.ADMIN_CMD ('REORG TABLE CUPDATI');
		
		SET v_sql = 'Create table W3GARA (
		NUMGARA NUMERIC(10) not null,
		OGGETTO VARCHAR(1024),
		RUP_CODTEC VARCHAR(10),
		ID_GARA VARCHAR(20),
		IMPORTO_GARA NUMERIC(24,5),
		IMPORTO_SA_GARA NUMERIC(24,5),
		DATA_CANCELLAZIONE_GARA TIMESTAMP,
		DATA_TERMINE_PAGAMENTO TIMESTAMP,
		DATA_COMUN TIMESTAMP,
		DATA_INIB_PAGAM TIMESTAMP,
		DATA_CONFERMA_GARA TIMESTAMP,
		TIPO_SCHEDA VARCHAR(5),
		MODO_INDIZIONE VARCHAR(5),
		MODO_REALIZZAZIONE VARCHAR(5),
		ID_MOTIVAZIONE VARCHAR(5),
		NOTE_CANC VARCHAR(1000),
		CIG_ACC_QUADRO VARCHAR(10),
		NUMERO_LOTTI NUMERIC(5),
		DATA_CREAZIONE TIMESTAMP,
		ID_OSSERVATORIO VARCHAR(2000),
		ID_STATO_GARA VARCHAR(5),
		DATA_PERFEZIONAMENTO_BANDO TIMESTAMP,
		SYSCON NUMERIC(12),
		STATO_SIMOG NUMERIC(7),
		TIPO_OPERAZIONE VARCHAR(5),
		GARA_UUID VARCHAR(40),
		COLLABORAZIONE NUMERIC(10),
		DATA_GUCE TIMESTAMP,
		DATA_GURI TIMESTAMP,
		DATA_ALBO TIMESTAMP,
		DATA_BORE TIMESTAMP,
		QUOTIDIANI_NAZ NUMERIC(5),
		QUOTIDIANI_REG NUMERIC(5),
		PERIODICI NUMERIC(5),
		PROFILO_COMMITTENTE VARCHAR(2),
		SITO_MINISTERO_INF_TRASF VARCHAR(2),
		SITO_OSSERVATORIO VARCHAR(2),
		NUMERO_GUCE VARCHAR(20),
		NUMERO_GURI VARCHAR(20),
		NUMERO_BORE VARCHAR(20),
		LINK_SITO VARCHAR(250),
		FLAG_BENICULT VARCHAR(2),
		FLAG_SOSPESO VARCHAR(2),
		ID_ESCLUSIONE NUMERIC(7),
		PROVV_PRESA_CARICO VARCHAR(250),
		ESCLUSO_AVCPASS VARCHAR(1),
		ORA_SCADENZA VARCHAR(5),
		DSCAD_RICHIESTA_INVITO TIMESTAMP,
		DATA_LETTERA_INVITO TIMESTAMP,
		URGENZA_DL133 VARCHAR(1),
		M_RICH_CIG NUMERIC(7),
		M_RICH_CIG_COMUNI NUMERIC(7),
		PRIMARY KEY (NUMGARA))';
		EXECUTE immediate v_sql;
		
		SET v_sql = 'Create table W3GARADOC (
		NUMGARA NUMERIC(10) not null,
		NUMDOC NUMERIC(3) not null,
		TIPO_DOCUMENTO VARCHAR(5),
		NOTE_DOCUMENTO VARCHAR(2000),
		NOME_DOCUMENTO VARCHAR(200),
		DOCUMENTO BLOB,
		PRIMARY KEY (NUMGARA,NUMDOC))';
		EXECUTE immediate v_sql;

		SET v_sql = 'Create table W3GARAREQ (
		NUMGARA NUMERIC(10) not null,
		NUMREQ NUMERIC(3) not null,
		CODICE_DETTAGLIO VARCHAR(5),
		DESCRIZIONE VARCHAR(80),
		VALORE VARCHAR(20),
		FLAG_ESCLUSIONE VARCHAR(1),
		FLAG_COMPROVA_OFFERTA VARCHAR(1),
		FLAG_AVVALIMENTO VARCHAR(1),
		FLAG_BANDO_TIPO VARCHAR(1),
		FLAG_RISERVATEZZA VARCHAR(1),
		PRIMARY KEY (NUMGARA,NUMREQ))';
		EXECUTE immediate v_sql;

		SET v_sql = 'Create table W3GARAREQCIG (
		NUMGARA NUMERIC(10) not null,
		NUMREQ NUMERIC(3) not null,
		NUMCIG NUMERIC(3) not null,
		CIG VARCHAR(10),
		PRIMARY KEY (NUMGARA,NUMREQ,NUMCIG))';
		EXECUTE immediate v_sql;

		SET v_sql = 'Create table W3GARAREQDOC (
		NUMGARA NUMERIC(10) not null,
		NUMREQ NUMERIC(3) not null,
		NUMDOC NUMERIC(3) not null,
		CODICE_TIPO_DOC NUMERIC(7),
		DESCRIZIONE VARCHAR(800),
		EMETTITORE VARCHAR(300),
		FAX VARCHAR(13),
		TELEFONO VARCHAR(13),
		MAIL VARCHAR(80),
		MAIL_PEC VARCHAR(80),
		PRIMARY KEY (NUMGARA,NUMREQ,NUMDOC))';
		EXECUTE immediate v_sql;

		SET v_sql = 'Create table W3GARAMERC	(
		NUMGARA NUMERIC(10) NOT NULL,
		NUMMERC NUMERIC(3) NOT NULL,
		CATEGORIA NUMERIC(7),
		PRIMARY KEY (NUMGARA, NUMMERC))';
		EXECUTE immediate v_sql;

		SET v_sql = 'Create table W3TABREQ (
		CODICE_DETTAGLIO VARCHAR(5) not null,
		DESCRIZIONE VARCHAR(2000),
		PRIMARY KEY (CODICE_DETTAGLIO))';
		EXECUTE immediate v_sql;

		SET v_sql = 'Create table W3LOTT (
		NUMGARA NUMERIC(10) not null,
		NUMLOTT NUMERIC(10) not null,
		CIG VARCHAR(10),
		OGGETTO VARCHAR(1024),
		SOMMA_URGENZA VARCHAR(1),
		IMPORTO_LOTTO NUMERIC(24,5),
		IMPORTO_SA NUMERIC(24,5),
		IMPORTO_IMPRESA NUMERIC(24,5),
		CPV VARCHAR(12),
		ID_SCELTA_CONTRAENTE NUMERIC(7),
		ID_CATEGORIA_PREVALENTE VARCHAR(5),
		DATA_PUBBLICAZIONE TIMESTAMP,
		DATA_SCADENZA_PAGAMENTI TIMESTAMP,
		DATA_COMUNICAZIONE TIMESTAMP,
		DATA_INIB_PAGAMENTO TIMESTAMP,
		ID_MOTIVAZIONE VARCHAR(5),
		NOTE_CANC VARCHAR(1000),
		TIPO_CONTRATTO VARCHAR(5),
		FLAG_ESCLUSO VARCHAR(1),
		LUOGO_ISTAT VARCHAR(20),
		LUOGO_NUTS VARCHAR(20),
		IMPORTO_ATTUAZIONE_SICUREZZA NUMERIC(24,5),
		TRIENNIO_ANNO_INIZIO NUMERIC(5),
		TRIENNIO_ANNO_FINE NUMERIC(5),
		TRIENNIO_PROGRESSIVO NUMERIC(5),
		ANNUALE_CUI_MININF VARCHAR(22),
		DATA_CREAZIONE_LOTTO TIMESTAMP,
		DATA_CANCELLAZIONE_LOTTO TIMESTAMP,
		STATO_SIMOG NUMERIC(7),
		LOTTO_UUID VARCHAR(40),
		ID_ESCLUSIONE NUMERIC(7),
		FLAG_PREVEDE_RIP VARCHAR(1),
		FLAG_RIPETIZIONE VARCHAR(1),
		CIG_ORIGINE_RIP VARCHAR(10),
		ORA_SCADENZA VARCHAR(5),
		STATO_AVCPASS NUMERIC(7),
		DSCAD_RICHIESTA_INVITO TIMESTAMP,
		DATA_LETTERA_INVITO TIMESTAMP,
		FLAG_CUP VARCHAR(1),
		PRIMARY KEY (NUMGARA,NUMLOTT))';
		EXECUTE immediate v_sql;

		SET v_sql = 'Create table W3LOTTCATE (
		NUMGARA NUMERIC(10) not null,
		NUMLOTT NUMERIC(10) not null,
		NUMCATE NUMERIC(3) not null,
		CATEGORIA VARCHAR(5),
		PRIMARY KEY (NUMGARA,NUMLOTT,NUMCATE))';
		EXECUTE immediate v_sql;

		SET v_sql = 'Create table W3LOTTTIPI (
		NUMGARA NUMERIC(10) not null,
		NUMLOTT NUMERIC(10) not null,
		NUMTIPI NUMERIC(3) not null,
		IDAPPALTO NUMERIC(7),
		PRIMARY KEY (NUMGARA,NUMLOTT,NUMTIPI))';
		EXECUTE immediate v_sql;

		SET v_sql = 'Create table W3LOTTCUP (
		NUMGARA NUMERIC(10) not null,
		NUMLOTT NUMERIC(10) not null,
		NUMCUP NUMERIC(3) not null,
		CUP VARCHAR(15),
		DATI_DIPE VARCHAR(1024),
		PRIMARY KEY (NUMGARA,NUMLOTT,NUMCUP))';
		EXECUTE immediate v_sql;

		SET v_sql = 'Create table W3USRSYS (
		SYSCON NUMERIC(12) not null,
		SIMOGWSUSER VARCHAR(100),
		SIMOGWSPASS VARCHAR(100),
		RUP_CODTEC VARCHAR(10),
		SIMAPWSUSER VARCHAR(100),
		SIMAPWSPASS VARCHAR(100),
		PRIMARY KEY (SYSCON))';
		EXECUTE immediate v_sql;

		SET v_sql = 'Create table W3AZIENDAUFFICIO (
		ID NUMERIC(10) not null,
		AZIENDA_CF VARCHAR(16),
		AZIENDA_DENOM VARCHAR(250),
		INDEXCOLL VARCHAR(100),
		UFFICIO_DENOM VARCHAR(250),
		UFFICIO_ID VARCHAR(40),
		UFFICIO_PROFILO VARCHAR(50),
		PRIMARY KEY (ID))';
		EXECUTE immediate v_sql;

		SET v_sql = 'Create table W3USRSYSCOLL (
		SYSCON NUMERIC(12) not null,
		W3AZIENDAUFFICIO_ID NUMERIC(10) not null,
		PRIMARY KEY (SYSCON,W3AZIENDAUFFICIO_ID))';
		EXECUTE immediate v_sql;

		SET v_sql = 'ALTER TABLE W3USRSYS ADD CONSTRAINT W3USRSYS_FK	FOREIGN KEY (SYSCON) REFERENCES USRSYS(SYSCON) ON DELETE CASCADE';
		EXECUTE immediate v_sql;
		SET v_sql = 'ALTER TABLE W3USRSYSCOLL ADD CONSTRAINT W3USRSYSCOLL_FK FOREIGN KEY (SYSCON) REFERENCES USRSYS(SYSCON) ON DELETE CASCADE';
		EXECUTE immediate v_sql;


		SET v_sql = 'Create table W3SMARTCIG (
		CODRICH NUMERIC(10) NOT NULL,
		CIG VARCHAR(10),
		STATO NUMERIC(7),
		FATTISPECIE VARCHAR(5),
		IMPORTO NUMERIC(24,5),
		OGGETTO VARCHAR(1024),
		ID_SCELTA_CONTRAENTE VARCHAR(5),
		TIPO_CONTRATTO VARCHAR(5),
		CIG_ACC_QUADRO VARCHAR(10),
		CUP VARCHAR(15),
		M_RICH_CIG_COMUNI VARCHAR(5),
		M_RICH_CIG VARCHAR(5),
		RUP VARCHAR(10),
		COLLABORAZIONE NUMERIC(10),
		DATA_OPERAZIONE TIMESTAMP,
		SYSCON NUMERIC(12),
		PRIMARY KEY (CODRICH))';
		EXECUTE immediate v_sql;

		SET v_sql = 'Create table W3SMARTCIGMERC (
		CODRICH NUMERIC(10) NOT NULL,
		NUMMERC NUMERIC(3) NOT NULL,
		CATEGORIA NUMERIC(7),
		PRIMARY KEY (CODRICH, NUMMERC))';
		EXECUTE immediate v_sql;


		--- View CIG e SMARTCIG
		SET v_sql = 'CREATE VIEW V_W3GARE AS
		SELECT ''G_'' || cast(INT(NUMGARA) as char(10)) AS CODICE, ''G'' AS TIPO_GARA, NUMGARA, ID_GARA, STATO_SIMOG, DATA_CONFERMA_GARA, OGGETTO, IMPORTO_GARA, SYSCON, RUP_CODTEC FROM W3GARA 
		UNION
		SELECT ''S_'' || cast(INT(CODRICH) as char(10)) AS CODICE, ''S'' AS TIPO_GARA, CODRICH AS NUMGARA, CIG AS ID_GARA, STATO AS STATO_SIMOG, DATA_OPERAZIONE AS DATA_CONFERMA_GARA, OGGETTO, IMPORTO AS IMPORTO_GARA, SYSCON, RUP AS RUP_CODTEC FROM W3SMARTCIG';
		EXECUTE immediate v_sql;


		------------------------------------------------------------------------------------------------
		----------------------------------------    MODIFICA DATI    -----------------------------------
		------------------------------------------------------------------------------------------------

		Insert into c0campi (COC_CONTA,C0C_TIP,C0C_CHI,COC_MNE_UNI,C0C_MNE_BER,COC_DES,COC_DES_FRM,C0C_FS,C0C_TAB1,COC_DOM,COC_DES_WEB) VALUES(880038384,'E','P','CODRICH.W3SMARTCIG.W3','W3_SMARTCIG_CODRICH','Codice richiesta','Codice richiesta','N10',null,null,'');
		Insert into c0campi (COC_CONTA,C0C_TIP,C0C_CHI,COC_MNE_UNI,C0C_MNE_BER,COC_DES,COC_DES_FRM,C0C_FS,C0C_TAB1,COC_DOM,COC_DES_WEB) VALUES(880038385,'E',null,'CIG.W3SMARTCIG.W3','W3_SMARTCIG_CIG','Codice CIG','Codice CIG','A10',null,null,'Codice CIG');
		Insert into c0campi (COC_CONTA,C0C_TIP,C0C_CHI,COC_MNE_UNI,C0C_MNE_BER,COC_DES,COC_DES_FRM,C0C_FS,C0C_TAB1,COC_DOM,COC_DES_WEB) VALUES(880038386,'E',null,'STATO.W3SMARTCIG.W3','W3_SMARTCIG_STATO','Stato della gara','Stato della gara','A100','W3025',null,'Stato della gara');
		Insert into c0campi (COC_CONTA,C0C_TIP,C0C_CHI,COC_MNE_UNI,C0C_MNE_BER,COC_DES,COC_DES_FRM,C0C_FS,C0C_TAB1,COC_DOM,COC_DES_WEB) VALUES(880038387,'E',null,'FATTISPECIE.W3SMARTCIG.W3','W3_SMARTCIG_ID_ESCL','Fattispecie contrattuale','Fattispecie contrat.','A100','W3z19',null,'');
		Insert into c0campi (COC_CONTA,C0C_TIP,C0C_CHI,COC_MNE_UNI,C0C_MNE_BER,COC_DES,COC_DES_FRM,C0C_FS,C0C_TAB1,COC_DOM,COC_DES_WEB) VALUES(880038388,'E',null,'IMPORTO.W3SMARTCIG.W3','W3_SMARTCIG_IMPORTO','Importo','Importo','F15',null,'MONEY','');
		Insert into c0campi (COC_CONTA,C0C_TIP,C0C_CHI,COC_MNE_UNI,C0C_MNE_BER,COC_DES,COC_DES_FRM,C0C_FS,C0C_TAB1,COC_DOM,COC_DES_WEB) VALUES(880038389,'E',null,'OGGETTO.W3SMARTCIG.W3','W3_SMARTCIG_OGGETTO','Oggetto','Oggetto','A1024',null,'NOTE','');
		Insert into c0campi (COC_CONTA,C0C_TIP,C0C_CHI,COC_MNE_UNI,C0C_MNE_BER,COC_DES,COC_DES_FRM,C0C_FS,C0C_TAB1,COC_DOM,COC_DES_WEB) VALUES(880038390,'E',null,'ID_SCELTA_CONTRAENTE.W3SMARTCIG.W3','W3_SMARTCIG_ID_SCELTA','Procedura di scelta del contraente','Proc. scelta contr.','A100','W3z20',null,'Procedura di scelta del contraente');
		Insert into c0campi (COC_CONTA,C0C_TIP,C0C_CHI,COC_MNE_UNI,C0C_MNE_BER,COC_DES,COC_DES_FRM,C0C_FS,C0C_TAB1,COC_DOM,COC_DES_WEB) VALUES(880038391,'E',null,'TIPO_CONTRATTO.W3SMARTCIG.W3','W3_SMARTCIG_TIPO_CONTR','Tipo contratto','Tipo contratto','A100','W3z05',null,'');
		Insert into c0campi (COC_CONTA,C0C_TIP,C0C_CHI,COC_MNE_UNI,C0C_MNE_BER,COC_DES,COC_DES_FRM,C0C_FS,C0C_TAB1,COC_DOM,COC_DES_WEB) VALUES(880038392,'E',null,'CIG_ACC_QUADRO.W3SMARTCIG.W3','W3_SMARTCIG_CIG_ACC','CIG dell''accordo quadro','CIG accordo quadro','A10',null,null,'CIG dell''accordo quadro');
		Insert into c0campi (COC_CONTA,C0C_TIP,C0C_CHI,COC_MNE_UNI,C0C_MNE_BER,COC_DES,COC_DES_FRM,C0C_FS,C0C_TAB1,COC_DOM,COC_DES_WEB) VALUES(880038393,'E',null,'CUP.W3SMARTCIG.W3','W3_SMARTCIG_CUP','CUP','CUP','A15',null,null,'');
		Insert into c0campi (COC_CONTA,C0C_TIP,C0C_CHI,COC_MNE_UNI,C0C_MNE_BER,COC_DES,COC_DES_FRM,C0C_FS,C0C_TAB1,COC_DOM,COC_DES_WEB) VALUES(880038394,'E',null,'M_RICH_CIG_COMUNI.W3SMARTCIG.W3','W3_SMARTCIG_RICH_CIG_C','Motivazione richiesta CIG per i comuni','Mot. rich. CIG com.','A100','W3z17',null,'Motivazione richiesta CIG per i comuni');
		Insert into c0campi (COC_CONTA,C0C_TIP,C0C_CHI,COC_MNE_UNI,C0C_MNE_BER,COC_DES,COC_DES_FRM,C0C_FS,C0C_TAB1,COC_DOM,COC_DES_WEB) VALUES(880038395,'E',null,'M_RICH_CIG.W3SMARTCIG.W3','W3_SMARTCIG_RICH_CIG','Motivazione richiesta CIG','Mot. richiesta CIG','A100','W3z18',null,'Motivazione richiesta CIG');
		Insert into c0campi (COC_CONTA,C0C_TIP,C0C_CHI,COC_MNE_UNI,C0C_MNE_BER,COC_DES,COC_DES_FRM,C0C_FS,C0C_TAB1,COC_DOM,COC_DES_WEB) VALUES(880038396,'E',null,'RUP.W3SMARTCIG.W3','W3_SMARTCIG_RUP','RUP','RUP','A10',null,null,'');
		Insert into c0campi (COC_CONTA,C0C_TIP,C0C_CHI,COC_MNE_UNI,C0C_MNE_BER,COC_DES,COC_DES_FRM,C0C_FS,C0C_TAB1,COC_DOM,COC_DES_WEB) VALUES(880038397,'E',null,'COLLABORAZIONE.W3SMARTCIG.W3','W3_SMARTCIG_COLL','Collaborazione (amministrazione/stazione appaltante)','Collaborazione','N10',null,null,'Collaborazione (amministrazione/stazione appaltante)');
		Insert into c0campi (COC_CONTA,C0C_TIP,C0C_CHI,COC_MNE_UNI,C0C_MNE_BER,COC_DES,COC_DES_FRM,C0C_FS,C0C_TAB1,COC_DOM,COC_DES_WEB) VALUES(880038409,'E',null,'DATA_OPERAZIONE.W3SMARTCIG.W3','W3_SMARTCIG_DATA_OPE','Data operazione','Data operazione','DT',null,'DATA_ELDA','Data operazione');
		Insert into c0campi (COC_CONTA,C0C_TIP,C0C_CHI,COC_MNE_UNI,C0C_MNE_BER,COC_DES,COC_DES_FRM,C0C_FS,C0C_TAB1,COC_DOM,COC_DES_WEB) VALUES(880038398,'E','P','CODRICH.W3SMARTCIGMERC.W3','W3_SMARTCIGMERC_CODRICH','Codice richiesta','Codice richiesta','N10',null,null,'');
		Insert into c0campi (COC_CONTA,C0C_TIP,C0C_CHI,COC_MNE_UNI,C0C_MNE_BER,COC_DES,COC_DES_FRM,C0C_FS,C0C_TAB1,COC_DOM,COC_DES_WEB) VALUES(880038399,'E','P','NUMMERC.W3SMARTCIGMERC.W3','W3_SMARTCIGMERC_NUMMERC','Numero progressivo categoria','Num. progr. categ.','N3',null,null,'');
		Insert into c0campi (COC_CONTA,C0C_TIP,C0C_CHI,COC_MNE_UNI,C0C_MNE_BER,COC_DES,COC_DES_FRM,C0C_FS,C0C_TAB1,COC_DOM,COC_DES_WEB) VALUES(880038400,'E',null,'CATEGORIA.W3SMARTCIGMERC.W3','W3_SMARTCIGMERC_CATEGORIA','Categoria','Categoria','A100','W3031',null,'');
		Insert into c0campi (COC_CONTA,C0C_TIP,C0C_CHI,COC_MNE_UNI,C0C_MNE_BER,COC_DES,COC_DES_FRM,C0C_FS,C0C_TAB1,COC_DOM,COC_DES_WEB) VALUES(880038401,'E','P','CODICE.V_W3GARE.W3','W3_V_W3GARE_CODICE','Codice gara','Codice gara','A13',null,null,'');
		Insert into c0campi (COC_CONTA,C0C_TIP,C0C_CHI,COC_MNE_UNI,C0C_MNE_BER,COC_DES,COC_DES_FRM,C0C_FS,C0C_TAB1,COC_DOM,COC_DES_WEB) VALUES(880038402,'E',null,'ID_GARA.V_W3GARE.W3','W3_V_W3GARE_ID','Numero gara SIMOG / Codice CIG','Gara / CIG','A20',null,null,'Gara / CIG');
		Insert into c0campi (COC_CONTA,C0C_TIP,C0C_CHI,COC_MNE_UNI,C0C_MNE_BER,COC_DES,COC_DES_FRM,C0C_FS,C0C_TAB1,COC_DOM,COC_DES_WEB) VALUES(880038403,'E',null,'STATO_SIMOG.V_W3GARE.W3','W3_V_W3GARE_STATO','Stato della gara','Stato della gara','A100','W3025',null,'');
		Insert into c0campi (COC_CONTA,C0C_TIP,C0C_CHI,COC_MNE_UNI,C0C_MNE_BER,COC_DES,COC_DES_FRM,C0C_FS,C0C_TAB1,COC_DOM,COC_DES_WEB) VALUES(880038404,'E',null,'DATA_CONFERMA_GARA.V_W3GARE.W3','W3_V_W3GARE_DATA','Data operazione perfezionamento/pubblicazione','Data perf./pubbl.','DT',null,'DATA_ELDA','Data operazione perfezionamento/pubblicazione');
		Insert into c0campi (COC_CONTA,C0C_TIP,C0C_CHI,COC_MNE_UNI,C0C_MNE_BER,COC_DES,COC_DES_FRM,C0C_FS,C0C_TAB1,COC_DOM,COC_DES_WEB) VALUES(880038405,'E',null,'OGGETTO.V_W3GARE.W3','W3_V_W3GARE_OGG','Oggetto','Oggetto','A1024',null,'NOTE','');
		Insert into c0campi (COC_CONTA,C0C_TIP,C0C_CHI,COC_MNE_UNI,C0C_MNE_BER,COC_DES,COC_DES_FRM,C0C_FS,C0C_TAB1,COC_DOM,COC_DES_WEB) VALUES(880038406,'E',null,'IMPORTO_GARA.V_W3GARE.W3','W3_V_W3GARE_IMPORTO','Importo totale','Importo totale','F15',null,'MONEY','');
		Insert into c0campi (COC_CONTA,C0C_TIP,C0C_CHI,COC_MNE_UNI,C0C_MNE_BER,COC_DES,COC_DES_FRM,C0C_FS,C0C_TAB1,COC_DOM,COC_DES_WEB) VALUES(880038407,'E',null,'NUMGARA.V_W3GARE.W3','W3_V_W3GARE_NUMGARA','Codice della gara','Codice della gara','N10',null,null,'');
		Insert into c0campi (COC_CONTA,C0C_TIP,C0C_CHI,COC_MNE_UNI,C0C_MNE_BER,COC_DES,COC_DES_FRM,C0C_FS,C0C_TAB1,COC_DOM,COC_DES_WEB) VALUES(880038408,'E',null,'TIPO_GARA.V_W3GARE.W3','W3_V_W3GARE_RUP_TIPO','Tipo gara','Tipo gara','A1',null,null,'');
		Insert into c0campi (COC_CONTA,C0C_TIP,C0C_CHI,COC_MNE_UNI,C0C_MNE_BER,COC_DES,COC_DES_FRM,C0C_FS,C0C_TAB1,COC_DOM,COC_DES_WEB) VALUES(777010001,'E','P','NUMGARA.W3GARA.W3','W3_GARA_NUMGARA','Codice della gara','Codice gara','N10',null,null,'');
		Insert into c0campi (COC_CONTA,C0C_TIP,C0C_CHI,COC_MNE_UNI,C0C_MNE_BER,COC_DES,COC_DES_FRM,C0C_FS,C0C_TAB1,COC_DOM,COC_DES_WEB) VALUES(777010002,'E',null,'OGGETTO.W3GARA.W3','W3_GARA_OGGETTO','Oggetto','Oggetto','A1024',null,'NOTE','');
		Insert into c0campi (COC_CONTA,C0C_TIP,C0C_CHI,COC_MNE_UNI,C0C_MNE_BER,COC_DES,COC_DES_FRM,C0C_FS,C0C_TAB1,COC_DOM,COC_DES_WEB) VALUES(777010003,'E',null,'RUP_CODTEC.W3GARA.W3','W3_GARA_RUP_CODTEC','RUP','RUP','A10',null,null,'');
		Insert into c0campi (COC_CONTA,C0C_TIP,C0C_CHI,COC_MNE_UNI,C0C_MNE_BER,COC_DES,COC_DES_FRM,C0C_FS,C0C_TAB1,COC_DOM,COC_DES_WEB) VALUES(777010004,'E',null,'ID_GARA.W3GARA.W3','W3_GARA_ID_GARA','Numero gara SIMOG','Numero gara SIMOG','A20',null,null,'');
		Insert into c0campi (COC_CONTA,C0C_TIP,C0C_CHI,COC_MNE_UNI,C0C_MNE_BER,COC_DES,COC_DES_FRM,C0C_FS,C0C_TAB1,COC_DOM,COC_DES_WEB) VALUES(777010005,'E',null,'IMPORTO_GARA.W3GARA.W3','W3_GARA_IMPORTO_GARA','Importo totale','Importo totale','F15',null,'MONEY','');
		Insert into c0campi (COC_CONTA,C0C_TIP,C0C_CHI,COC_MNE_UNI,C0C_MNE_BER,COC_DES,COC_DES_FRM,C0C_FS,C0C_TAB1,COC_DOM,COC_DES_WEB) VALUES(777010006,'E',null,'IMPORTO_SA_GARA.W3GARA.W3','W3_GARA_IMPORTO_SA','Importo contributo dovuto dalla stazione appaltante','Importo contributo','F15',null,'MONEY','Importo contributo dovuto dalla stazione appaltante');
		Insert into c0campi (COC_CONTA,C0C_TIP,C0C_CHI,COC_MNE_UNI,C0C_MNE_BER,COC_DES,COC_DES_FRM,C0C_FS,C0C_TAB1,COC_DOM,COC_DES_WEB) VALUES(777010007,'E',null,'DATA_CANCELLAZIONE_GARA.W3GARA.W3','W3_GARA_DATA_CANCELL','Data cancellazione','Data cancellazione','DT',null,'DATA_ELDA','Data cancellazione');
		Insert into c0campi (COC_CONTA,C0C_TIP,C0C_CHI,COC_MNE_UNI,C0C_MNE_BER,COC_DES,COC_DES_FRM,C0C_FS,C0C_TAB1,COC_DOM,COC_DES_WEB) VALUES(777010008,'E',null,'DATA_TERMINE_PAGAMENTO.W3GARA.W3','W3_GARA_DATA_TERMINE','Data scadenza pagamenti','Data scadenza','DT',null,'DATA_ELDA','Data scadenza pagamenti');
		Insert into c0campi (COC_CONTA,C0C_TIP,C0C_CHI,COC_MNE_UNI,C0C_MNE_BER,COC_DES,COC_DES_FRM,C0C_FS,C0C_TAB1,COC_DOM,COC_DES_WEB) VALUES(777010009,'E',null,'DATA_COMUN.W3GARA.W3','W3_GARA_DATA_COMUN','Data comunicazione informazioni a sistema riscossione','Data comunicazione','DT',null,'DATA_ELDA','Data comunicazione informazioni a sistema riscossione');
		Insert into c0campi (COC_CONTA,C0C_TIP,C0C_CHI,COC_MNE_UNI,C0C_MNE_BER,COC_DES,COC_DES_FRM,C0C_FS,C0C_TAB1,COC_DOM,COC_DES_WEB) VALUES(777010010,'E',null,'DATA_INIB_PAGAM.W3GARA.W3','W3_GARA_DATA_INIB','Data inibizione pagamento per sistema riscossione',null,'DT',null,'DATA_ELDA','Data inibizione pagamento per sistema riscossione');
		Insert into c0campi (COC_CONTA,C0C_TIP,C0C_CHI,COC_MNE_UNI,C0C_MNE_BER,COC_DES,COC_DES_FRM,C0C_FS,C0C_TAB1,COC_DOM,COC_DES_WEB) VALUES(777010011,'E',null,'DATA_CONFERMA_GARA.W3GARA.W3','W3_GARA_DATA_CONFERMA','Data operazione perfezionamento/pubblicazione','Data perf./pubbl.','DT',null,'DATA_ELDA','Data operazione perfezionamento/pubblicazione');
		Insert into c0campi (COC_CONTA,C0C_TIP,C0C_CHI,COC_MNE_UNI,C0C_MNE_BER,COC_DES,COC_DES_FRM,C0C_FS,C0C_TAB1,COC_DOM,COC_DES_WEB) VALUES(777010012,'E',null,'TIPO_SCHEDA.W3GARA.W3','W3_GARA_TIPO_SCHEDA','Tipo di settore','Tipo di settore','A100','W3z08',null,'');
		Insert into c0campi (COC_CONTA,C0C_TIP,C0C_CHI,COC_MNE_UNI,C0C_MNE_BER,COC_DES,COC_DES_FRM,C0C_FS,C0C_TAB1,COC_DOM,COC_DES_WEB) VALUES(777010013,'E',null,'MODO_INDIZIONE.W3GARA.W3','W3_GARA_MODO_IND','Modalità di indizione','Modalità indizione','A100','W3008',null,'Modalità di indizione');
		Insert into c0campi (COC_CONTA,C0C_TIP,C0C_CHI,COC_MNE_UNI,C0C_MNE_BER,COC_DES,COC_DES_FRM,C0C_FS,C0C_TAB1,COC_DOM,COC_DES_WEB) VALUES(777010014,'E',null,'MODO_REALIZZAZIONE.W3GARA.W3','W3_GARA_MODO_REALIZZ','Modalità di realizzazione','Modalità realizz.','A100','W3999',null,'Modalità di realizzazione');
		Insert into c0campi (COC_CONTA,C0C_TIP,C0C_CHI,COC_MNE_UNI,C0C_MNE_BER,COC_DES,COC_DES_FRM,C0C_FS,C0C_TAB1,COC_DOM,COC_DES_WEB) VALUES(777010015,'E',null,'ID_MOTIVAZIONE.W3GARA.W3','W3_GARA_ID_MOTIV','Motivo della cancellazione','Motivo canc.','A5','W3z14',null,'Motivo cancellazione');
		Insert into c0campi (COC_CONTA,C0C_TIP,C0C_CHI,COC_MNE_UNI,C0C_MNE_BER,COC_DES,COC_DES_FRM,C0C_FS,C0C_TAB1,COC_DOM,COC_DES_WEB) VALUES(777010016,'E',null,'NOTE_CANC.W3GARA.W3','W3_GARA_NOTE_CANC','Note a giustificazione della cancellazione','Note cancellazione','A1000',null,'NOTE','Note a giustificazione della cancellazione');
		Insert into c0campi (COC_CONTA,C0C_TIP,C0C_CHI,COC_MNE_UNI,C0C_MNE_BER,COC_DES,COC_DES_FRM,C0C_FS,C0C_TAB1,COC_DOM,COC_DES_WEB) VALUES(777010017,'E',null,'CIG_ACC_QUADRO.W3GARA.W3','W3_GARA_CIG_ACC_QUA','CIG dell''accordo quadro','CIG accordo quadro','A10',null,null,'CIG dell''accordo quadro');
		Insert into c0campi (COC_CONTA,C0C_TIP,C0C_CHI,COC_MNE_UNI,C0C_MNE_BER,COC_DES,COC_DES_FRM,C0C_FS,C0C_TAB1,COC_DOM,COC_DES_WEB) VALUES(777010018,'E',null,'NUMERO_LOTTI.W3GARA.W3','W3_GARA_NUMERO_LOTTI','Numero lotti che costituiranno la gara','Numero lotti','N5',null,null,'');
		Insert into c0campi (COC_CONTA,C0C_TIP,C0C_CHI,COC_MNE_UNI,C0C_MNE_BER,COC_DES,COC_DES_FRM,C0C_FS,C0C_TAB1,COC_DOM,COC_DES_WEB) VALUES(777010019,'E',null,'DATA_CREAZIONE.W3GARA.W3','W3_GARA_DATA_CREAZ','Data creazione gara ed assegnazione del numero gara','Data creazione','DT',null,'DATA_ELDA','Data creazione gara ed assegnazione del numero gara');
		Insert into c0campi (COC_CONTA,C0C_TIP,C0C_CHI,COC_MNE_UNI,C0C_MNE_BER,COC_DES,COC_DES_FRM,C0C_FS,C0C_TAB1,COC_DOM,COC_DES_WEB) VALUES(777010020,'E',null,'ID_OSSERVATORIO.W3GARA.W3','W3_GARA_ID_OSSERV','Id. osservatorio regionale','Id. osser. regionale','A20',null,null,'Id. osservatorio regionale');
		Insert into c0campi (COC_CONTA,C0C_TIP,C0C_CHI,COC_MNE_UNI,C0C_MNE_BER,COC_DES,COC_DES_FRM,C0C_FS,C0C_TAB1,COC_DOM,COC_DES_WEB) VALUES(777010021,'E',null,'ID_STATO_GARA.W3GARA.W3','W3_GARA_ID_STATO_GARA','Id. stato gara','Id. stato gara','A20',null,null,'');
		Insert into c0campi (COC_CONTA,C0C_TIP,C0C_CHI,COC_MNE_UNI,C0C_MNE_BER,COC_DES,COC_DES_FRM,C0C_FS,C0C_TAB1,COC_DOM,COC_DES_WEB) VALUES(777010022,'E',null,'DATA_PERFEZIONAMENTO_BANDO.W3GARA.W3','W3_GARA_DATA_PERF','Data pubblicazione','Data pubblicazione','DT',null,'DATA_ELDA','');
		Insert into c0campi (COC_CONTA,C0C_TIP,C0C_CHI,COC_MNE_UNI,C0C_MNE_BER,COC_DES,COC_DES_FRM,C0C_FS,C0C_TAB1,COC_DOM,COC_DES_WEB) VALUES(777010023,'E',null,'SYSCON.W3GARA.W3','W3_GARA_SYSCON','Codice utente proprietario','Cod. utente prop.','N12',null,null,'Codice utente proprietario');
		Insert into c0campi (COC_CONTA,C0C_TIP,C0C_CHI,COC_MNE_UNI,C0C_MNE_BER,COC_DES,COC_DES_FRM,C0C_FS,C0C_TAB1,COC_DOM,COC_DES_WEB) VALUES(777010024,'E',null,'STATO_SIMOG.W3GARA.W3','W3_GARA_STATO_SIMOG','Stato della gara','Stato della gara','A100','W3025',null,'');
		Insert into c0campi (COC_CONTA,C0C_TIP,C0C_CHI,COC_MNE_UNI,C0C_MNE_BER,COC_DES,COC_DES_FRM,C0C_FS,C0C_TAB1,COC_DOM,COC_DES_WEB) VALUES(777010025,'E',null,'TIPO_OPERAZIONE.W3GARA.W3','W3_GARA_TIPO_OPERAZIO','Tipo operazione','Tipo operazione','A100','W3z15',null,'');
		Insert into c0campi (COC_CONTA,C0C_TIP,C0C_CHI,COC_MNE_UNI,C0C_MNE_BER,COC_DES,COC_DES_FRM,C0C_FS,C0C_TAB1,COC_DOM,COC_DES_WEB) VALUES(777010026,'E',null,'GARA_UUID.W3GARA.W3','W3_GARA_UUID','UUID della gara','UUID della gara','A40',null,null,'');
		Insert into c0campi (COC_CONTA,C0C_TIP,C0C_CHI,COC_MNE_UNI,C0C_MNE_BER,COC_DES,COC_DES_FRM,C0C_FS,C0C_TAB1,COC_DOM,COC_DES_WEB) VALUES(777010027,'E',null,'COLLABORAZIONE.W3GARA.W3','W3_GARA_COLL','Collaborazione (amministrazione/stazione appaltante)','Collaborazione','N10',null,null,'Collaborazione (amministrazione/stazione appaltante)');
		Insert into c0campi (COC_CONTA,C0C_TIP,C0C_CHI,COC_MNE_UNI,C0C_MNE_BER,COC_DES,COC_DES_FRM,C0C_FS,C0C_TAB1,COC_DOM,COC_DES_WEB) VALUES(777010028,'E',null,'DATA_GUCE.W3GARA.W3','W3_GARA_DATA_GUCE','Data pubblicazione GUUE','Data pubb. GUUE','A10',null,'DATA_ELDA','Gazzetta Ufficiale Unione Europea');
		Insert into c0campi (COC_CONTA,C0C_TIP,C0C_CHI,COC_MNE_UNI,C0C_MNE_BER,COC_DES,COC_DES_FRM,C0C_FS,C0C_TAB1,COC_DOM,COC_DES_WEB) VALUES(777010029,'E',null,'DATA_GURI.W3GARA.W3','W3_GARA_DATA_GURI','Data pubblicazione Gazzetta Ufficiale','Data pubb. GURI','A10',null,'DATA_ELDA','Gazzetta Ufficiale Repubblica Italiana');
		Insert into c0campi (COC_CONTA,C0C_TIP,C0C_CHI,COC_MNE_UNI,C0C_MNE_BER,COC_DES,COC_DES_FRM,C0C_FS,C0C_TAB1,COC_DOM,COC_DES_WEB) VALUES(777010030,'E',null,'DATA_ALBO.W3GARA.W3','W3_GARA_DATA_ALBO','Data pubblicazione Albo Pretorio','Data pubb. ALBO','A10',null,'DATA_ELDA','Albo Pretorio');
		Insert into c0campi (COC_CONTA,C0C_TIP,C0C_CHI,COC_MNE_UNI,C0C_MNE_BER,COC_DES,COC_DES_FRM,C0C_FS,C0C_TAB1,COC_DOM,COC_DES_WEB) VALUES(777010031,'E',null,'DATA_BORE.W3GARA.W3','W3_GARA_DATA_BORE','Data pubblicazione Bollettino Regionale','Data pubb. BORE','A10',null,'DATA_ELDA','Bollettino Regionale');
		Insert into c0campi (COC_CONTA,C0C_TIP,C0C_CHI,COC_MNE_UNI,C0C_MNE_BER,COC_DES,COC_DES_FRM,C0C_FS,C0C_TAB1,COC_DOM,COC_DES_WEB) VALUES(777010032,'E',null,'QUOTIDIANI_NAZ.W3GARA.W3','W3_GARA_QUOT_NAZ','Numero inserzioni su quotidiani nazionali','N. ins. nazionali','N5',null,null,'Quotidiani nazionali');
		Insert into c0campi (COC_CONTA,C0C_TIP,C0C_CHI,COC_MNE_UNI,C0C_MNE_BER,COC_DES,COC_DES_FRM,C0C_FS,C0C_TAB1,COC_DOM,COC_DES_WEB) VALUES(777010033,'E',null,'QUOTIDIANI_REG.W3GARA.W3','W3_GARA_QUOT_REG','Numero inserzioni su quotidiani regionali','N. ins. regionali','N5',null,null,'Quotidiani regionali');
		Insert into c0campi (COC_CONTA,C0C_TIP,C0C_CHI,COC_MNE_UNI,C0C_MNE_BER,COC_DES,COC_DES_FRM,C0C_FS,C0C_TAB1,COC_DOM,COC_DES_WEB) VALUES(777010034,'E',null,'PERIODICI.W3GARA.W3','W3_GARA_PERIODICI','Numero inserzioni su periodici','N. ins. periodici','N5',null,null,'Periodici');
		Insert into c0campi (COC_CONTA,C0C_TIP,C0C_CHI,COC_MNE_UNI,C0C_MNE_BER,COC_DES,COC_DES_FRM,C0C_FS,C0C_TAB1,COC_DOM,COC_DES_WEB) VALUES(777010035,'E',null,'PROFILO_COMMITTENTE.W3GARA.W3','W3_GARA_PROF_COMM','Profilo del committente','Profilo committente','A2',null,'SN','Profilo del committente');
		Insert into c0campi (COC_CONTA,C0C_TIP,C0C_CHI,COC_MNE_UNI,C0C_MNE_BER,COC_DES,COC_DES_FRM,C0C_FS,C0C_TAB1,COC_DOM,COC_DES_WEB) VALUES(777010036,'E',null,'SITO_MINISTERO_INF_TRASF.W3GARA.W3','W3_GARA_SITO_MIN','Sito Informatico Ministero Infrastrutture','Min. infrastrutture','A2',null,'SN','Sito Informatico Ministero Infrastrutture');
		Insert into c0campi (COC_CONTA,C0C_TIP,C0C_CHI,COC_MNE_UNI,C0C_MNE_BER,COC_DES,COC_DES_FRM,C0C_FS,C0C_TAB1,COC_DOM,COC_DES_WEB) VALUES(777010037,'E',null,'SITO_OSSERVATORIO.W3GARA.W3','W3_GARA_SITO_OSSERV','Sito Informatico Osservatorio Contratti Pubblici','Oss. contratti','A2',null,'SN','Sito Informatico Osservatorio Contratti Pubblici');
		Insert into c0campi (COC_CONTA,C0C_TIP,C0C_CHI,COC_MNE_UNI,C0C_MNE_BER,COC_DES,COC_DES_FRM,C0C_FS,C0C_TAB1,COC_DOM,COC_DES_WEB) VALUES(777010038,'E',null,'NUMERO_GUCE.W3GARA.W3','W3_GARA_NUM_GUCE','Numero pubblicazione GUUE','Numero GUUE','A20',null,null,'Numero pubblicazione Gazzetta Ufficiale Unione Europea');
		Insert into c0campi (COC_CONTA,C0C_TIP,C0C_CHI,COC_MNE_UNI,C0C_MNE_BER,COC_DES,COC_DES_FRM,C0C_FS,C0C_TAB1,COC_DOM,COC_DES_WEB) VALUES(777010039,'E',null,'NUMERO_GURI.W3GARA.W3','W3_GARA_NUM_GURI','Numero pubblicazione GURI','Numero GURI','A20',null,null,'Numero pubblicazione Gazzetta Ufficiale Repubblica Italiana');
		Insert into c0campi (COC_CONTA,C0C_TIP,C0C_CHI,COC_MNE_UNI,C0C_MNE_BER,COC_DES,COC_DES_FRM,C0C_FS,C0C_TAB1,COC_DOM,COC_DES_WEB) VALUES(777010040,'E',null,'NUMERO_BORE.W3GARA.W3','W3_GARA_NUM_BORE','Numero pubblicazione BORE','Numero BORE','A20',null,null,'Numero pubblicazione Bollettino Regionale');
		Insert into c0campi (COC_CONTA,C0C_TIP,C0C_CHI,COC_MNE_UNI,C0C_MNE_BER,COC_DES,COC_DES_FRM,C0C_FS,C0C_TAB1,COC_DOM,COC_DES_WEB) VALUES(777010041,'E',null,'LINK_SITO.W3GARA.W3','W3_GARA_LINK_SITO','Link sito','Link sito','A250',null,null,'Link sito');
		Insert into c0campi (COC_CONTA,C0C_TIP,C0C_CHI,COC_MNE_UNI,C0C_MNE_BER,COC_DES,COC_DES_FRM,C0C_FS,C0C_TAB1,COC_DOM,COC_DES_WEB) VALUES(777010042,'E',null,'FLAG_BENICULT.W3GARA.W3','W3_GARA_FLAG_BENICULT','Flag beni culturali','Flag beni culturali','A2',null,'SN','Beni culturali (se il bando è "Procedura negoziata ex art. 204 comma 1 D.Lgs 163/2006")');
		Insert into c0campi (COC_CONTA,C0C_TIP,C0C_CHI,COC_MNE_UNI,C0C_MNE_BER,COC_DES,COC_DES_FRM,C0C_FS,C0C_TAB1,COC_DOM,COC_DES_WEB) VALUES(777010043,'E',null,'FLAG_SOSPESO.W3GARA.W3','W3_GARA_FLAG_SOSPESO','Flag sospeso','Flag sospeso','A2',null,'SN','Sospeso (indica se la fase di pubblicazione deve essere sospesa)');
		Insert into c0campi (COC_CONTA,C0C_TIP,C0C_CHI,COC_MNE_UNI,C0C_MNE_BER,COC_DES,COC_DES_FRM,C0C_FS,C0C_TAB1,COC_DOM,COC_DES_WEB) VALUES(777010044,'E',null,'PROVV_PRESA_CARICO.W3GARA.W3','W3_GARA_PROVV_PRESA','Estremi del provvedimento di nomina','Estremi nomina','A250',null,null,'Estremi del provvedimento di nomina');
		Insert into c0campi (COC_CONTA,C0C_TIP,C0C_CHI,COC_MNE_UNI,C0C_MNE_BER,COC_DES,COC_DES_FRM,C0C_FS,C0C_TAB1,COC_DOM,COC_DES_WEB) VALUES(777010045,'E',null,'ESCLUSO_AVCPASS.W3GARA.W3','W3_GARA_ESCLUSO_AVCP','Gara esclusa dal controllo AVCPass ?','Gara escl. AVCPass ?','A2',null,'SN','Gara esclusa dal controllo AVCPass ?');
		Insert into c0campi (COC_CONTA,C0C_TIP,C0C_CHI,COC_MNE_UNI,C0C_MNE_BER,COC_DES,COC_DES_FRM,C0C_FS,C0C_TAB1,COC_DOM,COC_DES_WEB) VALUES(777010046,'E',null,'ORA_SCADENZA.W3GARA.W3','W3_GARA_ORA_SCADENZA','Ora scadenza pagamenti','Ora scadenza','A5',null,'ORA','Ora scadenza pagamenti');
		Insert into c0campi (COC_CONTA,C0C_TIP,C0C_CHI,COC_MNE_UNI,C0C_MNE_BER,COC_DES,COC_DES_FRM,C0C_FS,C0C_TAB1,COC_DOM,COC_DES_WEB) VALUES(777010047,'E',null,'DSCAD_RICHIESTA_INVITO.W3GARA.W3','W3_GARA_DSCAD_RICH_IN','Data scadenza presentazione richieste invito','Scadenza pres. inv.','A10',null,'DATA_ELDA','Data scadenza presentazione richieste invito');
		Insert into c0campi (COC_CONTA,C0C_TIP,C0C_CHI,COC_MNE_UNI,C0C_MNE_BER,COC_DES,COC_DES_FRM,C0C_FS,C0C_TAB1,COC_DOM,COC_DES_WEB) VALUES(777010048,'E',null,'DATA_LETTERA_INVITO.W3GARA.W3','W3_GARA_DATA_LETT_INV','Data invio lettere invito','Data invio lettere','A10',null,'DATA_ELDA','Data invio lettere di invito');
		Insert into c0campi (COC_CONTA,C0C_TIP,C0C_CHI,COC_MNE_UNI,C0C_MNE_BER,COC_DES,COC_DES_FRM,C0C_FS,C0C_TAB1,COC_DOM,COC_DES_WEB) VALUES(777010049,'E',null,'URGENZA_DL133.W3GARA.W3','W3_GARA_URGENZA_DL133','La gara ha i requisiti di urgenza D.L. 133/2014 ?','Gara urgente DL133?','A2',null,'SN','La gara ha i requisiti di urgenza previsti dal D.L. 133/2014');
		Insert into c0campi (COC_CONTA,C0C_TIP,C0C_CHI,COC_MNE_UNI,C0C_MNE_BER,COC_DES,COC_DES_FRM,C0C_FS,C0C_TAB1,COC_DOM,COC_DES_WEB) VALUES(777010050,'E',null,'M_RICH_CIG.W3GARA.W3','W3_GARA_M_RICH_CIG','Motivazione richiesta CIG','Mot. richiesta CIG','A100','W3030',null,'Motivazione richiesta CIG');
		Insert into c0campi (COC_CONTA,C0C_TIP,C0C_CHI,COC_MNE_UNI,C0C_MNE_BER,COC_DES,COC_DES_FRM,C0C_FS,C0C_TAB1,COC_DOM,COC_DES_WEB) VALUES(777010051,'E',null,'M_RICH_CIG_COMUNI.W3GARA.W3','W3_GARA_M_RICH_CIG_CO','Motivazione richiesta CIG per i comuni','Mot. rich. CIG com.','A100','W3032',null,'Motivazione richiesta CIG per i comuni');
		Insert into c0campi (COC_CONTA,C0C_TIP,C0C_CHI,COC_MNE_UNI,C0C_MNE_BER,COC_DES,COC_DES_FRM,C0C_FS,C0C_TAB1,COC_DOM,COC_DES_WEB) VALUES(777010052,'E','P','NUMGARA.W3GARAREQ.W3','W3_GARAREQ_NUMGARA','Codice della gara','Codice gara','N10',null,null,'');
		Insert into c0campi (COC_CONTA,C0C_TIP,C0C_CHI,COC_MNE_UNI,C0C_MNE_BER,COC_DES,COC_DES_FRM,C0C_FS,C0C_TAB1,COC_DOM,COC_DES_WEB) VALUES(777010053,'E','P','NUMREQ.W3GARAREQ.W3','W3_GARAREQ_NUMREQ','Numero requisito','Numero requisito','N3',null,null,'');
		Insert into c0campi (COC_CONTA,C0C_TIP,C0C_CHI,COC_MNE_UNI,C0C_MNE_BER,COC_DES,COC_DES_FRM,C0C_FS,C0C_TAB1,COC_DOM,COC_DES_WEB) VALUES(777010054,'E',null,'CODICE_DETTAGLIO.W3GARAREQ.W3','W3_GARAREQ_CODICE','Codice del requisito','Codice requisito','A5',null,null,'');
		Insert into c0campi (COC_CONTA,C0C_TIP,C0C_CHI,COC_MNE_UNI,C0C_MNE_BER,COC_DES,COC_DES_FRM,C0C_FS,C0C_TAB1,COC_DOM,COC_DES_WEB) VALUES(777010055,'E',null,'DESCRIZIONE.W3GARAREQ.W3','W3_GARAREQ_DESCRIZION','Descrizione','Descrizione','A80',null,null,'');
		Insert into c0campi (COC_CONTA,C0C_TIP,C0C_CHI,COC_MNE_UNI,C0C_MNE_BER,COC_DES,COC_DES_FRM,C0C_FS,C0C_TAB1,COC_DOM,COC_DES_WEB) VALUES(777010056,'E',null,'VALORE.W3GARAREQ.W3','W3_GARAREQ_VALORE','Valore','Valore','A20',null,null,'');
		Insert into c0campi (COC_CONTA,C0C_TIP,C0C_CHI,COC_MNE_UNI,C0C_MNE_BER,COC_DES,COC_DES_FRM,C0C_FS,C0C_TAB1,COC_DOM,COC_DES_WEB) VALUES(777010057,'E',null,'FLAG_ESCLUSIONE.W3GARAREQ.W3','W3_GARAREQ_FL_ESCL','Il requisito, se non soddisfatto, implica l''esclusione ?','Impl. esclusione ?','A2',null,'SN','Il requisito, se non soddisfatto, implica l''esclusione ?');
		Insert into c0campi (COC_CONTA,C0C_TIP,C0C_CHI,COC_MNE_UNI,C0C_MNE_BER,COC_DES,COC_DES_FRM,C0C_FS,C0C_TAB1,COC_DOM,COC_DES_WEB) VALUES(777010058,'E',null,'FLAG_COMPROVA_OFFERTA.W3GARAREQ.W3','W3_GARAREQ_FL_COMPR','Requisito da comprovare in sede di presentazione offerta ?','Da comprovare ?','A2',null,'SN','Requisito da comprovare in sede di presentazione offerta ?');
		Insert into c0campi (COC_CONTA,C0C_TIP,C0C_CHI,COC_MNE_UNI,C0C_MNE_BER,COC_DES,COC_DES_FRM,C0C_FS,C0C_TAB1,COC_DOM,COC_DES_WEB) VALUES(777010059,'E',null,'FLAG_AVVALIMENTO.W3GARAREQ.W3','W3_GARAREQ_FL_AVVAL','Requisito proveniente da avvalimento ?','Da avvalimento ?','A2',null,'SN','Requisito proveniente da avvalimento ?');
		Insert into c0campi (COC_CONTA,C0C_TIP,C0C_CHI,COC_MNE_UNI,C0C_MNE_BER,COC_DES,COC_DES_FRM,C0C_FS,C0C_TAB1,COC_DOM,COC_DES_WEB) VALUES(777010060,'E',null,'FLAG_BANDO_TIPO.W3GARAREQ.W3','W3_GARAREQ_FL_BAND','Requisito presente nel bando tipo ?','Presente nel bando ?','A2',null,'SN','Requisito presente nel bando tipo ?');
		Insert into c0campi (COC_CONTA,C0C_TIP,C0C_CHI,COC_MNE_UNI,C0C_MNE_BER,COC_DES,COC_DES_FRM,C0C_FS,C0C_TAB1,COC_DOM,COC_DES_WEB) VALUES(777010061,'E',null,'FLAG_RISERVATEZZA.W3GARAREQ.W3','W3_GARAREQ_FL_RISER','Requisito sottoposto a riservatezza ?','Riservatezza ?','A2',null,'SN','Requisito sottoposto a riservatezza ?');
		Insert into c0campi (COC_CONTA,C0C_TIP,C0C_CHI,COC_MNE_UNI,C0C_MNE_BER,COC_DES,COC_DES_FRM,C0C_FS,C0C_TAB1,COC_DOM,COC_DES_WEB) VALUES(777010062,'E','P','NUMGARA.W3GARAREQCIG.W3','W3_GARARCI_NUMGARA','Codice della gara','Codice gara','N10',null,null,'');
		Insert into c0campi (COC_CONTA,C0C_TIP,C0C_CHI,COC_MNE_UNI,C0C_MNE_BER,COC_DES,COC_DES_FRM,C0C_FS,C0C_TAB1,COC_DOM,COC_DES_WEB) VALUES(777010063,'E','P','NUMREQ.W3GARAREQCIG.W3','W3_GARARCI_NUMREQ','Numero requisito','Numero requisito','N3',null,null,'');
		Insert into c0campi (COC_CONTA,C0C_TIP,C0C_CHI,COC_MNE_UNI,C0C_MNE_BER,COC_DES,COC_DES_FRM,C0C_FS,C0C_TAB1,COC_DOM,COC_DES_WEB) VALUES(777010064,'E','P','NUMCIG.W3GARAREQCIG.W3','W3_GARARCI_NUMCIG','Progressivo cig','Progressivo cig','N3',null,null,'');
		Insert into c0campi (COC_CONTA,C0C_TIP,C0C_CHI,COC_MNE_UNI,C0C_MNE_BER,COC_DES,COC_DES_FRM,C0C_FS,C0C_TAB1,COC_DOM,COC_DES_WEB) VALUES(777010065,'E',null,'CIG.W3GARAREQCIG.W3','W3_GARARCI_CIG','CIG','CIG','A10',null,null,'');
		Insert into c0campi (COC_CONTA,C0C_TIP,C0C_CHI,COC_MNE_UNI,C0C_MNE_BER,COC_DES,COC_DES_FRM,C0C_FS,C0C_TAB1,COC_DOM,COC_DES_WEB) VALUES(777010066,'E','P','NUMGARA.W3GARAREQDOC.W3','W3_GARARDO_NUMGARA','Codice della gara','Codice gara','N10',null,null,'');
		Insert into c0campi (COC_CONTA,C0C_TIP,C0C_CHI,COC_MNE_UNI,C0C_MNE_BER,COC_DES,COC_DES_FRM,C0C_FS,C0C_TAB1,COC_DOM,COC_DES_WEB) VALUES(777010067,'E','P','NUMREQ.W3GARAREQDOC.W3','W3_GARARDO_NUMREQ','Numero requisito','Numero requisito','N3',null,null,'');
		Insert into c0campi (COC_CONTA,C0C_TIP,C0C_CHI,COC_MNE_UNI,C0C_MNE_BER,COC_DES,COC_DES_FRM,C0C_FS,C0C_TAB1,COC_DOM,COC_DES_WEB) VALUES(777010068,'E','P','NUMDOC.W3GARAREQDOC.W3','W3_GARARDO_NUMDOC','Numero documento','Numero documento','N3',null,null,'');
		Insert into c0campi (COC_CONTA,C0C_TIP,C0C_CHI,COC_MNE_UNI,C0C_MNE_BER,COC_DES,COC_DES_FRM,C0C_FS,C0C_TAB1,COC_DOM,COC_DES_WEB) VALUES(777010069,'E',null,'CODICE_TIPO_DOC.W3GARAREQDOC.W3','W3_GARARDO_CODICE','Codice tipo documento','Codice tipo doc.','A100','W3029',null,'');
		Insert into c0campi (COC_CONTA,C0C_TIP,C0C_CHI,COC_MNE_UNI,C0C_MNE_BER,COC_DES,COC_DES_FRM,C0C_FS,C0C_TAB1,COC_DOM,COC_DES_WEB) VALUES(777010070,'E',null,'DESCRIZIONE.W3GARAREQDOC.W3','W3_GARARDO_DESCR','Descrizione','Descrizione','A800',null,null,'');
		Insert into c0campi (COC_CONTA,C0C_TIP,C0C_CHI,COC_MNE_UNI,C0C_MNE_BER,COC_DES,COC_DES_FRM,C0C_FS,C0C_TAB1,COC_DOM,COC_DES_WEB) VALUES(777010071,'E',null,'EMETTITORE.W3GARAREQDOC.W3','W3_GARARDO_EMETT','Ente emettitore','Ente emettitore','A300',null,null,'');
		Insert into c0campi (COC_CONTA,C0C_TIP,C0C_CHI,COC_MNE_UNI,C0C_MNE_BER,COC_DES,COC_DES_FRM,C0C_FS,C0C_TAB1,COC_DOM,COC_DES_WEB) VALUES(777010072,'E',null,'FAX.W3GARAREQDOC.W3','W3_GARARDO_FAX','Fax dell''ente emettitore','Fax dell''ente','A13',null,null,'');
		Insert into c0campi (COC_CONTA,C0C_TIP,C0C_CHI,COC_MNE_UNI,C0C_MNE_BER,COC_DES,COC_DES_FRM,C0C_FS,C0C_TAB1,COC_DOM,COC_DES_WEB) VALUES(777010073,'E',null,'TELEFONO.W3GARAREQDOC.W3','W3_GARARDO_TELEFONO','Telefono dell''ente emettitore','Telefono dell''ente','A13',null,null,'');
		Insert into c0campi (COC_CONTA,C0C_TIP,C0C_CHI,COC_MNE_UNI,C0C_MNE_BER,COC_DES,COC_DES_FRM,C0C_FS,C0C_TAB1,COC_DOM,COC_DES_WEB) VALUES(777010074,'E',null,'MAIL.W3GARAREQDOC.W3','W3_GARARDO_MAIL','Indirizzo mail dell''ente emettitore','Mail dell''ente','A80',null,null,'');
		Insert into c0campi (COC_CONTA,C0C_TIP,C0C_CHI,COC_MNE_UNI,C0C_MNE_BER,COC_DES,COC_DES_FRM,C0C_FS,C0C_TAB1,COC_DOM,COC_DES_WEB) VALUES(777010075,'E',null,'MAIL_PEC.W3GARAREQDOC.W3','W3_GARARDO_MAIL_PEC','Indirizzo mail pec dell''ente emettitore','Mail prec dell''ente','A80',null,null,'');
		Insert into c0campi (COC_CONTA,C0C_TIP,C0C_CHI,COC_MNE_UNI,C0C_MNE_BER,COC_DES,COC_DES_FRM,C0C_FS,C0C_TAB1,COC_DOM,COC_DES_WEB) VALUES(778010001,'E','P','NUMGARA.W3GARAMERC.W3','W3_GARAMERC_NUMGARA','Codice della gara','Codice gara','N10',null,null,'');
		Insert into c0campi (COC_CONTA,C0C_TIP,C0C_CHI,COC_MNE_UNI,C0C_MNE_BER,COC_DES,COC_DES_FRM,C0C_FS,C0C_TAB1,COC_DOM,COC_DES_WEB) VALUES(778010002,'E','P','NUMMERC.W3GARAMERC.W3','W3_GARAMERC_NUMMERC','Numero categoria merceologica','Numero cat. merc.','N3',null,null,'');
		Insert into c0campi (COC_CONTA,C0C_TIP,C0C_CHI,COC_MNE_UNI,C0C_MNE_BER,COC_DES,COC_DES_FRM,C0C_FS,C0C_TAB1,COC_DOM,COC_DES_WEB) VALUES(778010003,'E',null,'CATEGORIA.W3GARAMERC.W3','W3_GARAMERC_CATEGORIA','Categoria merceologica','Cat. merceologica','A100','W3031',null,'');
		Insert into c0campi (COC_CONTA,C0C_TIP,C0C_CHI,COC_MNE_UNI,C0C_MNE_BER,COC_DES,COC_DES_FRM,C0C_FS,C0C_TAB1,COC_DOM,COC_DES_WEB) VALUES(787010001,'E','P','NUMGARA.W3GARADOC.W3','W3_GARADOC_NUMGARA','Codice della gara','Codice gara','N10',null,null,'');
		Insert into c0campi (COC_CONTA,C0C_TIP,C0C_CHI,COC_MNE_UNI,C0C_MNE_BER,COC_DES,COC_DES_FRM,C0C_FS,C0C_TAB1,COC_DOM,COC_DES_WEB) VALUES(787010002,'E','P','NUMDOC.W3GARADOC.W3','W3_GARADOC_NUMDOC','Numero documento','Numero documento','N3',null,null,'');
		Insert into c0campi (COC_CONTA,C0C_TIP,C0C_CHI,COC_MNE_UNI,C0C_MNE_BER,COC_DES,COC_DES_FRM,C0C_FS,C0C_TAB1,COC_DOM,COC_DES_WEB) VALUES(787010003,'E',null,'TIPO_DOCUMENTO.W3GARADOC.W3','W3_GARADOC_TIPO','Tipo documento','Tipo documento','A100','W3z16',null,'');
		Insert into c0campi (COC_CONTA,C0C_TIP,C0C_CHI,COC_MNE_UNI,C0C_MNE_BER,COC_DES,COC_DES_FRM,C0C_FS,C0C_TAB1,COC_DOM,COC_DES_WEB) VALUES(787010004,'E',null,'NOTE_DOCUMENTO.W3GARADOC.W3','W3_GARADOC_NOTE','Note','Note','A2000',null,'NOTE','');
		Insert into c0campi (COC_CONTA,C0C_TIP,C0C_CHI,COC_MNE_UNI,C0C_MNE_BER,COC_DES,COC_DES_FRM,C0C_FS,C0C_TAB1,COC_DOM,COC_DES_WEB) VALUES(787010005,'E',null,'NOME_DOCUMENTO.W3GARADOC.W3','W3_GARADOC_NOME','Nome documento','Nome documento','A200',null,null,'');
		Insert into c0campi (COC_CONTA,C0C_TIP,C0C_CHI,COC_MNE_UNI,C0C_MNE_BER,COC_DES,COC_DES_FRM,C0C_FS,C0C_TAB1,COC_DOM,COC_DES_WEB) VALUES(787010006,'E','P','NUMGARA.W3LOTT.W3','W3_LOTT_NUMGARA','Codice gara','Codice gara','N10',null,null,'');
		Insert into c0campi (COC_CONTA,C0C_TIP,C0C_CHI,COC_MNE_UNI,C0C_MNE_BER,COC_DES,COC_DES_FRM,C0C_FS,C0C_TAB1,COC_DOM,COC_DES_WEB) VALUES(787010007,'E','P','NUMLOTT.W3LOTT.W3','W3_LOTT_NUMLOTT','Numero lotto','Numero lotto','N10',null,null,'');
		Insert into c0campi (COC_CONTA,C0C_TIP,C0C_CHI,COC_MNE_UNI,C0C_MNE_BER,COC_DES,COC_DES_FRM,C0C_FS,C0C_TAB1,COC_DOM,COC_DES_WEB) VALUES(787010008,'E',null,'CIG.W3LOTT.W3','W3_LOTT_CIG','Codice CIG','Codice CIG','A10',null,null,'');
		Insert into c0campi (COC_CONTA,C0C_TIP,C0C_CHI,COC_MNE_UNI,C0C_MNE_BER,COC_DES,COC_DES_FRM,C0C_FS,C0C_TAB1,COC_DOM,COC_DES_WEB) VALUES(787010009,'E',null,'OGGETTO.W3LOTT.W3','W3_LOTT_OGGETTO','Oggetto','Oggetto','A1024',null,'NOTE','');
		Insert into c0campi (COC_CONTA,C0C_TIP,C0C_CHI,COC_MNE_UNI,C0C_MNE_BER,COC_DES,COC_DES_FRM,C0C_FS,C0C_TAB1,COC_DOM,COC_DES_WEB) VALUES(787010010,'E',null,'SOMMA_URGENZA.W3LOTT.W3','W3_LOTT_SOMMAURGENZA','Somma urgenza ?','Somma urgenza ?','A2',null,'SN','');
		Insert into c0campi (COC_CONTA,C0C_TIP,C0C_CHI,COC_MNE_UNI,C0C_MNE_BER,COC_DES,COC_DES_FRM,C0C_FS,C0C_TAB1,COC_DOM,COC_DES_WEB) VALUES(787010011,'E',null,'IMPORTO_LOTTO.W3LOTT.W3','W3_LOTT_IMPORTO_LOTTO','Importo totale','Importo totale','F15',null,'MONEY','Importo totale');
		Insert into c0campi (COC_CONTA,C0C_TIP,C0C_CHI,COC_MNE_UNI,C0C_MNE_BER,COC_DES,COC_DES_FRM,C0C_FS,C0C_TAB1,COC_DOM,COC_DES_WEB) VALUES(787010012,'E',null,'IMPORTO_SA.W3LOTT.W3','W3_LOTT_IMPORTO_SA','Importo dovuto dalla stazione appaltante','Importo dovuto S.A.','F15',null,'MONEY','Importo dovuto dalla stazione appaltante');
		Insert into c0campi (COC_CONTA,C0C_TIP,C0C_CHI,COC_MNE_UNI,C0C_MNE_BER,COC_DES,COC_DES_FRM,C0C_FS,C0C_TAB1,COC_DOM,COC_DES_WEB) VALUES(787010013,'E',null,'IMPORTO_IMPRESA.W3LOTT.W3','W3_LOTT_IMPORTO_IMP','Importo dovuto dall''impresa','Importo impresa','F15',null,'MONEY','Importo dovuto dall''impresa');
		Insert into c0campi (COC_CONTA,C0C_TIP,C0C_CHI,COC_MNE_UNI,C0C_MNE_BER,COC_DES,COC_DES_FRM,C0C_FS,C0C_TAB1,COC_DOM,COC_DES_WEB) VALUES(787010014,'E',null,'CPV.W3LOTT.W3','W3_LOTT_CPV','Codice CPV','Codice CPV','A12',null,null,'');
		Insert into c0campi (COC_CONTA,C0C_TIP,C0C_CHI,COC_MNE_UNI,C0C_MNE_BER,COC_DES,COC_DES_FRM,C0C_FS,C0C_TAB1,COC_DOM,COC_DES_WEB) VALUES(787010015,'E',null,'ID_SCELTA_CONTRAENTE.W3LOTT.W3','W3_LOTT_ID_SCELTA','Procedura di scelta del contraente','Proc. scelta contr.','A100','W3005',null,'Procedura di scelta del contraente');
		Insert into c0campi (COC_CONTA,C0C_TIP,C0C_CHI,COC_MNE_UNI,C0C_MNE_BER,COC_DES,COC_DES_FRM,C0C_FS,C0C_TAB1,COC_DOM,COC_DES_WEB) VALUES(787010016,'E',null,'ID_CATEGORIA_PREVALENTE.W3LOTT.W3','W3_LOTT_ID_CATEGORIA','Categoria prevalente','Categ. prevalente','A100','W3z03',null,'Categoria prevalente');
		Insert into c0campi (COC_CONTA,C0C_TIP,C0C_CHI,COC_MNE_UNI,C0C_MNE_BER,COC_DES,COC_DES_FRM,C0C_FS,C0C_TAB1,COC_DOM,COC_DES_WEB) VALUES(787010017,'E',null,'DATA_PUBBLICAZIONE.W3LOTT.W3','W3_LOTT_DATA_PUBBL','Data operazione perfezionamento/pubblicazione','Data pubblicazione','A10',null,'DATA_ELDA','Data operazione perfezionamento/pubblicazione');
		Insert into c0campi (COC_CONTA,C0C_TIP,C0C_CHI,COC_MNE_UNI,C0C_MNE_BER,COC_DES,COC_DES_FRM,C0C_FS,C0C_TAB1,COC_DOM,COC_DES_WEB) VALUES(787010018,'E',null,'DATA_SCADENZA_PAGAMENTI.W3LOTT.W3','W3_LOTT_DATA_SCAD_PAG','Data scadenza pagamenti','Data scadenza pag.','A10',null,'DATA_ELDA','Data scadenza pagamenti');
		Insert into c0campi (COC_CONTA,C0C_TIP,C0C_CHI,COC_MNE_UNI,C0C_MNE_BER,COC_DES,COC_DES_FRM,C0C_FS,C0C_TAB1,COC_DOM,COC_DES_WEB) VALUES(787010019,'E',null,'DATA_COMUNICAZIONE.W3LOTT.W3','W3_LOTT_DATA_COMUNIC','Data comunicazione informazioni al sistema di riscossione','Data comunicazione','A10',null,'DATA_ELDA','Data comunicazione informazioni al sistema di riscossione');
		Insert into c0campi (COC_CONTA,C0C_TIP,C0C_CHI,COC_MNE_UNI,C0C_MNE_BER,COC_DES,COC_DES_FRM,C0C_FS,C0C_TAB1,COC_DOM,COC_DES_WEB) VALUES(787010020,'E',null,'DATA_INIB_PAGAMENTO.W3LOTT.W3','W3_LOTT_DATA_INIB_PAG','Data inibizione pagamento per sistema di riscossione','Data inib. pagamento','A10',null,'DATA_ELDA','Data inibizione pagamento per sistema di riscossione');
		Insert into c0campi (COC_CONTA,C0C_TIP,C0C_CHI,COC_MNE_UNI,C0C_MNE_BER,COC_DES,COC_DES_FRM,C0C_FS,C0C_TAB1,COC_DOM,COC_DES_WEB) VALUES(787010021,'E',null,'ID_MOTIVAZIONE.W3LOTT.W3','W3_LOTT_ID_MOTIVAZIO','Motivo cancellazione','Motivo canc.','A5','W3z13',null,'Motivo cancellazione');
		Insert into c0campi (COC_CONTA,C0C_TIP,C0C_CHI,COC_MNE_UNI,C0C_MNE_BER,COC_DES,COC_DES_FRM,C0C_FS,C0C_TAB1,COC_DOM,COC_DES_WEB) VALUES(787010022,'E',null,'NOTE_CANC.W3LOTT.W3','W3_LOTT_NOTE_CANC','Note a giustificazione della cancellazione','Note cancellazione','A1000',null,null,'Note a giustificazione della cancellazione');
		Insert into c0campi (COC_CONTA,C0C_TIP,C0C_CHI,COC_MNE_UNI,C0C_MNE_BER,COC_DES,COC_DES_FRM,C0C_FS,C0C_TAB1,COC_DOM,COC_DES_WEB) VALUES(787010023,'E',null,'TIPO_CONTRATTO.W3LOTT.W3','W3_LOTT_TIPO_CONTR','Tipo contratto','Tipo contratto','A100','W3z05',null,'');
		Insert into c0campi (COC_CONTA,C0C_TIP,C0C_CHI,COC_MNE_UNI,C0C_MNE_BER,COC_DES,COC_DES_FRM,C0C_FS,C0C_TAB1,COC_DOM,COC_DES_WEB) VALUES(787010024,'E',null,'FLAG_ESCLUSO.W3LOTT.W3','W3_LOTT_FLAG_ESCLUSO','Contratto escluso ?','Contratto escluso ?','A2',null,'SN','');
		Insert into c0campi (COC_CONTA,C0C_TIP,C0C_CHI,COC_MNE_UNI,C0C_MNE_BER,COC_DES,COC_DES_FRM,C0C_FS,C0C_TAB1,COC_DOM,COC_DES_WEB) VALUES(787010025,'E',null,'LUOGO_ISTAT.W3LOTT.W3','W3_LOTT_LUOGO_ISTAT','Codice ISTAT','Codice ISTAT','A20',null,null,'Codice ISTAT');
		Insert into c0campi (COC_CONTA,C0C_TIP,C0C_CHI,COC_MNE_UNI,C0C_MNE_BER,COC_DES,COC_DES_FRM,C0C_FS,C0C_TAB1,COC_DOM,COC_DES_WEB) VALUES(787010026,'E',null,'LUOGO_NUTS.W3LOTT.W3','W3_LOTT_LUOGO_NUTS','Codice NUTS','Codice NUTS','A20',null,null,'Codice NUTS');
		Insert into c0campi (COC_CONTA,C0C_TIP,C0C_CHI,COC_MNE_UNI,C0C_MNE_BER,COC_DES,COC_DES_FRM,C0C_FS,C0C_TAB1,COC_DOM,COC_DES_WEB) VALUES(787010027,'E',null,'IMPORTO_ATTUAZIONE_SICUREZZA.W3LOTT.W3','W3_LOTT_IMP_ATTUAZ','Importo totale per l''attuazione della sicurezza','Importo sicurezza','F15',null,'MONEY','Importo totale per l''attuazione della sicurezza');
		Insert into c0campi (COC_CONTA,C0C_TIP,C0C_CHI,COC_MNE_UNI,C0C_MNE_BER,COC_DES,COC_DES_FRM,C0C_FS,C0C_TAB1,COC_DOM,COC_DES_WEB) VALUES(787010028,'E',null,'TRIENNIO_ANNO_INIZIO.W3LOTT.W3','W3_LOTT_TRIENNIO_INIZ','Anno iniziale del triennio relativo alla programmazione','Anno iniz. triennio','N5',null,null,'Anno iniziale del triennio relativo alla programmazione');
		Insert into c0campi (COC_CONTA,C0C_TIP,C0C_CHI,COC_MNE_UNI,C0C_MNE_BER,COC_DES,COC_DES_FRM,C0C_FS,C0C_TAB1,COC_DOM,COC_DES_WEB) VALUES(787010029,'E',null,'TRIENNIO_ANNO_FINE.W3LOTT.W3','W3_LOTT_TRIENNIO_FINE','Anno finale del triennio relativo alla programmazione','Anno final. triennio','N5',null,null,'Anno finale del triennio relativo alla programmazione');
		Insert into c0campi (COC_CONTA,C0C_TIP,C0C_CHI,COC_MNE_UNI,C0C_MNE_BER,COC_DES,COC_DES_FRM,C0C_FS,C0C_TAB1,COC_DOM,COC_DES_WEB) VALUES(787010030,'E',null,'TRIENNIO_PROGRESSIVO.W3LOTT.W3','W3_LOTT_TRIENNIO_PROG','Progressivo nell''ambito del triennio','Prog. nel triennio','N5',null,null,'Progressivo nell''ambito del triennio');
		Insert into c0campi (COC_CONTA,C0C_TIP,C0C_CHI,COC_MNE_UNI,C0C_MNE_BER,COC_DES,COC_DES_FRM,C0C_FS,C0C_TAB1,COC_DOM,COC_DES_WEB) VALUES(787010031,'E',null,'ANNUALE_CUI_MININF.W3LOTT.W3','W3_LOTT_ANNUALE_CUI','Codice CUI rilasciato dal Ministero per le Infrastrutture','Codice CUI','A22',null,null,'Codice CUI rilasciato dal Ministero per le Infrastrutture');
		Insert into c0campi (COC_CONTA,C0C_TIP,C0C_CHI,COC_MNE_UNI,C0C_MNE_BER,COC_DES,COC_DES_FRM,C0C_FS,C0C_TAB1,COC_DOM,COC_DES_WEB) VALUES(787010032,'E',null,'DATA_CREAZIONE_LOTTO.W3LOTT.W3','W3_LOTT_DATA_LOTTO','Data creazione lotto ed assegnazione del codice CIG','Data creazione','A10',null,'DATA_ELDA','Data creazione lotto ed assegnazione del codice CIG');
		Insert into c0campi (COC_CONTA,C0C_TIP,C0C_CHI,COC_MNE_UNI,C0C_MNE_BER,COC_DES,COC_DES_FRM,C0C_FS,C0C_TAB1,COC_DOM,COC_DES_WEB) VALUES(787010033,'E',null,'DATA_CANCELLAZIONE_LOTTO.W3LOTT.W3','W3_LOTT_DATA_CANCELL','Data cancellazione','Data cancellazione','A10',null,'DATA_ELDA','Data cancellazione');
		Insert into c0campi (COC_CONTA,C0C_TIP,C0C_CHI,COC_MNE_UNI,C0C_MNE_BER,COC_DES,COC_DES_FRM,C0C_FS,C0C_TAB1,COC_DOM,COC_DES_WEB) VALUES(787010034,'E',null,'STATO_SIMOG.W3LOTT.W3','W3_LOTT_STATO_SIMOG','Stato del lotto','Stato del lotto','A100','W3026',null,'');
		Insert into c0campi (COC_CONTA,C0C_TIP,C0C_CHI,COC_MNE_UNI,C0C_MNE_BER,COC_DES,COC_DES_FRM,C0C_FS,C0C_TAB1,COC_DOM,COC_DES_WEB) VALUES(787010035,'E',null,'LOTTO_UUID.W3LOTT.W3','W3_LOTT_UUID','UUID del lotto','UUID del lotto','A40',null,null,'');
		Insert into c0campi (COC_CONTA,C0C_TIP,C0C_CHI,COC_MNE_UNI,C0C_MNE_BER,COC_DES,COC_DES_FRM,C0C_FS,C0C_TAB1,COC_DOM,COC_DES_WEB) VALUES(787010036,'E',null,'ID_ESCLUSIONE.W3LOTT.W3','W3_LOTT_ID_ESCLUSIONE','Articolo esclusione','Articolo esclusione','A100','W3027',null,'');
		Insert into c0campi (COC_CONTA,C0C_TIP,C0C_CHI,COC_MNE_UNI,C0C_MNE_BER,COC_DES,COC_DES_FRM,C0C_FS,C0C_TAB1,COC_DOM,COC_DES_WEB) VALUES(787010037,'E',null,'FLAG_PREVEDE_RIP.W3LOTT.W3','W3_LOTT_FLAG_PREV_RIP','L''appalto prevede ripetizioni ?','Ripetizioni ?','A2',null,'SN','L''appalto prevede ripetizioni');
		Insert into c0campi (COC_CONTA,C0C_TIP,C0C_CHI,COC_MNE_UNI,C0C_MNE_BER,COC_DES,COC_DES_FRM,C0C_FS,C0C_TAB1,COC_DOM,COC_DES_WEB) VALUES(787010038,'E',null,'FLAG_RIPETIZIONE.W3LOTT.W3','W3_LOTT_FLAG_RIPETIZI','Il lotto e'' ripetizione di un appalto precedente ?','Lotto rip. app. ?','A2',null,'SN','Il lotto e'' ripetizione di un appalto precedente ?');
		Insert into c0campi (COC_CONTA,C0C_TIP,C0C_CHI,COC_MNE_UNI,C0C_MNE_BER,COC_DES,COC_DES_FRM,C0C_FS,C0C_TAB1,COC_DOM,COC_DES_WEB) VALUES(787010039,'E',null,'CIG_ORIGINE_RIP.W3LOTT.W3','W3_LOTT_CIG_ORIGINE_R','CIG dell''appalto di origine','CIG app. di origine','A10',null,null,'CIG dell''appalto di origine');
		Insert into c0campi (COC_CONTA,C0C_TIP,C0C_CHI,COC_MNE_UNI,C0C_MNE_BER,COC_DES,COC_DES_FRM,C0C_FS,C0C_TAB1,COC_DOM,COC_DES_WEB) VALUES(787010040,'E',null,'ORA_SCADENZA.W3LOTT.W3','W3_LOTT_ORA_SCADENZA','Ora scadenza presentazione offerte','Ora scadenza','A5',null,'ORA','Ora scadenza presentazione offerte');
		Insert into c0campi (COC_CONTA,C0C_TIP,C0C_CHI,COC_MNE_UNI,C0C_MNE_BER,COC_DES,COC_DES_FRM,C0C_FS,C0C_TAB1,COC_DOM,COC_DES_WEB) VALUES(787010041,'E',null,'STATO_AVCPASS.W3LOTT.W3','W3_LOTT_STATO_AVCPASS','Stato del sistema su AVCPass','Stato AVCPass','A100','W3028',null,'Stato del sistema su AVCPass');
		Insert into c0campi (COC_CONTA,C0C_TIP,C0C_CHI,COC_MNE_UNI,C0C_MNE_BER,COC_DES,COC_DES_FRM,C0C_FS,C0C_TAB1,COC_DOM,COC_DES_WEB) VALUES(787010042,'E',null,'DSCAD_RICHIESTA_INVITO.W3LOTT.W3','W3_LOTT_DSCAD_RICH_IN','Data scadenza presentazione richieste invito','Scadenza pres. inv.','A10',null,'DATA_ELDA','Data scadenza presentazione richieste invito');
		Insert into c0campi (COC_CONTA,C0C_TIP,C0C_CHI,COC_MNE_UNI,C0C_MNE_BER,COC_DES,COC_DES_FRM,C0C_FS,C0C_TAB1,COC_DOM,COC_DES_WEB) VALUES(787010043,'E',null,'DATA_LETTERA_INVITO.W3LOTT.W3','W3_LOTT_DATA_LETT_INV','Data invio lettere invito','Data invio lettere','A10',null,'DATA_ELDA','Data invio lettere di invito');
		Insert into c0campi (COC_CONTA,C0C_TIP,C0C_CHI,COC_MNE_UNI,C0C_MNE_BER,COC_DES,COC_DES_FRM,C0C_FS,C0C_TAB1,COC_DOM,COC_DES_WEB) VALUES(787010044,'E',null,'FLAG_CUP.W3LOTT.W3','W3_LOTT_FLAG_CUP','E'' obbligatoria l''indicazione del CUP	?','CUP obbligatorio ?','A2',null,'SN','E'' obbligatoria l''indicazione del CUP ?');
		Insert into c0campi (COC_CONTA,C0C_TIP,C0C_CHI,COC_MNE_UNI,C0C_MNE_BER,COC_DES,COC_DES_FRM,C0C_FS,C0C_TAB1,COC_DOM,COC_DES_WEB) VALUES(787010045,'E','P','NUMGARA.W3LOTTCATE.W3','W3_LOTTCATE_NUMGARA','Codice gara','Codice gara','N10',null,null,'');
		Insert into c0campi (COC_CONTA,C0C_TIP,C0C_CHI,COC_MNE_UNI,C0C_MNE_BER,COC_DES,COC_DES_FRM,C0C_FS,C0C_TAB1,COC_DOM,COC_DES_WEB) VALUES(787010046,'E','P','NUMLOTT.W3LOTTCATE.W3','W3_LOTTCATE_NUMLOTT','Numero lotto','Numero lotto','N10',null,null,'');
		Insert into c0campi (COC_CONTA,C0C_TIP,C0C_CHI,COC_MNE_UNI,C0C_MNE_BER,COC_DES,COC_DES_FRM,C0C_FS,C0C_TAB1,COC_DOM,COC_DES_WEB) VALUES(787010047,'E','P','NUMCATE.W3LOTTCATE.W3','W3_LOTTCATE_NUMCATE','Numero progressivo categoria','Num. progr. categ.','N3',null,null,'');
		Insert into c0campi (COC_CONTA,C0C_TIP,C0C_CHI,COC_MNE_UNI,C0C_MNE_BER,COC_DES,COC_DES_FRM,C0C_FS,C0C_TAB1,COC_DOM,COC_DES_WEB) VALUES(787010048,'E',null,'CATEGORIA.W3LOTTCATE.W3','W3_LOTTCATE_CATEGORIA','Categoria','Categoria','A100','W3z03',null,'');
		Insert into c0campi (COC_CONTA,C0C_TIP,C0C_CHI,COC_MNE_UNI,C0C_MNE_BER,COC_DES,COC_DES_FRM,C0C_FS,C0C_TAB1,COC_DOM,COC_DES_WEB) VALUES(787010049,'E','P','NUMGARA.W3LOTTTIPI.W3','W3_LOTTTIPI_NUMGARA','Codice gara','Codice gara','N10',null,null,'');
		Insert into c0campi (COC_CONTA,C0C_TIP,C0C_CHI,COC_MNE_UNI,C0C_MNE_BER,COC_DES,COC_DES_FRM,C0C_FS,C0C_TAB1,COC_DOM,COC_DES_WEB) VALUES(787010050,'E','P','NUMLOTT.W3LOTTTIPI.W3','W3_LOTTTIPI_NUMLOTT','Numero lotto','Numero lotto','N10',null,null,'');
		Insert into c0campi (COC_CONTA,C0C_TIP,C0C_CHI,COC_MNE_UNI,C0C_MNE_BER,COC_DES,COC_DES_FRM,C0C_FS,C0C_TAB1,COC_DOM,COC_DES_WEB) VALUES(787010051,'E','P','NUMTIPI.W3LOTTTIPI.W3','W3_LOTTTIPI_NUMTIPI','Numero progressivo tipologia','Num. progr. tipol.','N3',null,null,'');
		Insert into c0campi (COC_CONTA,C0C_TIP,C0C_CHI,COC_MNE_UNI,C0C_MNE_BER,COC_DES,COC_DES_FRM,C0C_FS,C0C_TAB1,COC_DOM,COC_DES_WEB) VALUES(787010052,'E',null,'IDAPPALTO.W3LOTTTIPI.W3','W3_LOTTTIPI_IDAPPALTO','Tipologia lavoro, forniture o servizi','Tipologie','N7',null,null,'Tipologie lavoro, forniture o servizi');
		Insert into c0campi (COC_CONTA,C0C_TIP,C0C_CHI,COC_MNE_UNI,C0C_MNE_BER,COC_DES,COC_DES_FRM,C0C_FS,C0C_TAB1,COC_DOM,COC_DES_WEB) VALUES(787010055,'E','P','NUMCUP.W3LOTTCUP.W3','W3_LOTTCATE_NUMCUP','Numero progressivo CUP','Num. progr. CUP','N3',null,null,'');
		Insert into c0campi (COC_CONTA,C0C_TIP,C0C_CHI,COC_MNE_UNI,C0C_MNE_BER,COC_DES,COC_DES_FRM,C0C_FS,C0C_TAB1,COC_DOM,COC_DES_WEB) VALUES(787010056,'E',null,'CUP.W3LOTTCUP.W3','W3_LOTTCATE_CUP','CUP','CUP','A15',null,null,'');
		Insert into c0campi (COC_CONTA,C0C_TIP,C0C_CHI,COC_MNE_UNI,C0C_MNE_BER,COC_DES,COC_DES_FRM,C0C_FS,C0C_TAB1,COC_DOM,COC_DES_WEB) VALUES(787010057,'E',null,'DATI_DIPE.W3LOTTCUP.W3','W3_LOTTCATE_DATI_DIPE','Descrizione','Descrizione','A1024',null,null,'');
		Insert into c0campi (COC_CONTA,C0C_TIP,C0C_CHI,COC_MNE_UNI,C0C_MNE_BER,COC_DES,COC_DES_FRM,C0C_FS,C0C_TAB1,COC_DOM,COC_DES_WEB) VALUES(787010058,'E','P','SYSCON.W3USRSYS.W3','W3_USRSYS_SYSCON','Id. utente','Id. utente','N12',null,null,'');
		Insert into c0campi (COC_CONTA,C0C_TIP,C0C_CHI,COC_MNE_UNI,C0C_MNE_BER,COC_DES,COC_DES_FRM,C0C_FS,C0C_TAB1,COC_DOM,COC_DES_WEB) VALUES(787010059,'E',null,'SIMOGWSUSER.W3USRSYS.W3','W3_USRSYS_SIMOGUSER','Utente per l''accesso ai servizi SIMOG','Utente','A100',null,null,'');
		Insert into c0campi (COC_CONTA,C0C_TIP,C0C_CHI,COC_MNE_UNI,C0C_MNE_BER,COC_DES,COC_DES_FRM,C0C_FS,C0C_TAB1,COC_DOM,COC_DES_WEB) VALUES(787010060,'E',null,'SIMOGWSPASS.W3USRSYS.W3','W3_USRSYS_SIMOGPASS','Password per l''accesso ai servizi SIMOG','Password','A100',null,null,'');
		Insert into c0campi (COC_CONTA,C0C_TIP,C0C_CHI,COC_MNE_UNI,C0C_MNE_BER,COC_DES,COC_DES_FRM,C0C_FS,C0C_TAB1,COC_DOM,COC_DES_WEB) VALUES(787010061,'E',null,'RUP_CODTEC.W3USRSYS.W3','W3_USRSYS_RUP_CODTEC','RUP di riferimento','RUP','A10',null,null,'');
		Insert into c0campi (COC_CONTA,C0C_TIP,C0C_CHI,COC_MNE_UNI,C0C_MNE_BER,COC_DES,COC_DES_FRM,C0C_FS,C0C_TAB1,COC_DOM,COC_DES_WEB) VALUES(787010062,'E','P','ID.W3AZIENDAUFFICIO.W3','W3_AZIUFF_ID','Identificativo amministrazione/stazione appaltante','Id. amm./staz. app.','N10',null,null,'');
		Insert into c0campi (COC_CONTA,C0C_TIP,C0C_CHI,COC_MNE_UNI,C0C_MNE_BER,COC_DES,COC_DES_FRM,C0C_FS,C0C_TAB1,COC_DOM,COC_DES_WEB) VALUES(787010063,'E',null,'AZIENDA_CF.W3AZIENDAUFFICIO.W3','W3_AZIUFF_AZI_CF','Codice fiscale amministrazione','C.F. amministrazione','A16',null,null,'Codice fiscale amministrazione');
		Insert into c0campi (COC_CONTA,C0C_TIP,C0C_CHI,COC_MNE_UNI,C0C_MNE_BER,COC_DES,COC_DES_FRM,C0C_FS,C0C_TAB1,COC_DOM,COC_DES_WEB) VALUES(787010064,'E',null,'AZIENDA_DENOM.W3AZIENDAUFFICIO.W3','W3_AZIUFF_AZI_DENOM','Denominazione amministrazione','Denominazione amm.','A250',null,null,'Denominazione amministrazione');
		Insert into c0campi (COC_CONTA,C0C_TIP,C0C_CHI,COC_MNE_UNI,C0C_MNE_BER,COC_DES,COC_DES_FRM,C0C_FS,C0C_TAB1,COC_DOM,COC_DES_WEB) VALUES(787010065,'E',null,'INDEXCOLL.W3AZIENDAUFFICIO.W3','W3_AZIUFF_INDEXCOLL','Indice della collaborazione','Indice','A100',null,null,'Indice della collaborazione');
		Insert into c0campi (COC_CONTA,C0C_TIP,C0C_CHI,COC_MNE_UNI,C0C_MNE_BER,COC_DES,COC_DES_FRM,C0C_FS,C0C_TAB1,COC_DOM,COC_DES_WEB) VALUES(787010066,'E',null,'UFFICIO_DENOM.W3AZIENDAUFFICIO.W3','W3_AZIUFF_UFF_DENOM','Denominazione stazione appaltante','Denominazione staz.','A250',null,null,'Denominazione stazione appaltante');
		Insert into c0campi (COC_CONTA,C0C_TIP,C0C_CHI,COC_MNE_UNI,C0C_MNE_BER,COC_DES,COC_DES_FRM,C0C_FS,C0C_TAB1,COC_DOM,COC_DES_WEB) VALUES(787010067,'E',null,'UFFICIO_ID.W3AZIENDAUFFICIO.W3','W3_AZIUFF_UFF_ID','GUID stazione appaltante','GUID stazione app.','A40',null,null,'GUID stazione appaltante');
		Insert into c0campi (COC_CONTA,C0C_TIP,C0C_CHI,COC_MNE_UNI,C0C_MNE_BER,COC_DES,COC_DES_FRM,C0C_FS,C0C_TAB1,COC_DOM,COC_DES_WEB) VALUES(787010068,'E',null,'UFFICIO_PROFILO.W3AZIENDAUFFICIO.W3','W3_AZIUFF_UFF_PROFILO','Codice del profilo associato all''ufficio','Codice profilo','A50',null,null,'');
		Insert into c0campi (COC_CONTA,C0C_TIP,C0C_CHI,COC_MNE_UNI,C0C_MNE_BER,COC_DES,COC_DES_FRM,C0C_FS,C0C_TAB1,COC_DOM,COC_DES_WEB) VALUES(787010069,'E','P','SYSCON.W3USRSYSCOLL.W3','W3_USRSYSCOLL_SYSCON','Identificativo utente applicativo','Id. utente','N12',null,null,'');
		Insert into c0campi (COC_CONTA,C0C_TIP,C0C_CHI,COC_MNE_UNI,C0C_MNE_BER,COC_DES,COC_DES_FRM,C0C_FS,C0C_TAB1,COC_DOM,COC_DES_WEB) VALUES(787010070,'E','P','W3AZIENDAUFFICIO_ID.W3USRSYSCOLL.W3','W3_USRSYSCOLL_ID','Identificativo amministrazione/stazione appaltante','Id. amm./staz. app.','N10',null,null,'');




		Insert into c0entit (C0E_NOM,C0E_NUM,C0E_TIP,COE_ARG,C0E_DES,C0E_KEY,C0E_NOM_EX,COE_KEY_EX,C0E_FRM_RI,COE_FRM_CA,COE_FRM_RE) values ('W3AZIENDAUFFICIO.W3',88800320,'E','W3AZIUFF','Amministrazione e stazione appaltante','ID.W3AZIENDAUFFICIO',null,null,null,null,'w3_aziuf');
		Insert into c0entit (C0E_NOM,C0E_NUM,C0E_TIP,COE_ARG,C0E_DES,C0E_KEY,C0E_NOM_EX,COE_KEY_EX,C0E_FRM_RI,COE_FRM_CA,COE_FRM_RE) values ('W3GARADOC.W3',88800011,'E','W3GARADOC','Documenti della gara','NUMGARA.W3GARADOC.W3','W3GARA.W3','NUMGARA.W3GARA.W3',null,null,'w3_garad');
		Insert into c0entit (C0E_NOM,C0E_NUM,C0E_TIP,COE_ARG,C0E_DES,C0E_KEY,C0E_NOM_EX,COE_KEY_EX,C0E_FRM_RI,COE_FRM_CA,COE_FRM_RE) values ('W3GARAMERC.W3',88850011,'E','W3GARAMERC','Categorie merceologiche della gara','NUMGARA.W3GARAMERC.W3','W3GARA.W3','NUMGARA.W3GARA.W3',null,null,'w3_garem');
		Insert into c0entit (C0E_NOM,C0E_NUM,C0E_TIP,COE_ARG,C0E_DES,C0E_KEY,C0E_NOM_EX,COE_KEY_EX,C0E_FRM_RI,COE_FRM_CA,COE_FRM_RE) values ('W3GARAREQCIG.W3',88830011,'E','W3GARAREQC','Lista dei CIG associati ai requisiti della gara','NUMGARA.W3GARAREQCIG.W3,NUMREQ.W3GARAREQCIG.W3','W3GARAREQ.W3','NUMGARA.W3GARAREQ.W3,NUMREQ.W3GARAREQ.W3',null,null,'w3_garci');
		Insert into c0entit (C0E_NOM,C0E_NUM,C0E_TIP,COE_ARG,C0E_DES,C0E_KEY,C0E_NOM_EX,COE_KEY_EX,C0E_FRM_RI,COE_FRM_CA,COE_FRM_RE) values ('W3GARAREQDOC.W3',88840011,'E','W3GARAREDO','Lista dei documenti associati ai requisiti della gara','NUMGARA.W3GARAREQDOC.W3,NUMREQ.W3GARAREQDOC.W3','W3GARAREQ.W3','NUMGARA.W3GARAREQ.W3,NUMREQ.W3GARAREQ.W3',null,null,'w3_gardo');
		Insert into c0entit (C0E_NOM,C0E_NUM,C0E_TIP,COE_ARG,C0E_DES,C0E_KEY,C0E_NOM_EX,COE_KEY_EX,C0E_FRM_RI,COE_FRM_CA,COE_FRM_RE) values ('W3GARAREQ.W3',88820011,'E','W3GARAREQ','Requisiti della gara','NUMGARA.W3GARAREQ.W3','W3GARA.W3','NUMGARA.W3GARA.W3',null,null,'w3_gareq');
		Insert into c0entit (C0E_NOM,C0E_NUM,C0E_TIP,COE_ARG,C0E_DES,C0E_KEY,C0E_NOM_EX,COE_KEY_EX,C0E_FRM_RI,COE_FRM_CA,COE_FRM_RE) values ('W3GARA.W3',88800010,'E','W3GARA','Gare','NUMGARA.W3GARA.W3',null,null,null,null,'w3_gara');
		Insert into c0entit (C0E_NOM,C0E_NUM,C0E_TIP,COE_ARG,C0E_DES,C0E_KEY,C0E_NOM_EX,COE_KEY_EX,C0E_FRM_RI,COE_FRM_CA,COE_FRM_RE) values ('W3LOTTCATE.W3',88800030,'E','W3LOTTCAT1','Categorie del lotto','NUMGARA.W3LOTTCATE.W3,NUMLOTT.W3LOTTCATE.W3,NUMCATE.W3LOTTCATE.W3',null,null,null,null,'w3_loca1');
		Insert into c0entit (C0E_NOM,C0E_NUM,C0E_TIP,COE_ARG,C0E_DES,C0E_KEY,C0E_NOM_EX,COE_KEY_EX,C0E_FRM_RI,COE_FRM_CA,COE_FRM_RE) values ('W3LOTTCATE.W3#1',88800031,'C','W3LOTTCAT2','Categorie del lotto','NUMGARA.W3LOTTCATE.W3,NUMLOTT.W3LOTTCATE.W3','W3LOTT.W3','NUMGARA.W3LOTT.W3,NUMLOTT.W3LOTT.W3',null,null,'w3_loca2');
		Insert into c0entit (C0E_NOM,C0E_NUM,C0E_TIP,COE_ARG,C0E_DES,C0E_KEY,C0E_NOM_EX,COE_KEY_EX,C0E_FRM_RI,COE_FRM_CA,COE_FRM_RE) values ('W3LOTTCUP.W3',88802030,'E','W3LOTTCUP1','Lista dei CUP','NUMGARA.W3LOTTCUP.W3,NUMLOTT.W3LOTTCUP.W3,NUMCUP.W3LOTTCUP.W3',null,null,null,null,'w3_cup1');
		Insert into c0entit (C0E_NOM,C0E_NUM,C0E_TIP,COE_ARG,C0E_DES,C0E_KEY,C0E_NOM_EX,COE_KEY_EX,C0E_FRM_RI,COE_FRM_CA,COE_FRM_RE) values ('W3LOTTCUP.W3#1',88802031,'C','W3LOTTCUP2','Lista dei CUP','NUMGARA.W3LOTTCUP.W3,NUMLOTT.W3LOTTCUP.W3','W3LOTT.W3','NUMGARA.W3LOTT.W3,NUMLOTT.W3LOTT.W3',null,null,'w3_cup2');
		Insert into c0entit (C0E_NOM,C0E_NUM,C0E_TIP,COE_ARG,C0E_DES,C0E_KEY,C0E_NOM_EX,COE_KEY_EX,C0E_FRM_RI,COE_FRM_CA,COE_FRM_RE) values ('W3LOTTTIPI.W3',88802030,'E','W3LOTTTIP1','Tipologie lavoro, forniture o servizi','NUMGARA.W3LOTTTIPI.W3,NUMLOTT.W3LOTTTIPI.W3,NUMTIPI.W3LOTTTIPI.W3',null,null,null,null,'w3_loti1');
		Insert into c0entit (C0E_NOM,C0E_NUM,C0E_TIP,COE_ARG,C0E_DES,C0E_KEY,C0E_NOM_EX,COE_KEY_EX,C0E_FRM_RI,COE_FRM_CA,COE_FRM_RE) values ('W3LOTTTIPI.W3#1',88802031,'C','W3LOTTTIP2','Tipologie lavoro, forniture o servizi','NUMGARA.W3LOTTTIPI.W3,NUMLOTT.W3LOTTTIPI.W3','W3LOTT.W3','NUMGARA.W3LOTT.W3,NUMLOTT.W3LOTT.W3',null,null,'w3_loti2');
		Insert into c0entit (C0E_NOM,C0E_NUM,C0E_TIP,COE_ARG,C0E_DES,C0E_KEY,C0E_NOM_EX,COE_KEY_EX,C0E_FRM_RI,COE_FRM_CA,COE_FRM_RE) values ('W3LOTT.W3',88800020,'E','W3LOTT1','Lotto di gara','NUMGARA.W3LOTT.W3,NUMLOTT.W3LOTT.W3',null,null,null,null,'w3_lott1');
		Insert into c0entit (C0E_NOM,C0E_NUM,C0E_TIP,COE_ARG,C0E_DES,C0E_KEY,C0E_NOM_EX,COE_KEY_EX,C0E_FRM_RI,COE_FRM_CA,COE_FRM_RE) values ('W3LOTT.W3#1',88800021,'C','W3LOTT2','Lotto di gara','NUMGARA.W3LOTT.W3','W3GARA.W3','NUMGARA.W3GARA.W3','','','w3_lott2');
		Insert into c0entit (C0E_NOM,C0E_NUM,C0E_TIP,COE_ARG,C0E_DES,C0E_KEY,C0E_NOM_EX,COE_KEY_EX,C0E_FRM_RI,COE_FRM_CA,COE_FRM_RE) values ('W3USRSYSCOLL.W3',88800330,'E','W3USRSYSCO','Collaborazione','W3AZIENDAUFFICIO_ID.W3USRSYSCOLL','W3AZIENDAUFFICIO.W3','ID.W3AZIENDAUFFICIO',null,null,'w3_usrco');
		Insert into c0entit (C0E_NOM,C0E_NUM,C0E_TIP,COE_ARG,C0E_DES,C0E_KEY,C0E_NOM_EX,COE_KEY_EX,C0E_FRM_RI,COE_FRM_CA,COE_FRM_RE) values ('W3USRSYS.W3',88800310,'E','W3USRSYS','Informazioni di accesso a SIMOG','SYSCON.W3USRSYS',null,null,null,null,'w3_usrsy');
		Insert into c0entit (C0E_NOM,C0E_NUM,C0E_TIP,COE_ARG,C0E_DES,C0E_KEY,C0E_NOM_EX,COE_KEY_EX,C0E_FRM_RI,COE_FRM_CA,COE_FRM_RE) values ('W3SMARTCIG.W3',99050770,'E','W3SMARTCIG','Richieste Smart CIG','CODRICH.W3SMARTCIG.W3',null,null,null,null,'w3_smcig');
		Insert into c0entit (C0E_NOM,C0E_NUM,C0E_TIP,COE_ARG,C0E_DES,C0E_KEY,C0E_NOM_EX,COE_KEY_EX,C0E_FRM_RI,COE_FRM_CA,COE_FRM_RE) values ('W3SMARTCIGMERC.W3',99050780,'E','W3SMCIGCAT','Categorie merceologiche Smart CIG','CODRICH.W3SMARTCIGMERC.W3','W3SMARTCIG.W3','CODRICH.W3SMARTCIG.W3',null,null,'w3_smcigme');
		Insert into c0entit (C0E_NOM,C0E_NUM,C0E_TIP,COE_ARG,C0E_DES,C0E_KEY,C0E_NOM_EX,COE_KEY_EX,C0E_FRM_RI,COE_FRM_CA,COE_FRM_RE) values ('V_W3GARE.W3',99050790,'E','V_W3GARE','Gare','CODICE.V_W3GARE.W3',null,null,null,null,'v_w3gare');



		Insert into TAB1 (TAB1COD,TAB1TIP,TAB1DESC) values ('W3021',1,'E'' in corso la compilazione dei dati');
		Insert into TAB1 (TAB1COD,TAB1TIP,TAB1DESC) values ('W3021',2,'La compilazione e'' completata');
		Insert into TAB1 (TAB1COD,TAB1TIP,TAB1DESC) values ('W3025',1,'Dati da inviare a SIMOG');
		Insert into TAB1 (TAB1COD,TAB1TIP,TAB1DESC) values ('W3025',2,'Dati inviati a SIMOG, numero gara assegnato');
		Insert into TAB1 (TAB1COD,TAB1TIP,TAB1DESC) values ('W3025',3,'Dati modificati, richiesto invio dati a SIMOG');
		Insert into TAB1 (TAB1COD,TAB1TIP,TAB1DESC) values ('W3025',4,'Dati aggiornati, numero gara assegnato');
		Insert into TAB1 (TAB1COD,TAB1TIP,TAB1DESC) values ('W3025',5,'Richiesta cancellazione, inoltrare richiesta a SIMOG');
		Insert into TAB1 (TAB1COD,TAB1TIP,TAB1DESC) values ('W3025',6,'Dati cancellati, gara non modificabile');
		Insert into TAB1 (TAB1COD,TAB1TIP,TAB1DESC) values ('W3025',7,'Gara pubblicata');
		Insert into TAB1 (TAB1COD,TAB1TIP,TAB1DESC) values ('W3025',99,'Gara recuperata da SIMOG');
		Insert into TAB1 (TAB1COD,TAB1TIP,TAB1DESC) values ('W3026',1,'Dati da inviare a SIMOG');
		Insert into TAB1 (TAB1COD,TAB1TIP,TAB1DESC) values ('W3026',2,'Dati inviati a SIMOG, CIG assegnato');
		Insert into TAB1 (TAB1COD,TAB1TIP,TAB1DESC) values ('W3026',3,'Dati modificati, richiesto invio dati a SIMOG');
		Insert into TAB1 (TAB1COD,TAB1TIP,TAB1DESC) values ('W3026',4,'Dati aggiornati, CIG assegnato');
		Insert into TAB1 (TAB1COD,TAB1TIP,TAB1DESC) values ('W3026',5,'Richiesta cancellazione, inoltrare richiesta a SIMOG');
		Insert into TAB1 (TAB1COD,TAB1TIP,TAB1DESC) values ('W3026',6,'Dati cancellati, lotto non modificabile');
		Insert into TAB1 (TAB1COD,TAB1TIP,TAB1DESC) values ('W3026',7,'Lotto pubblicato');
		Insert into TAB1 (TAB1COD,TAB1TIP,TAB1DESC) values ('W3026',99,'Lotto recuperato da SIMOG');
		Insert into TAB1 (TAB1COD,TAB1TIP,TAB1DESC) values ('W3027',1,'Art. 19 D.Lgs. 163/2006');
		Insert into TAB1 (TAB1COD,TAB1TIP,TAB1DESC) values ('W3027',2,'Art. 20 D.Lgs. 163/2006');
		Insert into TAB1 (TAB1COD,TAB1TIP,TAB1DESC) values ('W3027',3,'Art. 21 D.Lgs. 163/2006');
		Insert into TAB1 (TAB1COD,TAB1TIP,TAB1DESC) values ('W3027',4,'Art. 22 D.Lgs. 163/2006');
		Insert into TAB1 (TAB1COD,TAB1TIP,TAB1DESC) values ('W3027',5,'Art. 23 D.Lgs. 163/2006');
		Insert into TAB1 (TAB1COD,TAB1TIP,TAB1DESC) values ('W3027',6,'Art. 24 D.Lgs. 163/2006');
		Insert into TAB1 (TAB1COD,TAB1TIP,TAB1DESC) values ('W3027',7,'Art. 25 D.Lgs. 163/2006');
		Insert into TAB1 (TAB1COD,TAB1TIP,TAB1DESC) values ('W3027',8,'Art. 16 D.Lgs. 163/2006');
		Insert into TAB1 (TAB1COD,TAB1TIP,TAB1DESC) values ('W3027',9,'Art. 17 D.Lgs. 163/2006');
		Insert into TAB1 (TAB1COD,TAB1TIP,TAB1DESC) values ('W3027',10,'Art. 18 D.Lgs. 163/2006');
		Insert into TAB1 (TAB1COD,TAB1TIP,TAB1DESC) values ('W3027',11,'Art. 26 D.Lgs. 163/2006');
		Insert into TAB1 (TAB1COD,TAB1TIP,TAB1DESC) values ('W3028',0,'Perfezionato - Verde');
		Insert into TAB1 (TAB1COD,TAB1TIP,TAB1DESC) values ('W3028',1,'Commissione - Verde');
		Insert into TAB1 (TAB1COD,TAB1TIP,TAB1DESC) values ('W3028',2,'Lotto deserto - Verde');
		Insert into TAB1 (TAB1COD,TAB1TIP,TAB1DESC) values ('W3028',3,'Acquisizione partecipante - Rosso');
		Insert into TAB1 (TAB1COD,TAB1TIP,TAB1DESC) values ('W3028',4,'Fine acquisizione partecipante - Rosso');
		Insert into TAB1 (TAB1COD,TAB1TIP,TAB1DESC) values ('W3028',5,'Graduatoria - Rosso');
		Insert into TAB1 (TAB1COD,TAB1TIP,TAB1DESC) values ('W3028',6,'Aggiudicazione - Rosso');
		Insert into TAB1 (TAB1COD,TAB1TIP,TAB1DESC) values ('W3028',7,'Aggiudicato - Verde');
		Insert into TAB1 (TAB1COD,TAB1TIP,TAB1DESC) values ('W3028',8,'Annullato - Verde');
		Insert into TAB1 (TAB1COD,TAB1TIP,TAB1DESC) values ('W3028',9,'Archiviato - Verde');
		Insert into TAB1 (TAB1COD,TAB1TIP,TAB1DESC) values ('W3029',2,'VISOSIT - VISURA PRESSO IL CASELLARIO INFORMATICO DELL''ANAC');
		Insert into TAB1 (TAB1COD,TAB1TIP,TAB1DESC) values ('W3029',4,'CCGI - CERTIFICATO DEL CASELLARIO GIUDIZIARIO (INTEGRALE)');
		Insert into TAB1 (TAB1COD,TAB1TIP,TAB1DESC) values ('W3029',10,'CREGFIS - COMUNICAZIONE REGOLARITA'' FISCALE');
		Insert into TAB1 (TAB1COD,TAB1TIP,TAB1DESC) values ('W3029',11,'DURC - DOCUMENTO UNICO DI REGOLARITA'' CONTRIBUTIVA');
		Insert into TAB1 (TAB1COD,TAB1TIP,TAB1DESC) values ('W3029',12,'AUTOCIMP - AUTOCERTIFICAZIONE DELL''IMPRESA');
		Insert into TAB1 (TAB1COD,TAB1TIP,TAB1DESC) values ('W3029',14,'CUPL - DICHIARAZIONE DI CUI ALL''ARTICOLO 17 L 12 MARZO 1999, n. 68');
		Insert into TAB1 (TAB1COD,TAB1TIP,TAB1DESC) values ('W3029',15,'VRI - VISURA AL REGISTRO DELLE IMPRESE');
		Insert into TAB1 (TAB1COD,TAB1TIP,TAB1DESC) values ('W3029',20,'CASA - CERTIFICATO DELL''ANAGRAFE DELLE SANZIONI AMMINISTRATIVE DIPENDENTI DA REATO');
		Insert into TAB1 (TAB1COD,TAB1TIP,TAB1DESC) values ('W3029',23,'999 - NON CLASSIFICATO');
		Insert into TAB1 (TAB1COD,TAB1TIP,TAB1DESC) values ('W3029',25,'RICPAG - RICEVUTA DI PAGAMENTO');
		Insert into TAB1 (TAB1COD,TAB1TIP,TAB1DESC) values ('W3029',31,'CSOA - ATTESTAZIONE SOA');
		Insert into TAB1 (TAB1COD,TAB1TIP,TAB1DESC) values ('W3029',32,'AREL - CERTIFICATO ESECUZIONE LAVORI');
		Insert into TAB1 (TAB1COD,TAB1TIP,TAB1DESC) values ('W3029',33,'CONTR - CONTRATTI');
		Insert into TAB1 (TAB1COD,TAB1TIP,TAB1DESC) values ('W3029',34,'BIL - BILANCIO');
		Insert into TAB1 (TAB1COD,TAB1TIP,TAB1DESC) values ('W3029',35,'VERSIIC - CERTIFICATO DI REGOLARITA'' CONTRIBUTIVA INARCASSA');
		Insert into TAB1 (TAB1COD,TAB1TIP,TAB1DESC) values ('W3029',36,'DICREDD - DICHIARAZIONE DEI REDDITI');
		Insert into TAB1 (TAB1COD,TAB1TIP,TAB1DESC) values ('W3029',38,'ABEL - ATTESTAZIONE DI BUON ESITO DELL''ESECUZIONE DEI LAVORI PRIVATI');
		Insert into TAB1 (TAB1COD,TAB1TIP,TAB1DESC) values ('W3029',41,'DPL - DIPLOMA E/O CERTIFICATO DI LAUREA');
		Insert into TAB1 (TAB1COD,TAB1TIP,TAB1DESC) values ('W3029',43,'CERQAU - CERTIFICAZIONE DI QUALITA'' E/O AUTENTICITA''');
		Insert into TAB1 (TAB1COD,TAB1TIP,TAB1DESC) values ('W3029',44,'CERISO9 - CERTIFICAZIONE DEL SISTEMA DI QUALITA'' UNI EN ISO 9000 - NON EA28');
		Insert into TAB1 (TAB1COD,TAB1TIP,TAB1DESC) values ('W3029',46,'CERISO14 - CERTIFICATO ISO 14001');
		Insert into TAB1 (TAB1COD,TAB1TIP,TAB1DESC) values ('W3029',47,'CMP - CONSISTENZA MEDIA PERSONALE');
		Insert into TAB1 (TAB1COD,TAB1TIP,TAB1DESC) values ('W3029',48,'CCP - COSTO COMPLESSIVO PERSONALE');
		Insert into TAB1 (TAB1COD,TAB1TIP,TAB1DESC) values ('W3029',49,'COEE - CERTIFICAZIONE OPERATORE ECONOMICO ESTERO');
		Insert into TAB1 (TAB1COD,TAB1TIP,TAB1DESC) values ('W3029',51,'AVV - AVVALIMENTI');
		Insert into TAB1 (TAB1COD,TAB1TIP,TAB1DESC) values ('W3029',52,'CIP - RICHIESTA CIP');
		Insert into TAB1 (TAB1COD,TAB1TIP,TAB1DESC) values ('W3029',53,'ISO-EA28 - CERTIFICATO QUALITA ISO-EA28');
		Insert into TAB1 (TAB1COD,TAB1TIP,TAB1DESC) values ('W3030',1,'1 - Stazione appaltante non soggetta agli obblighi di cui al dPCM 24 dicembre 2015');
		Insert into TAB1 (TAB1COD,TAB1TIP,TAB1DESC) values ('W3030',2,'2 - Acquisto espletato mediante adesione a contratto di soggetto aggregatore');
		Insert into TAB1 (TAB1COD,TAB1TIP,TAB1DESC) values ('W3030',3,'3 - Stazione appaltante iscritta nell''elenco dei soggetti aggregatori');
		Insert into TAB1 (TAB1COD,TAB1TIP,TAB1DESC) values ('W3030',4,'4 - Soglie massime annuali di cui all''art. 1 del dPCM 24 dicembre 2015 non raggiunte');
		Insert into TAB1 (TAB1COD,TAB1TIP,TAB1DESC) values ('W3030',5,'5 - Iniziativa non attiva presso il soggetto aggregatore');
		Insert into TAB1 (TAB1COD,TAB1TIP,TAB1DESC) values ('W3030',6,'6 - Il fornitore non ha accettato ordinativi di importi minimi previsti dalle iniziative attive');
		Insert into TAB1 (TAB1COD,TAB1TIP,TAB1DESC) values ('W3031',1,'1 - Farmaci');
		Insert into TAB1 (TAB1COD,TAB1TIP,TAB1DESC) values ('W3031',2,'2 - Vaccini');
		Insert into TAB1 (TAB1COD,TAB1TIP,TAB1DESC) values ('W3031',3,'3 - Stent');
		Insert into TAB1 (TAB1COD,TAB1TIP,TAB1DESC) values ('W3031',4,'4 - Ausili per incontinenza (ospedalieri e territoriali)');
		Insert into TAB1 (TAB1COD,TAB1TIP,TAB1DESC) values ('W3031',5,'5 - Protesi d''anca');
		Insert into TAB1 (TAB1COD,TAB1TIP,TAB1DESC) values ('W3031',6,'6 - Medicazioni generali');
		Insert into TAB1 (TAB1COD,TAB1TIP,TAB1DESC) values ('W3031',7,'7 - Defibrillatori');
		Insert into TAB1 (TAB1COD,TAB1TIP,TAB1DESC) values ('W3031',8,'8 - Pace-maker');
		Insert into TAB1 (TAB1COD,TAB1TIP,TAB1DESC) values ('W3031',9,'9 - Aghi e siringhe');
		Insert into TAB1 (TAB1COD,TAB1TIP,TAB1DESC) values ('W3031',10,'10 - Servizi integrati per la gestione delle apparecchiature elettromedicali');
		Insert into TAB1 (TAB1COD,TAB1TIP,TAB1DESC) values ('W3031',11,'11 - Servizi di pulizia per gli enti del Servizio Sanitario Nazionale');
		Insert into TAB1 (TAB1COD,TAB1TIP,TAB1DESC) values ('W3031',12,'12 - Servizi di ristorazione per gli enti del Servizio Sanitario Nazionale');
		Insert into TAB1 (TAB1COD,TAB1TIP,TAB1DESC) values ('W3031',13,'13 - Servizi di lavanderia per gli enti del Servizio Sanitario Nazionale');
		Insert into TAB1 (TAB1COD,TAB1TIP,TAB1DESC) values ('W3031',14,'14 - Servizi di smaltimento rifiuti sanitari');
		Insert into TAB1 (TAB1COD,TAB1TIP,TAB1DESC) values ('W3031',15,'15 - Vigilanza armata');
		Insert into TAB1 (TAB1COD,TAB1TIP,TAB1DESC) values ('W3031',16,'16 - Facility management immobili');
		Insert into TAB1 (TAB1COD,TAB1TIP,TAB1DESC) values ('W3031',17,'17 - Pulizia immobili');
		Insert into TAB1 (TAB1COD,TAB1TIP,TAB1DESC) values ('W3031',18,'18 - Guardiania');
		Insert into TAB1 (TAB1COD,TAB1TIP,TAB1DESC) values ('W3031',19,'19 - Manutenzione immobili e impianti');
		Insert into TAB1 (TAB1COD,TAB1TIP,TAB1DESC) values ('W3031',999,'999 - Lavori oppure beni e servizi non elencati nell''art. 1 dPCM 24 dicembre 2015');
		Insert into TAB1 (TAB1COD,TAB1TIP,TAB1DESC) values ('W3032',1,'Si intende procedere all''acquisizione secondo l''art.9, comma 4, del D.L.n.66/2014');
		Insert into TAB1 (TAB1COD,TAB1TIP,TAB1DESC) values ('W3032',2,'Il territorio ricade in una regione a statuto speciale o in una provincia autonoma');


		Insert into TAB2 (TAB2COD,TAB2TIP,TAB2D1,TAB2D2) values ('W3z13','1','1','CIG duplicato');
		Insert into TAB2 (TAB2COD,TAB2TIP,TAB2D1,TAB2D2) values ('W3z13','2','2','CIG richiesto per errore materiale');
		Insert into TAB2 (TAB2COD,TAB2TIP,TAB2D1,TAB2D2) values ('W3z13','3','3','Decisione dell''Amministrazione');
		Insert into TAB2 (TAB2COD,TAB2TIP,TAB2D1,TAB2D2) values ('W3z13','4','4','Altro (specificare)');
		Insert into TAB2 (TAB2COD,TAB2TIP,TAB2D1,TAB2D2) values ('W3z14','5','5','Gara duplicata');
		Insert into TAB2 (TAB2COD,TAB2TIP,TAB2D1,TAB2D2) values ('W3z14','6','6','Gara creata per errore materiale');
		Insert into TAB2 (TAB2COD,TAB2TIP,TAB2D1,TAB2D2) values ('W3z14','7','7','Decisione dell''Amministrazione (prima della pubblicazione)');
		Insert into TAB2 (TAB2COD,TAB2TIP,TAB2D1,TAB2D2) values ('W3z14','8','8','Altro (specificare)');
		Insert into TAB2 (TAB2COD,TAB2TIP,TAB2D1,TAB2D2) values ('W3z15','1','1','Bando di gara');
		Insert into TAB2 (TAB2COD,TAB2TIP,TAB2D1,TAB2D2) values ('W3z15','2','2','Avviso aggiudicazione');
		Insert into TAB2 (TAB2COD,TAB2TIP,TAB2D1,TAB2D2) values ('W3z15','3','3','Lettera di invito');
		Insert into TAB2 (TAB2COD,TAB2TIP,TAB2D1,TAB2D2) values ('W3z15','5','5','Rettifica bando/lettera');
		Insert into TAB2 (TAB2COD,TAB2TIP,TAB2D1,TAB2D2) values ('W3z15','6','6','Rettifica avviso');
		Insert into TAB2 (TAB2COD,TAB2TIP,TAB2D1,TAB2D2) values ('W3z16','1','1','Bando di gara');
		Insert into TAB2 (TAB2COD,TAB2TIP,TAB2D1,TAB2D2) values ('W3z16','2','2','Disciplinare');
		Insert into TAB2 (TAB2COD,TAB2TIP,TAB2D1,TAB2D2) values ('W3z16','3','3','Avviso aggiudicazione');
		Insert into TAB2 (TAB2COD,TAB2TIP,TAB2D1,TAB2D2) values ('W3z16','4','4','Rettifica');
		Insert into TAB2 (TAB2COD,TAB2TIP,TAB2D1,TAB2D2) values ('W3z16','5','5','Lettera di invito');
		Insert into TAB2 (TAB2COD,TAB2TIP,TAB2D1,TAB2D2) values ('W3z17','10','10','Si intende procedere all''acquisizione secondo l''art.9, comma 4, del D.L.n.66/2014');
		Insert into TAB2 (TAB2COD,TAB2TIP,TAB2D1,TAB2D2) values ('W3z17','01','01','Il territorio ricade in una regione a statuto speciale o in una provincia autonoma');
		Insert into TAB2 (TAB2COD,TAB2TIP,TAB2D1,TAB2D2) values ('W3z18','EAM-1','EAM-1','Stazione appaltante non soggetta agli obblighi di cui al dPCM 24 dicembre 2015');
		Insert into TAB2 (TAB2COD,TAB2TIP,TAB2D1,TAB2D2) values ('W3z18','EAM-2','EAM-2','Acquisto espletato mediante adesione a contratto di soggetto aggregatore');
		Insert into TAB2 (TAB2COD,TAB2TIP,TAB2D1,TAB2D2) values ('W3z18','EAM-3','EAM-3','Stazione appaltante iscritta nell''elenco dei soggetti aggregatori');
		Insert into TAB2 (TAB2COD,TAB2TIP,TAB2D1,TAB2D2) values ('W3z18','EAM-4','EAM-4','Soglie massime annuali di cui all''art. 1 del dPCM 24 dicembre 2015 non raggiunte');
		Insert into TAB2 (TAB2COD,TAB2TIP,TAB2D1,TAB2D2) values ('W3z18','EAM-5','EAM-5','Iniziativa non attiva presso il soggetto aggregatore');
		Insert into TAB2 (TAB2COD,TAB2TIP,TAB2D1,TAB2D2) values ('W3z18','EAM-6','EAM-6','Il fornitore non ha accettato ordinativi di importi minimi previsti dalle iniziative attive');
		Insert into TAB2 (TAB2COD,TAB2TIP,TAB2D1,TAB2D2) values ('W3z19','03','03','CONTRATTI ESCLUSI EX ART. 16 DEL CODICE');
		Insert into TAB2 (TAB2COD,TAB2TIP,TAB2D1,TAB2D2) values ('W3z19','04','04','CONTRATTI ESCLUSI EX ART. 17 DEL CODICE');
		Insert into TAB2 (TAB2COD,TAB2TIP,TAB2D1,TAB2D2) values ('W3z19','05','05','CONTRATTI ESCLUSI EX ART. 18 DEL CODICE');
		Insert into TAB2 (TAB2COD,TAB2TIP,TAB2D1,TAB2D2) values ('W3z19','12','12','CONTRATTI AFFIDATI AD UN ENTE AGGIUD. O DA UN CONCES. AD IMP COLLEGATE, EX ART 218 E 149 DEL CODICE');
		Insert into TAB2 (TAB2COD,TAB2TIP,TAB2D1,TAB2D2) values ('W3z19','18','18','CONTRATTO D''IMPORTO FINO A 150.000 EURO PER ORGANI COSTITUZIONALI');
		Insert into TAB2 (TAB2COD,TAB2TIP,TAB2D1,TAB2D2) values ('W3z19','19','19','CONTRATTI DI IMPORTO INFERIORE A  40.000 AFFIDATI EX ART 125 O CON PROCEDURA NEGOZIATA SENZA BANDO');
		Insert into TAB2 (TAB2COD,TAB2TIP,TAB2D1,TAB2D2) values ('W3z19','20','20','CONTRATTI FINO A  40.000 ESCLUSI EX ART. 19 DEL CODICE');
		Insert into TAB2 (TAB2COD,TAB2TIP,TAB2D1,TAB2D2) values ('W3z19','21','21','CONTRATTI FINO A  40.000 ESCLUSI EX ART. 22 DEL CODICE');
		Insert into TAB2 (TAB2COD,TAB2TIP,TAB2D1,TAB2D2) values ('W3z19','22','22','CONTRATTI FINO A  40.000 ESCLUSI EX ART. 23 DEL CODICE');
		Insert into TAB2 (TAB2COD,TAB2TIP,TAB2D1,TAB2D2) values ('W3z19','23','23','CONTRATTI FINO A  40.000 ESCLUSI EX ART. 24 DEL CODICE');
		Insert into TAB2 (TAB2COD,TAB2TIP,TAB2D1,TAB2D2) values ('W3z19','24','24','CONTRATTI FINO A  40.000 ESCLUSI EX ART. 26 DEL CODICE');
		Insert into TAB2 (TAB2COD,TAB2TIP,TAB2D1,TAB2D2) values ('W3z19','25','25','CONTRATTI FINO A  40.000 EX ART. 20 c. 2 DEL CODICE');
		Insert into TAB2 (TAB2COD,TAB2TIP,TAB2D1,TAB2D2) values ('W3z19','26','26','CONTRATTI FINO A  40.000 EX ART. 21 DEL DEL CODICE CON PREVALENZA SERVIZI DI CUI ALL''ALLEGATO IIB');
		Insert into TAB2 (TAB2COD,TAB2TIP,TAB2D1,TAB2D2) values ('W3z19','27','27','CONTRATTI FINO A  40.000 ESCLUSI EX ART. 20 c. 1 DEL CODICE');
		Insert into TAB2 (TAB2COD,TAB2TIP,TAB2D1,TAB2D2) values ('W3z19','28','28','CONTRATTI FINO A  40.000 ESCLUSI EX ART. 21 DEL COD CON PREVALENZA SERVIZI DI CUI ALL''ALLEGATO IIA');
		Insert into TAB2 (TAB2COD,TAB2TIP,TAB2D1,TAB2D2) values ('W3z20','01','01','PROCEDURA APERTA');
		Insert into TAB2 (TAB2COD,TAB2TIP,TAB2D1,TAB2D2) values ('W3z20','02','02','PROCEDURA RISTRETTA');
		Insert into TAB2 (TAB2COD,TAB2TIP,TAB2D1,TAB2D2) values ('W3z20','03','03','PROCEDURA NEGOZIATA PREVIA PUBBLICAZIONE DEL BANDO');
		Insert into TAB2 (TAB2COD,TAB2TIP,TAB2D1,TAB2D2) values ('W3z20','04','04','PROCEDURA NEGOZIATA SENZA PREVIA PUBBLICAZIONE DEL BANDO');
		Insert into TAB2 (TAB2COD,TAB2TIP,TAB2D1,TAB2D2) values ('W3z20','05','05','DIALOGO COMPETITIVO');
		Insert into TAB2 (TAB2COD,TAB2TIP,TAB2D1,TAB2D2) values ('W3z20','06','06','PROCEDURA NEGOZIATA SENZA PREVIA INDIZIONE DI  GARA ART. 221 D.LGS. 163/2006');
		Insert into TAB2 (TAB2COD,TAB2TIP,TAB2D1,TAB2D2) values ('W3z20','07','07','SISTEMA DINAMICO DI ACQUISIZIONE');
		Insert into TAB2 (TAB2COD,TAB2TIP,TAB2D1,TAB2D2) values ('W3z20','08','08','AFFIDAMENTO IN ECONOMIA - COTTIMO FIDUCIARIO');
		Insert into TAB2 (TAB2COD,TAB2TIP,TAB2D1,TAB2D2) values ('W3z20','14','14','PROCEDURA SELETTIVA EX ART 238 C.7, D.LGS. 163/2006');
		Insert into TAB2 (TAB2COD,TAB2TIP,TAB2D1,TAB2D2) values ('W3z20','17','17','AFFIDAMENTO DIRETTO EX ART. 5 DELLA LEGGE N.381/91');
		Insert into TAB2 (TAB2COD,TAB2TIP,TAB2D1,TAB2D2) values ('W3z20','21','21','PROCEDURA RISTRETTA DERIVANTE DA AVVISI CON CUI SI INDICE LA GARA');
		Insert into TAB2 (TAB2COD,TAB2TIP,TAB2D1,TAB2D2) values ('W3z20','22','22','PROCEDURA NEGOZIATA DERIVANTE DA AVVISI CON CUI SI INDICE LA GARA');
		Insert into TAB2 (TAB2COD,TAB2TIP,TAB2D1,TAB2D2) values ('W3z20','23','23','AFFIDAMENTO IN ECONOMIA - AFFIDAMENTO DIRETTO');
		Insert into TAB2 (TAB2COD,TAB2TIP,TAB2D1,TAB2D2) values ('W3z20','24','24','AFFIDAMENTO DIRETTO A SOCIETA'' IN HOUSE');
		Insert into TAB2 (TAB2COD,TAB2TIP,TAB2D1,TAB2D2) values ('W3z20','25','25','AFFIDAMENTO DIRETTO A SOCIETA'' RAGGRUPPATE/CONSORZIATE O CONTROLLATE NELLE CONCESSIONI DI LL.PP');
		Insert into TAB2 (TAB2COD,TAB2TIP,TAB2D1,TAB2D2) values ('W3z20','26','26','AFFIDAMENTO DIRETTO IN ADESIONE AD ACCORDO QUADRO/CONVENZIONE');
		Insert into TAB2 (TAB2COD,TAB2TIP,TAB2D1,TAB2D2) values ('W3z20','27','27','CONFRONTO COMPETITIVO IN ADESIONE AD ACCORDO QUADRO/CONVENZIONE');
		Insert into TAB2 (TAB2COD,TAB2TIP,TAB2D1,TAB2D2) values ('W3z20','28','28','PROCEDURA AI SENSI DEI REGOLAMENTI DEGLI ORGANI COSTITUZIONALI');
		Insert into TAB2 (TAB2COD,TAB2TIP,TAB2D1,TAB2D2) values ('W3z20','29','29','PROCEDURA RISTRETTA SEMPLIFICATA');
		Insert into TAB2 (TAB2COD,TAB2TIP,TAB2D1,TAB2D2) values ('W3z20','30','30','PROCEDURA DERIVANTE DA LEGGE REGIONALE');
		Insert into TAB2 (TAB2COD,TAB2TIP,TAB2D1,TAB2D2) values ('W3z20','31','31','AFFIDAMENTO DIRETTO PER VARIANTE SUPERIORE AL 20% DELL''IMPORTO CONTRATTUALE');

		Insert into TAB4 (TAB4COD,TAB4TIP,TAB4DESC) values ('W3_1','W3001','Tipologia delle stazione appaltante');
		Insert into TAB4 (TAB4COD,TAB4TIP,TAB4DESC) values ('W3_1','W3002','Tipologia lavoro');
		Insert into TAB4 (TAB4COD,TAB4TIP,TAB4DESC) values ('W3_1','W3003','Prestazioni comprese nell''appalto');
		Insert into TAB4 (TAB4COD,TAB4TIP,TAB4DESC) values ('W3_1','W3004','Tipologia del soggetto incaricato della prestazione');
		Insert into TAB4 (TAB4COD,TAB4TIP,TAB4DESC) values ('W3_1','W3005','Procedura di scelta del contraente');
		Insert into TAB4 (TAB4COD,TAB4TIP,TAB4DESC) values ('W3_1','W3006','Condizioni che giustificano il ricorso alla procedura negoziata senza previa pubblicazione');
		Insert into TAB4 (TAB4COD,TAB4TIP,TAB4DESC) values ('W3_1','W3007','Criteri di aggiudicazione');
		Insert into TAB4 (TAB4COD,TAB4TIP,TAB4DESC) values ('W3_1','W3008','Modalità di indizione della gara');
		Insert into TAB4 (TAB4COD,TAB4TIP,TAB4DESC) values ('W3_1','W3009','Requisiti per eventuali componenti servizi/forniture');
		Insert into TAB4 (TAB4COD,TAB4TIP,TAB4DESC) values ('W3_1','W3010','Tipologia del soggetto aggiudicatario / affidatario');
		Insert into TAB4 (TAB4COD,TAB4TIP,TAB4DESC) values ('W3_1','W3011','Ruolo nell''associazione');
		Insert into TAB4 (TAB4COD,TAB4TIP,TAB4DESC) values ('W3_1','W3012','Modalità di pagamento dei corrispettivi');
		Insert into TAB4 (TAB4COD,TAB4TIP,TAB4DESC) values ('W3_1','W3013','Causa dell''interruzione anticipata');
		Insert into TAB4 (TAB4COD,TAB4TIP,TAB4DESC) values ('W3_1','W3014','Motivazione della risoluzione (in caso di risoluzione)');
		Insert into TAB4 (TAB4COD,TAB4TIP,TAB4DESC) values ('W3_1','W3015','Modalità del collaudo');
		Insert into TAB4 (TAB4COD,TAB4TIP,TAB4DESC) values ('W3_1','W3016','Motivazione della sospensione');
		Insert into TAB4 (TAB4COD,TAB4TIP,TAB4DESC) values ('W3_1','W3017','Motivazione della variante per i lavori');
		Insert into TAB4 (TAB4COD,TAB4TIP,TAB4DESC) values ('W3_1','W3018','Motivazione della variante per le forniture ed i servizi');
		Insert into TAB4 (TAB4COD,TAB4TIP,TAB4DESC) values ('W3_1','W3019','Modalità di acquisizione forniture / servizi');
		Insert into TAB4 (TAB4COD,TAB4TIP,TAB4DESC) values ('W3_1','W3020','Fase di esecuzione');
		Insert into TAB4 (TAB4COD,TAB4TIP,TAB4DESC) values ('W3_1','W3021','Stato di compilazione dei dati relativi alla fase');
		Insert into TAB4 (TAB4COD,TAB4TIP,TAB4DESC) values ('W3_1','W3022','Esito aggiudicazione');
		Insert into TAB4 (TAB4COD,TAB4TIP,TAB4DESC) values ('W3_1','W3025','Stato della gara');
		Insert into TAB4 (TAB4COD,TAB4TIP,TAB4DESC) values ('W3_1','W3026','Stato del lotto');
		Insert into TAB4 (TAB4COD,TAB4TIP,TAB4DESC) values ('W3_1','W3027','Articolo esclusione');
		Insert into TAB4 (TAB4COD,TAB4TIP,TAB4DESC) values ('W3_1','W3028','Stato della gara sul sistema AVCPass');
		Insert into TAB4 (TAB4COD,TAB4TIP,TAB4DESC) values ('W3_1','W3029','Codice del tipo documento');
		Insert into TAB4 (TAB4COD,TAB4TIP,TAB4DESC) values ('W3_1','W3030','Motivo richiesta CIG');
		Insert into TAB4 (TAB4COD,TAB4TIP,TAB4DESC) values ('W3_1','W3031','Categorie merceologiche');
		Insert into TAB4 (TAB4COD,TAB4TIP,TAB4DESC) values ('W3_1','W3032','Motivo richiesta CIG per i comuni');
		Insert into TAB4 (TAB4COD,TAB4TIP,TAB4DESC) values ('W3_1','W3999','Modalità realizzazione');
		Insert into TAB4 (TAB4COD,TAB4TIP,TAB4DESC) values ('W3_1','W3z01','Codice dello strumento di programmazione');
		Insert into TAB4 (TAB4COD,TAB4TIP,TAB4DESC) values ('W3_1','W3z02','Tipo di finanziamento');
		Insert into TAB4 (TAB4COD,TAB4TIP,TAB4DESC) values ('W3_1','W3z03','Categoria prevalente e categorie scorporabili');
		Insert into TAB4 (TAB4COD,TAB4TIP,TAB4DESC) values ('W3_1','W3z04','L''avanzamento raggiunto, rispetto al cronoprogramma, registra...');
		Insert into TAB4 (TAB4COD,TAB4TIP,TAB4DESC) values ('W3_1','W3z05','Tipo contratto');
		Insert into TAB4 (TAB4COD,TAB4TIP,TAB4DESC) values ('W3_1','W3z06','Oneri economici derivanti dalla risoluzione / recesso');
		Insert into TAB4 (TAB4COD,TAB4TIP,TAB4DESC) values ('W3_1','W3z07','Ipotesi di recesso - Tipologia comunicazione');
		Insert into TAB4 (TAB4COD,TAB4TIP,TAB4DESC) values ('W3_1','W3z08','Tipo settore');
		Insert into TAB4 (TAB4COD,TAB4TIP,TAB4DESC) values ('W3_1','W3z09','Avvalimento');
		Insert into TAB4 (TAB4COD,TAB4TIP,TAB4DESC) values ('W3_1','W3z10','Esito del collaudo');
		Insert into TAB4 (TAB4COD,TAB4TIP,TAB4DESC) values ('W3_1','W3z11','Classe d''importo');
		Insert into TAB4 (TAB4COD,TAB4TIP,TAB4DESC) values ('W3_1','W3z13','Stato SIMOG per il lotto');
		Insert into TAB4 (TAB4COD,TAB4TIP,TAB4DESC) values ('W3_1','W3z14','Stato SIMOG per la gara');
		Insert into TAB4 (TAB4COD,TAB4TIP,TAB4DESC) values ('W3_1','W3z15','Tipo operazione');
		Insert into TAB4 (TAB4COD,TAB4TIP,TAB4DESC) values ('W3_1','W3z16','Tipo documento');
		Insert into TAB4 (TAB4COD,TAB4TIP,TAB4DESC) values ('W3_1','W3z12','Codice ISO 3166-1 della nazione dell''aggiudicatario o affidatario ove estero');

		Insert into TAB5 (TAB5COD,TAB5TIP,TAB5DESC) values ('G_j00','W3','Vigilanza CIG');


		Insert into W_OGGETTI (TIPO,OGGETTO,DESCR,ORD) values ('MENU','SCHEDE','Menù Gestione contratti',1700);
		Insert into W_OGGETTI (TIPO,OGGETTO,DESCR,ORD) values ('SUBMENU','SCHEDE.Trova-schede','Trova contratti',1710);
		Insert into W_OGGETTI (TIPO,OGGETTO,DESCR,ORD) values ('FUNZ','ALT.W3.HomeW3.importa-alice','Homepage - Importa nuovo contratto da ALICE',1715);
		Insert into W_OGGETTI (TIPO,OGGETTO,DESCR,ORD) values ('FUNZ','ALT.W3.HomeW3.conteggioFeedback','Homepage - Conteggio feedback importati e non analizzati',1716);
		Insert into W_OGGETTI (TIPO,OGGETTO,DESCR,ORD) values ('MASC','W3.W3DACO-scheda','Dati contratto',1720);
		Insert into W_OGGETTI (TIPO,OGGETTO,DESCR,ORD) values ('PAGE','W3.W3DACO-scheda.W3DACO','Dati comuni',1730);
		Insert into W_OGGETTI (TIPO,OGGETTO,DESCR,ORD) values ('FUNZ','ALT.W3.W3DACO-scheda.W3DACO.HELPPAGINA','Help di pagina',1740);
		Insert into W_OGGETTI (TIPO,OGGETTO,DESCR,ORD) values ('FUNZ','MOD.W3.W3DACO-scheda.W3DACO.SCHEDAMOD','Modifica',1750);
		Insert into W_OGGETTI (TIPO,OGGETTO,DESCR,ORD) values ('FUNZ','INS.W3.W3DACO-scheda.W3DACO.SCHEDANUOVO','Nuovo',1760);
		Insert into W_OGGETTI (TIPO,OGGETTO,DESCR,ORD) values ('PAGE','W3.W3DACO-scheda.W3FASI','Lista delle fasi',1770);
		Insert into W_OGGETTI (TIPO,OGGETTO,DESCR,ORD) values ('FUNZ','ALT.W3.W3DACO-scheda.W3FASI.HELPPAGINA','Help di pagina',1780);
		Insert into W_OGGETTI (TIPO,OGGETTO,DESCR,ORD) values ('FUNZ','DEL.W3.W3DACO-scheda.W3FASI.DEL','Elimina',1790);
		Insert into W_OGGETTI (TIPO,OGGETTO,DESCR,ORD) values ('FUNZ','DEL.W3.W3DACO-scheda.W3FASI.LISTADELSEL','Elimina selezionati',1800);
		Insert into W_OGGETTI (TIPO,OGGETTO,DESCR,ORD) values ('FUNZ','INS.W3.W3DACO-scheda.W3FASI.LISTANUOVO','Nuovo',1810);
		Insert into W_OGGETTI (TIPO,OGGETTO,DESCR,ORD) values ('FUNZ','MOD.W3.W3DACO-scheda.W3FASI.MOD','Modifica',1820);
		Insert into W_OGGETTI (TIPO,OGGETTO,DESCR,ORD) values ('MASC','W3.W3DACO-trova','Trova contratti',1830);
		Insert into W_OGGETTI (TIPO,OGGETTO,DESCR,ORD) values ('FUNZ','ALT.W3.W3DACO-trova.HELPPAGINA','Help di pagina',1840);
		Insert into W_OGGETTI (TIPO,OGGETTO,DESCR,ORD) values ('FUNZ','INS.W3.W3DACO-trova.TROVANUOVO','Nuovo',1850);
		Insert into W_OGGETTI (TIPO,OGGETTO,DESCR,ORD) values ('MASC','W3.W3FASI-Scheda','Scheda della fase',1860);
		Insert into W_OGGETTI (TIPO,OGGETTO,DESCR,ORD) values ('PAGE','W3.W3FASI-Scheda.W3APPA','Fase di aggiudicazione',1870);
		Insert into W_OGGETTI (TIPO,OGGETTO,DESCR,ORD) values ('PAGE','W3.W3FASI-Scheda.W3APPA-W3AGGI','Fase di aggiudicazione - Imprese aggiudicatarie/affidatario',1880);
		Insert into W_OGGETTI (TIPO,OGGETTO,DESCR,ORD) values ('FUNZ','ALT.W3.W3FASI-Scheda.W3APPA.HELPPAGINA','Help di pagina',1910);
		Insert into W_OGGETTI (TIPO,OGGETTO,DESCR,ORD) values ('FUNZ','MOD.W3.W3FASI-Scheda.W3APPA.SCHEDAMOD','Modifica',1920);
		Insert into W_OGGETTI (TIPO,OGGETTO,DESCR,ORD) values ('FUNZ','INS.W3.W3FASI-Scheda.W3APPA.SCHEDANUOVO','Nuovo',1930);
		Insert into W_OGGETTI (TIPO,OGGETTO,DESCR,ORD) values ('PAGE','W3.W3FASI-Scheda.W3APPA-W3INCA-PA','Fase di aggiudicazione - Prestazioni progettuali',1940);
		Insert into W_OGGETTI (TIPO,OGGETTO,DESCR,ORD) values ('PAGE','W3.W3FASI-Scheda.W3APPA-W3INCA-RA','Fase di aggiudicazione - Soggetti ed incarichi',1950);
		Insert into W_OGGETTI (TIPO,OGGETTO,DESCR,ORD) values ('PAGE','W3.W3FASI-Scheda.W3INIZ','Fase iniziale di esecuzione del contratto',1960);
		Insert into W_OGGETTI (TIPO,OGGETTO,DESCR,ORD) values ('PAGE','W3.W3FASI-Scheda.W3INIZ-W3AGGI','Fase iniziale di esecuzione del contratto - Posizione contributiva/assicurativa',1970);
		Insert into W_OGGETTI (TIPO,OGGETTO,DESCR,ORD) values ('PAGE','W3.W3FASI-Scheda.W3INIZ-W3INCA-IN','Fase iniziale di esecuzione del contratto - Soggetti ed incarichi',1980);
		Insert into W_OGGETTI (TIPO,OGGETTO,DESCR,ORD) values ('FUNZ','ALT.W3.W3FASI-Scheda.W3INIZ.HELPPAGINA','Help di pagina',1990);
		Insert into W_OGGETTI (TIPO,OGGETTO,DESCR,ORD) values ('FUNZ','MOD.W3.W3FASI-Scheda.W3INIZ.SCHEDAMOD','Modifica',2000);
		Insert into W_OGGETTI (TIPO,OGGETTO,DESCR,ORD) values ('FUNZ','INS.W3.W3FASI-Scheda.W3INIZ.SCHEDANUOVO','Nuovo',2010);
		Insert into W_OGGETTI (TIPO,OGGETTO,DESCR,ORD) values ('PAGE','W3.W3FASI-Scheda.W3AVAN','Fase di esecuzione e avanzamento del contratto',2020);
		Insert into W_OGGETTI (TIPO,OGGETTO,DESCR,ORD) values ('FUNZ','ALT.W3.W3FASI-Scheda.W3AVAN.HELPPAGINA','Help di pagina',2030);
		Insert into W_OGGETTI (TIPO,OGGETTO,DESCR,ORD) values ('FUNZ','MOD.W3.W3FASI-Scheda.W3AVAN.SCHEDAMOD','Modifica',2040);
		Insert into W_OGGETTI (TIPO,OGGETTO,DESCR,ORD) values ('FUNZ','INS.W3.W3FASI-Scheda.W3AVAN.SCHEDANUOVO','Nuovo',2050);
		Insert into W_OGGETTI (TIPO,OGGETTO,DESCR,ORD) values ('PAGE','W3.W3FASI-Scheda.W3CONC','Fase di conclusione del contratto',2060);
		Insert into W_OGGETTI (TIPO,OGGETTO,DESCR,ORD) values ('FUNZ','ALT.W3.W3FASI-Scheda.W3CONC.HELPPAGINA','Help di pagina',2070);
		Insert into W_OGGETTI (TIPO,OGGETTO,DESCR,ORD) values ('FUNZ','MOD.W3.W3FASI-Scheda.W3CONC.SCHEDAMOD','Modifica',2080);
		Insert into W_OGGETTI (TIPO,OGGETTO,DESCR,ORD) values ('FUNZ','INS.W3.W3FASI-Scheda.W3CONC.SCHEDANUOVO','Nuovo',2090);
		Insert into W_OGGETTI (TIPO,OGGETTO,DESCR,ORD) values ('PAGE','W3.W3FASI-Scheda.W3COLL','Fase di collaudo',2100);
		Insert into W_OGGETTI (TIPO,OGGETTO,DESCR,ORD) values ('PAGE','W3.W3FASI-Scheda.W3COLL-W3INCA-CO','Fase di collaudo - Soggetti ed incarichi',2110);
		Insert into W_OGGETTI (TIPO,OGGETTO,DESCR,ORD) values ('FUNZ','ALT.W3.W3FASI-Scheda.W3COLL.HELPPAGINA','Help di pagina',2120);
		Insert into W_OGGETTI (TIPO,OGGETTO,DESCR,ORD) values ('FUNZ','MOD.W3.W3FASI-Scheda.W3COLL.SCHEDAMOD','Modifica',2130);
		Insert into W_OGGETTI (TIPO,OGGETTO,DESCR,ORD) values ('FUNZ','INS.W3.W3FASI-Scheda.W3COLL.SCHEDANUOVO','Nuovo',2140);
		Insert into W_OGGETTI (TIPO,OGGETTO,DESCR,ORD) values ('PAGE','W3.W3FASI-Scheda.W3SOSP','Sospensione',2150);
		Insert into W_OGGETTI (TIPO,OGGETTO,DESCR,ORD) values ('FUNZ','ALT.W3.W3FASI-Scheda.W3SOSP.HELPPAGINA','Help di pagina',2160);
		Insert into W_OGGETTI (TIPO,OGGETTO,DESCR,ORD) values ('FUNZ','MOD.W3.W3FASI-Scheda.W3SOSP.SCHEDAMOD','Modifica',2170);
		Insert into W_OGGETTI (TIPO,OGGETTO,DESCR,ORD) values ('FUNZ','INS.W3.W3FASI-Scheda.W3SOSP.SCHEDANUOVO','Nuovo',2180);
		Insert into W_OGGETTI (TIPO,OGGETTO,DESCR,ORD) values ('PAGE','W3.W3FASI-Scheda.W3VARI','Variante',2190);
		Insert into W_OGGETTI (TIPO,OGGETTO,DESCR,ORD) values ('FUNZ','ALT.W3.W3FASI-Scheda.W3VARI.HELPPAGINA','Help di pagina',2200);
		Insert into W_OGGETTI (TIPO,OGGETTO,DESCR,ORD) values ('FUNZ','MOD.W3.W3FASI-Scheda.W3VARI.SCHEDAMOD','Modifica',2210);
		Insert into W_OGGETTI (TIPO,OGGETTO,DESCR,ORD) values ('FUNZ','INS.W3.W3FASI-Scheda.W3VARI.SCHEDANUOVO','Nuovo',2220);
		Insert into W_OGGETTI (TIPO,OGGETTO,DESCR,ORD) values ('PAGE','W3.W3FASI-Scheda.W3ACCO','Accordo bonario',2230);
		Insert into W_OGGETTI (TIPO,OGGETTO,DESCR,ORD) values ('FUNZ','ALT.W3.W3FASI-Scheda.W3ACCO.HELPPAGINA','Help di pagina',2240);
		Insert into W_OGGETTI (TIPO,OGGETTO,DESCR,ORD) values ('FUNZ','MOD.W3.W3FASI-Scheda.W3ACCO.SCHEDAMOD','Modifica',2250);
		Insert into W_OGGETTI (TIPO,OGGETTO,DESCR,ORD) values ('FUNZ','INS.W3.W3FASI-Scheda.W3ACCO.SCHEDANUOVO','Nuovo',2260);
		Insert into W_OGGETTI (TIPO,OGGETTO,DESCR,ORD) values ('PAGE','W3.W3FASI-Scheda.W3SUBA','Subappalto',2270);
		Insert into W_OGGETTI (TIPO,OGGETTO,DESCR,ORD) values ('FUNZ','ALT.W3.W3FASI-Scheda.W3SUBA.HELPPAGINA','Help di pagina',2280);
		Insert into W_OGGETTI (TIPO,OGGETTO,DESCR,ORD) values ('FUNZ','MOD.W3.W3FASI-Scheda.W3SUBA.SCHEDAMOD','Modifica',2290);
		Insert into W_OGGETTI (TIPO,OGGETTO,DESCR,ORD) values ('FUNZ','INS.W3.W3FASI-Scheda.W3SUBA.SCHEDANUOVO','Nuova',2300);
		Insert into W_OGGETTI (TIPO,OGGETTO,DESCR,ORD) values ('PAGE','W3.W3FASI-Scheda.W3RITA','Ritardo',2310);
		Insert into W_OGGETTI (TIPO,OGGETTO,DESCR,ORD) values ('FUNZ','ALT.W3.W3FASI-Scheda.W3RITA.HELPPAGINA','Help di pagina',2320);
		Insert into W_OGGETTI (TIPO,OGGETTO,DESCR,ORD) values ('FUNZ','MOD.W3.W3FASI-Scheda.W3RITA.SCHEDAMOD','Modifica',2330);
		Insert into W_OGGETTI (TIPO,OGGETTO,DESCR,ORD) values ('FUNZ','INS.W3.W3FASI-Scheda.W3RITA.SCHEDANUOVO','Nuovo',2340);
		Insert into W_OGGETTI (TIPO,OGGETTO,DESCR,ORD) values ('FUNZ','ALT.W3.W3FASI-Scheda.W3APPA-W3INCA-PA.HELPPAGINA','Help di pagina',2350);
		Insert into W_OGGETTI (TIPO,OGGETTO,DESCR,ORD) values ('FUNZ','DEL.W3.W3FASI-Scheda.W3APPA-W3INCA-PA.LISTADELSEL','Elimina selezionati',2360);
		Insert into W_OGGETTI (TIPO,OGGETTO,DESCR,ORD) values ('FUNZ','INS.W3.W3FASI-Scheda.W3APPA-W3INCA-PA.LISTANUOVO','Nuovo',2370);
		Insert into W_OGGETTI (TIPO,OGGETTO,DESCR,ORD) values ('FUNZ','DEL.W3.W3FASI-Scheda.W3APPA-W3INCA-PA.DEL','Elimina',2380);
		Insert into W_OGGETTI (TIPO,OGGETTO,DESCR,ORD) values ('FUNZ','MOD.W3.W3FASI-Scheda.W3APPA-W3INCA-PA.MOD','Modifica',2390);
		Insert into W_OGGETTI (TIPO,OGGETTO,DESCR,ORD) values ('MASC','W3.W3INCA-Scheda','Scheda dei tecnici incaricati',2400);
		Insert into W_OGGETTI (TIPO,OGGETTO,DESCR,ORD) values ('FUNZ','ALT.W3.W3INCA-Scheda.HELPPAGINA','Help di pagina',2410);
		Insert into W_OGGETTI (TIPO,OGGETTO,DESCR,ORD) values ('FUNZ','MOD.W3.W3INCA-Scheda.SCHEDAMOD','Modifica',2420);
		Insert into W_OGGETTI (TIPO,OGGETTO,DESCR,ORD) values ('FUNZ','INS.W3.W3INCA-Scheda.SCHEDANUOVO','Nuovo',2430);
		Insert into W_OGGETTI (TIPO,OGGETTO,DESCR,ORD) values ('FUNZ','DEL.W3.W3FASI-Scheda.W3APPA-W3AGGI.DEL','Elimina',2610);
		Insert into W_OGGETTI (TIPO,OGGETTO,DESCR,ORD) values ('FUNZ','ALT.W3.W3FASI-Scheda.W3APPA-W3AGGI.HELPPAGINA','Help di pagina',2620);
		Insert into W_OGGETTI (TIPO,OGGETTO,DESCR,ORD) values ('FUNZ','DEL.W3.W3FASI-Scheda.W3APPA-W3AGGI.LISTADELSEL','Elimina selezionati',2630);
		Insert into W_OGGETTI (TIPO,OGGETTO,DESCR,ORD) values ('FUNZ','INS.W3.W3FASI-Scheda.W3APPA-W3AGGI.LISTANUOVO','Nuovo',2640);
		Insert into W_OGGETTI (TIPO,OGGETTO,DESCR,ORD) values ('FUNZ','MOD.W3.W3FASI-Scheda.W3APPA-W3AGGI.MOD','Modifica',2650);
		Insert into W_OGGETTI (TIPO,OGGETTO,DESCR,ORD) values ('MASC','W3.W3AGGI-Scheda','Scheda impresa aggiudicataria/affidataria',2660);
		Insert into W_OGGETTI (TIPO,OGGETTO,DESCR,ORD) values ('FUNZ','ALT.W3.W3AGGI-Scheda.HELPPAGINA','Help di pagina',2670);
		Insert into W_OGGETTI (TIPO,OGGETTO,DESCR,ORD) values ('FUNZ','MOD.W3.W3AGGI-Scheda.SCHEDAMOD','Modifica',2680);
		Insert into W_OGGETTI (TIPO,OGGETTO,DESCR,ORD) values ('FUNZ','INS.W3.W3AGGI-Scheda.SCHEDANUOVO','Nuovo',2690);
		Insert into W_OGGETTI (TIPO,OGGETTO,DESCR,ORD) values ('FUNZ','DEL.W3.W3FASI-Scheda.W3APPA-W3INCA-RA.DEL','Elimina',2700);
		Insert into W_OGGETTI (TIPO,OGGETTO,DESCR,ORD) values ('FUNZ','ALT.W3.W3FASI-Scheda.W3APPA-W3INCA-RA.HELPPAGINA','Help di pagina',2710);
		Insert into W_OGGETTI (TIPO,OGGETTO,DESCR,ORD) values ('FUNZ','DEL.W3.W3FASI-Scheda.W3APPA-W3INCA-RA.LISTADELSEL','Elimina selezionati',2720);
		Insert into W_OGGETTI (TIPO,OGGETTO,DESCR,ORD) values ('FUNZ','INS.W3.W3FASI-Scheda.W3APPA-W3INCA-RA.LISTANUOVO','Nuovo',2730);
		Insert into W_OGGETTI (TIPO,OGGETTO,DESCR,ORD) values ('FUNZ','MOD.W3.W3FASI-Scheda.W3APPA-W3INCA-RA.MOD','Modifica',2740);
		Insert into W_OGGETTI (TIPO,OGGETTO,DESCR,ORD) values ('FUNZ','DEL.W3.W3FASI-Scheda.W3INIZ-W3AGGI.DEL','Elimina',2750);
		Insert into W_OGGETTI (TIPO,OGGETTO,DESCR,ORD) values ('FUNZ','ALT.W3.W3FASI-Scheda.W3INIZ-W3AGGI.HELPPAGINA','Help di pagina',2760);
		Insert into W_OGGETTI (TIPO,OGGETTO,DESCR,ORD) values ('FUNZ','DEL.W3.W3FASI-Scheda.W3INIZ-W3AGGI.LISTADELSEL','Elimina selezionati',2770);
		Insert into W_OGGETTI (TIPO,OGGETTO,DESCR,ORD) values ('FUNZ','INS.W3.W3FASI-Scheda.W3INIZ-W3AGGI.LISTANUOVO','Nuovo',2780);
		Insert into W_OGGETTI (TIPO,OGGETTO,DESCR,ORD) values ('FUNZ','MOD.W3.W3FASI-Scheda.W3INIZ-W3AGGI.MOD','Modifica',2790);
		Insert into W_OGGETTI (TIPO,OGGETTO,DESCR,ORD) values ('FUNZ','DEL.W3.W3FASI-Scheda.W3COLL-W3INCA-CO.DEL','Elimina',2800);
		Insert into W_OGGETTI (TIPO,OGGETTO,DESCR,ORD) values ('FUNZ','ALT.W3.W3FASI-Scheda.W3COLL-W3INCA-CO.HELPPAGINA','Help di pagina',2810);
		Insert into W_OGGETTI (TIPO,OGGETTO,DESCR,ORD) values ('FUNZ','DEL.W3.W3FASI-Scheda.W3COLL-W3INCA-CO.LISTADELSEL','Elimina selezionati',2820);
		Insert into W_OGGETTI (TIPO,OGGETTO,DESCR,ORD) values ('FUNZ','INS.W3.W3FASI-Scheda.W3COLL-W3INCA-CO.LISTANUOVO','Nuovo',2830);
		Insert into W_OGGETTI (TIPO,OGGETTO,DESCR,ORD) values ('FUNZ','MOD.W3.W3FASI-Scheda.W3COLL-W3INCA-CO.MOD','Modifica',2840);
		Insert into W_OGGETTI (TIPO,OGGETTO,DESCR,ORD) values ('MASC','W3.W3DACO-lista','Lista dei contratti',2850);
		Insert into W_OGGETTI (TIPO,OGGETTO,DESCR,ORD) values ('FUNZ','ALT.W3.W3DACO-lista.HELPPAGINA','Help di pagina',2860);
		Insert into W_OGGETTI (TIPO,OGGETTO,DESCR,ORD) values ('FUNZ','DEL.W3.W3DACO-lista.LISTADELSEL','Elimina selezionati',2870);
		Insert into W_OGGETTI (TIPO,OGGETTO,DESCR,ORD) values ('FUNZ','INS.W3.W3DACO-lista.LISTANUOVO','Nuovo',2880);
		Insert into W_OGGETTI (TIPO,OGGETTO,DESCR,ORD) values ('FUNZ','MOD.W3.W3DACO-lista.MOD','Modifica',2890);
		Insert into W_OGGETTI (TIPO,OGGETTO,DESCR,ORD) values ('FUNZ','DEL.W3.W3DACO-lista.DEL','Elimina',2900);
		Insert into W_OGGETTI (TIPO,OGGETTO,DESCR,ORD) values ('FUNZ','ALT.W3.W3DACO-lista.importa-alice','Importa nuovo contratto da ALICE',2910);
		Insert into W_OGGETTI (TIPO,OGGETTO,DESCR,ORD) values ('SUBMENU','ARCHIVI.Archivio-stazioni-appaltanti','Archivio stazioni appaltanti',2930);
		Insert into W_OGGETTI (TIPO,OGGETTO,DESCR,ORD) values ('MASC','W3.W3STAP-Scheda','Scheda della stazione appaltante',2940);
		Insert into W_OGGETTI (TIPO,OGGETTO,DESCR,ORD) values ('FUNZ','MOD.W3.W3STAP-Scheda.SCHEDAMOD','Modifica',2950);
		Insert into W_OGGETTI (TIPO,OGGETTO,DESCR,ORD) values ('FUNZ','INS.W3.W3STAP-Scheda.SCHEDANUOVO','Nuovo',2960);
		Insert into W_OGGETTI (TIPO,OGGETTO,DESCR,ORD) values ('MASC','W3.W3STAP-lista','Lista stazioni appaltanti',2970);
		Insert into W_OGGETTI (TIPO,OGGETTO,DESCR,ORD) values ('FUNZ','DEL.W3.W3STAP-lista.DEL','Elimina',2980);
		Insert into W_OGGETTI (TIPO,OGGETTO,DESCR,ORD) values ('FUNZ','ALT.W3.W3STAP-lista.HELPPAGINA','Help di pagina',2990);
		Insert into W_OGGETTI (TIPO,OGGETTO,DESCR,ORD) values ('FUNZ','DEL.W3.W3STAP-lista.LISTADELSEL','Elimina selezionati',3000);
		Insert into W_OGGETTI (TIPO,OGGETTO,DESCR,ORD) values ('FUNZ','INS.W3.W3STAP-lista.LISTANUOVO','Nuovo',3010);
		Insert into W_OGGETTI (TIPO,OGGETTO,DESCR,ORD) values ('FUNZ','MOD.W3.W3STAP-lista.MOD','Modifica',3020);
		Insert into W_OGGETTI (TIPO,OGGETTO,DESCR,ORD) values ('FUNZ','ALT.W3.W3STAP-Scheda.HELPPAGINA','Help di pagina',3030);
		Insert into W_OGGETTI (TIPO,OGGETTO,DESCR,ORD) values ('PAGE','W3.W3DACO-scheda.W3XML','Lista delle esportazioni in formato XML',3040);
		Insert into W_OGGETTI (TIPO,OGGETTO,DESCR,ORD) values ('FUNZ','DEL.W3.W3DACO-scheda.W3XML.DEL','Elimina',3050);
		Insert into W_OGGETTI (TIPO,OGGETTO,DESCR,ORD) values ('FUNZ','ALT.W3.W3DACO-scheda.W3XML.HELPPAGINA','Help di pagina',3060);
		Insert into W_OGGETTI (TIPO,OGGETTO,DESCR,ORD) values ('FUNZ','DEL.W3.W3DACO-scheda.W3XML.LISTADELSEL','Elimina selezionati',3070);
		Insert into W_OGGETTI (TIPO,OGGETTO,DESCR,ORD) values ('FUNZ','INS.W3.W3DACO-scheda.W3XML.LISTANUOVO','Nuovo',3080);
		Insert into W_OGGETTI (TIPO,OGGETTO,DESCR,ORD) values ('FUNZ','MOD.W3.W3DACO-scheda.W3XML.MOD','Modifica',3090);
		Insert into W_OGGETTI (TIPO,OGGETTO,DESCR,ORD) values ('FUNZ','ALT.W3.W3DACO-scheda.W3XML.PutXML','Invio dei dati al server SFTP',3095);
		Insert into W_OGGETTI (TIPO,OGGETTO,DESCR,ORD) values ('PAGE','W3.W3FASI-Scheda.W3APPA-W3FINA','Fase di aggiudicazione - Finanziamenti',3100);
		Insert into W_OGGETTI (TIPO,OGGETTO,DESCR,ORD) values ('PAGE','W3.W3FASI-Scheda.W3APPA-W3REQU','Fase di aggiudicazione - Categorie scorporabili',3110);
		Insert into W_OGGETTI (TIPO,OGGETTO,DESCR,ORD) values ('FUNZ','ALT.W3.W3FASI-Scheda.W3APPA-W3FINA.HELPPAGINA','Help di pagina',3120);
		Insert into W_OGGETTI (TIPO,OGGETTO,DESCR,ORD) values ('FUNZ','MOD.W3.W3FASI-Scheda.W3APPA-W3FINA.SCHEDAMOD','Modifica',3130);
		Insert into W_OGGETTI (TIPO,OGGETTO,DESCR,ORD) values ('SEZ','W3.W3FASI-Scheda.W3APPA-W3FINA.W3FINA','Sezione finanziamenti',3140);
		Insert into W_OGGETTI (TIPO,OGGETTO,DESCR,ORD) values ('FUNZ','DEL.W3.W3FASI-Scheda.W3APPA-W3FINA.DEL-W3FINA','Elimina',3150);
		Insert into W_OGGETTI (TIPO,OGGETTO,DESCR,ORD) values ('FUNZ','INS.W3.W3FASI-Scheda.W3APPA-W3FINA.INS-W3FINA','Inserimento',3160);
		Insert into W_OGGETTI (TIPO,OGGETTO,DESCR,ORD) values ('FUNZ','ALT.W3.W3FASI-Scheda.W3APPA-W3REQU.HELPPAGINA','Help di pagina',3170);
		Insert into W_OGGETTI (TIPO,OGGETTO,DESCR,ORD) values ('FUNZ','MOD.W3.W3FASI-Scheda.W3APPA-W3REQU.SCHEDAMOD','Modifica',3180);
		Insert into W_OGGETTI (TIPO,OGGETTO,DESCR,ORD) values ('SEZ','W3.W3FASI-Scheda.W3APPA-W3REQU.W3REQU','Sezione categorie scorporabili',3190);
		Insert into W_OGGETTI (TIPO,OGGETTO,DESCR,ORD) values ('FUNZ','DEL.W3.W3FASI-Scheda.W3APPA-W3REQU.DEL-W3REQU','Elimina',3200);
		Insert into W_OGGETTI (TIPO,OGGETTO,DESCR,ORD) values ('FUNZ','INS.W3.W3FASI-Scheda.W3APPA-W3REQU.INS-W3REQU','Inserimento',3210);
		Insert into W_OGGETTI (TIPO,OGGETTO,DESCR,ORD) values ('MASC','W3.VA_LISTA_CONTRATTI-lista','Lista dei contratti ALICE da importare',3220);
		Insert into W_OGGETTI (TIPO,OGGETTO,DESCR,ORD) values ('PAGE','W3.W3FASI-Scheda.W3FASI','Definizione di una nuova fase',3230);
		Insert into W_OGGETTI (TIPO,OGGETTO,DESCR,ORD) values ('FUNZ','ALT.W3.W3FASI-Scheda.W3FASI.HELPPAGINA','Help di pagina',3240);
		Insert into W_OGGETTI (TIPO,OGGETTO,DESCR,ORD) values ('FUNZ','ALT.W3.W3FASI-Scheda.W3FASI.IMPORTALICE1','Importazione dei dati da ALICE - Fase di aggiudicazione o definizione di procedura negoziata',3250);
		Insert into W_OGGETTI (TIPO,OGGETTO,DESCR,ORD) values ('FUNZ','ALT.W3.W3FASI-Scheda.W3FASI.IMPORTALICE2','Importazione dei dati da ALICE - Fase iniziale di esecuzione del contratto',3260);
		Insert into W_OGGETTI (TIPO,OGGETTO,DESCR,ORD) values ('FUNZ','ALT.W3.W3FASI-Scheda.W3FASI.IMPORTALICE3','Importazione dei dati da ALICE - Fase di esecuzione e avanzamento del contratto',3270);
		Insert into W_OGGETTI (TIPO,OGGETTO,DESCR,ORD) values ('FUNZ','ALT.W3.W3FASI-Scheda.W3FASI.IMPORTALICE4','Importazione dei dati da ALICE - Fase di conclusione del contratto',3280);
		Insert into W_OGGETTI (TIPO,OGGETTO,DESCR,ORD) values ('FUNZ','ALT.W3.W3FASI-Scheda.W3FASI.IMPORTALICE5','Importazione dei dati da ALICE - Fase di collaudo',3290);
		Insert into W_OGGETTI (TIPO,OGGETTO,DESCR,ORD) values ('FUNZ','ALT.W3.W3FASI-Scheda.W3FASI.IMPORTALICE6','Importazione dei dati da ALICE - Sospensione',3300);
		Insert into W_OGGETTI (TIPO,OGGETTO,DESCR,ORD) values ('FUNZ','ALT.W3.W3FASI-Scheda.W3FASI.IMPORTALICE7','Importazione dei dati da ALICE - Variante',3310);
		Insert into W_OGGETTI (TIPO,OGGETTO,DESCR,ORD) values ('FUNZ','ALT.W3.W3FASI-Scheda.W3FASI.IMPORTALICE9','Importazione dei dati da ALICE - Subappalto',3320);
		Insert into W_OGGETTI (TIPO,OGGETTO,DESCR,ORD) values ('FUNZ','ALT.W3.W3FASI-Scheda.W3FASI.IMPORTSAP2','Importazione dei dati da SAP - Fase iniziale di esecuzione del contratto',3330);
		Insert into W_OGGETTI (TIPO,OGGETTO,DESCR,ORD) values ('FUNZ','ALT.W3.W3FASI-Scheda.W3FASI.IMPORTSAP3','Importazione dei dati da SAP - Fase di esecuzione e avanzamento del contratto',3340);
		Insert into W_OGGETTI (TIPO,OGGETTO,DESCR,ORD) values ('SUBMENU','SCHEDE.Lista-xml-feedback','Lista elaborazioni importate ma non analizzate',3350);
		Insert into W_OGGETTI (TIPO,OGGETTO,DESCR,ORD) values ('MASC','W3.W3XML-lista-feedback','Lista elaborazioni importate ma non analizzate',3360);
		Insert into W_OGGETTI (TIPO,OGGETTO,DESCR,ORD) values ('FUNZ','DEL.W3.W3XML-lista-feedback.LISTADELSEL','Elimina selezionati',3370);
		Insert into W_OGGETTI (TIPO,OGGETTO,DESCR,ORD) values ('FUNZ','ALT.W3.W3XML-lista-feedback.importa-feedback','Importa elaborazioni da AVCP',3385);
		Insert into W_OGGETTI (TIPO,OGGETTO,DESCR,ORD) values ('FUNZ','INS.W3.W3XML-lista-feedback.LISTANUOVO','Nuovo',3380);
		Insert into W_OGGETTI (TIPO,OGGETTO,DESCR,ORD) values ('MASC','W3.W3XML-Scheda','Esportazione dei dati in formato XML',3390);
		Insert into W_OGGETTI (TIPO,OGGETTO,DESCR,ORD) values ('FUNZ','MOD.W3.W3XML-Scheda.SCHEDAMOD','Modifica',3400);
		Insert into W_OGGETTI (TIPO,OGGETTO,DESCR,ORD) values ('FUNZ','INS.W3.W3XML-Scheda.SCHEDANUOVO','Nuovo',3410);



		INSERT INTO g_confcod (noment, nomcam, tipcam, codapp, descam, contat, codcal) VALUES ('W3AMMI', 'CODAMM', -1, 'G_', 'Codice amministrazione', 0, '"AMM"<0000000>');



		SET v_sql = 'Insert into W3TABREQ (CODICE_DETTAGLIO,DESCRIZIONE) values (''34'',''USO: SISTEMA RISCOSSIONE 31 - DIMOSTRAZIONE DEL VERSAMENTO DEL CONTRIBUTO AD AVCP''),
		(''35'',''USO: SISTEMA ANNOTAZIONI 32 - ASSENZA DI ISCRIZIONI NEL CASELLARIO INFORMATICO DEI CONTRATTI PUBBLICI CHE COMPORTANO L''''ESCLUSIONE DALLA PROCEDURA DI AFFIDAMENTO''),
		(''36'',''USO: FACOLTATIVO 999 - REQUISITO DI ORDINE SPECIALE-PER AGGIUDICAZIONE ED ESECUZIONE LAVORI-NON CLASSIFICATO''),
		(''37'',''USO: FACOLTATIVO 999 - REQUISITO DI ORDINE SPECIALE-TECNICO-PROFESSIONALI-NON CLASSIFICATO''),
		(''38'',''USO: FACOLTATIVO 999 - REQUISITO DI ORDINE SPECIALE-IDONEITA'''' PROFESSIONALE-NON CLASSIFICATO''),
		(''39'',''USO: FACOLTATIVO 999 - REQUISITO DI ORDINE SPECIALE-ECONOMICO-FINANZIARI-NON CLASSIFICATO''),
		(''40'',''USO: FACOLTATIVO 999 - REQUISITO DI ORDINE SPECIALE-GARANZIA DI QUALITA'''' - NON CLASSIFICATO''),
		(''41'',''USO: FACOLTATIVO 999 - REQUISITO DI ORDINE SPECIALE-SISTEMA DI GESTIONE AMBIENTALE - NON CLASSIFICATO''),
		(''42'',''USO: FACOLTATIVO 39 - IDONEITA'''' PROFESSIONALE''),
		(''43'',''USO: FACOLTATIVO 40 - ISCRIZIONE AD ORDINI PROFESSIONALI''),
		(''53'',''USO: FACOLTATIVO 50 - TITOLI DI STUDIO''),
		(''54'',''USO: FACOLTATIVO 51 - TITOLI PROFESSIONALI''),
		(''55'',''USO: FACOLTATIVO 52 - POSSESSO DI UN SISTEMA DI QUALITA'''' CONFORME ALLA NORMATIVA UNI EN ISO 9000''),
		(''57'',''USO: FACOLTATIVO 54 - POSSESSO DI UN ADEGUATO SISTEMA DI GESTIONE AMBIENTALE (SGA)''),
		(''58'',''USO: FACOLTATIVO 999 - REQUISITO DI ORDINE GENERALE - NON CLASSIFICATO''),
		(''59'',''USO: OBBLIGATORIO 01 - ASSENZA DI STATO DI FALLIMENTO, LIQUIDAZIONE COATTA O CONCORDATO PREVENTIVO O DI PROCEDIMENTO PER LA DICHIARAZIONE DI TALI SITUAZIONI (ART. 38, COMMA 1, LETT. A) D.LGS. 163/06)''),
		(''60'',''USO: OBBLIGATORIO 04 - ASSENZA DI PROCEDIMENTI PER L''''APPLICAZIONE DI UNA DELLE MISURE DI PREVENZIONE DI CUI ALL''''ART. 6 -- D.LGS. 159/11 O DI UNA DELLE CAUSE OSTATIVE DI CUI ART. 67 D.LGS. 159/11 (ART. 38, COMMA 1, LETT. B) D.LGS. 163/06)''),
		(''61'',''USO: OBBLIGATORIO 05 - ASSENZA DI SENTENZE DI CONDANNA PASSATE IN GIUDICATO, O DI DECRETI PENALI DI CONDANNA IRREVOCABILI, O DI SENTENZE EX ART.444 C.P.P. PER REATI GRAVI IN DANNO DELLO STATO O DELLA COMUNITA'''' CHE INCIDONO SULLA MORALITA'''' PROFESSIONALE, N''),
		(''62'',''USO: FACOLTATIVO 06 - INSUSSISTENZA DI VIOLAZIONI DEL DIVIETO DI INTESTAZIONE FIDUCIARIA DI CUI ALL''''ART. 17 L. 55/90 (ART. 38, COMMA 1, LETT. D), D.LGS. 163/06)''),
		(''63'',''USO: OBBLIGATORIO 07 - ASSENZA DI ISCRIZIONI RELATIVE A GRAVI INFRAZIONI DEBITAMENTE ACCERTATE ALLE NORME IN MATERIA DI SICUREZZA E A OGNI ALTRO OBBLIGO DERIVANTE DAI RAPPORTI DI LAVORO (ART. 38, COMMA 1, LETT. E), D.LGS. 163/06)'')';
		EXECUTE immediate v_sql;
		
		SET v_sql = 'Insert into W3TABREQ (CODICE_DETTAGLIO,DESCRIZIONE) values (''64'',''USO: OBBLIGATORIO 08 - ASSENZA DI ISCRIZIONI RELATIVE ALLA PRESENTAZIONE DI FALSA DICHIARAZIONE O FALSA DOCUMENTAZIONE IN MERITO A REQUISITI E CONDIZIONI RILEVANTI PER LA PARTECIPAZIONE A PROCEDURE DI GARA E PER L''''AFFIDAMENTO DEI SUBAPPALTI  (ART. 38, COM''),
		(''65'',''USO: OBBLIGATORIO 09 - ASSENZA DI ISCRIZIONI RELATIVE ALLA PRESENTAZIONE DI FALSA DICHIARAZIONE O FALSA DOCUMENTAZIONE AI FINI DEL RILASCIO DELL''''ATTESTAZIONE SOA (ART. 38, COMMA 1, LETT. M-BIS), D.LGS. 163/06)''),
		(''66'',''USO: OBBLIGATORIO 10 - ASSENZA DI SOGGETTI, TRA QUELLI DI CUI ALL''''ART. 38, COMMA 1, LETT. B) DEL D.LGS. 163/06, CHE ABBIANO OMESSO DENUNCIA DEI REATI DI CUI AGLI ARTT. 317 E 629 C.P., AGGRAVATI EX ART. 7, D.L. 152/91 (ART. 38, COMMA 1, LETT. M-TER D.LGS.''),
		(''67'',''USO: OBBLIGATORIO 11 - ASSENZA DI EPISODI DI GRAVE NEGLIGENZA O MALAFEDE NELL''''ESECUZIONE DELLE PRESTAZIONI AFFIDATE DALLA STAZIONE APPALTANTE CHE BANDISCE LA GARA (ART. 38, COMMA 1, LETT. F) D.LGS. 163/06)''),
		(''68'',''USO: OBBLIGATORIO 12 - ASSENZA DI EPISODI DI ERRORE GRAVE NELL''''ESERCIZIO DELL''''ATTIVITA'''' PROFESSIONALE (ART. 38, COMMA 1, LETT. F) D.LGS. 163/06)''),
		(''69'',''USO: OBBLIGATORIO 13 - INSUSSISTENZA DI VIOLAZIONI GRAVI, DEFINITIVAMENTE ACCERTATE, RISPETTO AGLI OBBLIGHI RELATIVI AL PAGAMENTO DELLE IMPOSTE E DELLE TASSE (ART. 38, COMMA 1, LETT. G) D.LGS. 163/06)''),
		(''70'',''USO: OBBLIGATORIO 14 - INSUSSISTENZA DI VIOLAZIONI GRAVI, DEFINITIVAMENTE ACCERTATE, ALLE NORME IN MATERIA DI CONTRIBUTI PREVIDENZIALI E ASSISTENZIALI (ART. 38, COMMA 1, LETT. I) D.LGS. 163/06)''),
		(''71'',''USO: OBBLIGATORIO 16 - REGOLARITA'''' DELL''''IMPRESA RISPETTO ALLE NORME CHE DISCIPLINANO IL DIRITTO AL LAVORO DEI DISABILI L. 68/99 (ART. 38, COMMA 1, LETT. L), D.LGS. 163/06)''),
		(''72'',''USO: OBBLIGATORIO 19 - ASSENZA DELLA SANZIONE INTERDITTIVA DI CUI ALL''''ART. 9, COMMA 2, LETT. C), DEL D.LGS. 231/01  (ART. 38, COMMA 1, LETT. M) D.LGS. 163/06)''),
		(''73'',''USO: OBBLIGATORIO 20 - ASSENZA DI SANZIONI COMPORTANTI IL DIVIETO DI CONTRARRE CON LA PUBBLICA AMMINISTRAZIONE COMPRESI I PROVVEDIMENTI INTERDITTIVI EX ART. 14 D.LGS. 81/08 (ART. 38, COMMA 1, LETT. M) D.LGS. 163/06)''),
		(''74'',''USO: OBBLIGATORIO 21 - ASSENZA DI DIVIETO A  CONTRARRE CON LA PUBBLICA AMMINISTRAZIONE EX ART. 32-QUATER C.P.''),
		(''75'',''USO: FACOLTATIVO 22 - ASSENZA DI UNA SITUAZIONE DI CONTROLLO EX ART. 2359 C.C. O DI ALTRA RELAZIONE, ANCHE DI FATTO, SE LA SITUAZIONE DI CONTROLLO O LA RELAZIONE COMPORTINO L''''IMPUTABILITA'''' DELLE OFFERTE AD UN UNICO CENTRO DECISIONALE (ART. 38, COMMA 1, LE''),
		(''76'',''USO: FACOLTATIVO 24 - ASSENZA DI ATTI O COMPORTAMENTI DISCRIMINATORI PER MOTIVI RAZZIALI, ETNICI, NAZIONALI O RELIGIOSI''),
		(''77'',''USO: FACOLTATIVO 46 - IMPORTO DEI LAVORI ANALOGHI ESEGUITI DIRETTAMENTE NEL QUINQUENNIO ANTECEDENTE LA DATA DI PUBBLICAZIONE DEL BANDO (ART. 90, COMMA 1, LETT. A), D.P.R. 207/10)''),
		(''78'',''USO: FACOLTATIVO 47 - COSTO COMPLESSIVO SOSTENUTO PER IL PERSONALE (ART. 90, COMMA 1, LETT. B), D.P.R. 207/10)''),
		(''79'',''USO: FACOLTATIVO 48 - POSSESSO DI ADEGUATA ATTREZZATURA TECNICA (ART. 90, COMMA 1, LETT. C), D.P.R. 207/10)''),
		(''80'',''USO: FACOLTATIVO 51 - CAPACITA ECONOMICA E FINANZIARIA DI CUI ALL''''ART 41 COMMA 1, D.LGS. 163/06''),
		(''81'',''USO: FACOLTATIVO 55 - CAPACITA'''' TECNICA E PROFESSIONALE DIMOSTRATA MEDIANTE ELENCO DEI PRINCIPALI SERVIZI O DELLE PRINCIPALI FORNITURE PRESTATI NEGLI ULTIMI TRE ANNI (ART. 42, COMMA 1, LETT. A) D.LGS. 163/06)''),
		(''82'',''USO: FACOLTATIVO 55 - QUALIFICAZIONE PER ESEGUIRE LAVORI PUBBLICI DI IMPORTO SUPERIORE AD EURO 150.000'')';
		EXECUTE immediate v_sql;



		Insert into W_OGGETTI (TIPO,OGGETTO,DESCR,ORD) values ('FUNZ','INS.W3.W3GARAREQ-scheda.W3GARAREQ.SCHEDANUOVO','Nuovo requisito',5510);
		Insert into W_OGGETTI (TIPO,OGGETTO,DESCR,ORD) values ('SEZ','W3.W3GARA-scheda.W3GARA.AD','Sezione altri dati',5520);
		Insert into W_OGGETTI (TIPO,OGGETTO,DESCR,ORD) values ('FUNZ','INS.W3.W3GARA-scheda.W3REQ.LISTANUOVO','Lista - nuovo requisito',5530);
		Insert into W_OGGETTI (TIPO,OGGETTO,DESCR,ORD) values ('FUNZ','DEL.W3.W3GARA-scheda.W3REQ.LISTADELSEL','Lista - elimina requisiti selezionati',5540);
		Insert into W_OGGETTI (TIPO,OGGETTO,DESCR,ORD) values ('FUNZ','DEL.W3.W3GARA-scheda.W3REQ.DEL','Scheda requisito',5550);
		Insert into W_OGGETTI (TIPO,OGGETTO,DESCR,ORD) values ('PAGE','W3.W3GARA-scheda.W3REQ','Lista dei requisiti',5560);
		Insert into W_OGGETTI (TIPO,OGGETTO,DESCR,ORD) values ('SEZ','W3.W3GARAREQ-scheda.W3GARAREQ.W3GARAREQDOC','Sezione documenti requisito',5570);
		Insert into W_OGGETTI (TIPO,OGGETTO,DESCR,ORD) values ('SEZ','W3.W3GARAREQ-scheda.W3GARAREQ.W3GARAREQCIG','Sezione cig requisito',5580);
		Insert into W_OGGETTI (TIPO,OGGETTO,DESCR,ORD) values ('FUNZ','MOD.W3.W3GARAREQ-scheda.W3GARAREQ.SCHEDAMOD','Modifica requisito',5590);
		Insert into W_OGGETTI (TIPO,OGGETTO,DESCR,ORD) values ('PAGE','W3.W3GARAREQ-scheda.W3GARAREQ','Pagina requisito',5600);
		Insert into W_OGGETTI (TIPO,OGGETTO,DESCR,ORD) values ('MASC','W3.W3GARAREQ-scheda','Scheda requisito',5610);
		Insert into W_OGGETTI (TIPO,OGGETTO,DESCR,ORD) values ('FUNZ','MOD.W3.W3AZIENDAUFFICIO-scheda-popup.SCHEDAMOD','Modifica',5620);
		Insert into W_OGGETTI (TIPO,OGGETTO,DESCR,ORD) values ('MASC','W3.W3AZIENDAUFFICIO-scheda-popup','Scheda delle collaborazioni',5630);
		Insert into W_OGGETTI (TIPO,OGGETTO,DESCR,ORD) values ('FUNZ','INS.W3.W3AZIENDAUFFICIO-lista-popup.nuovo','Nuovo',5640);
		Insert into W_OGGETTI (TIPO,OGGETTO,DESCR,ORD) values ('MASC','W3.W3AZIENDAUFFICIO-lista-popup','Lista delle collaborazioni',5650);
		Insert into W_OGGETTI (TIPO,OGGETTO,DESCR,ORD) values ('FUNZ','INS.W3.W3LOTT-scheda.W3LOTT.INS-W3LOTTCATE','Inserisci',5660);
		Insert into W_OGGETTI (TIPO,OGGETTO,DESCR,ORD) values ('FUNZ','DEL.W3.W3LOTT-scheda.W3LOTT.DEL-W3LOTTCATE','Elimina',5670);
		Insert into W_OGGETTI (TIPO,OGGETTO,DESCR,ORD) values ('SEZ','W3.W3LOTT-scheda.W3LOTT.W3LOTTCATE','Ulteriori categorie',5680);
		Insert into W_OGGETTI (TIPO,OGGETTO,DESCR,ORD) values ('FUNZ','INS.W3.W3LOTT-scheda.W3LOTT.SCHEDANUOVO','Nuovo',5690);
		Insert into W_OGGETTI (TIPO,OGGETTO,DESCR,ORD) values ('FUNZ','MOD.W3.W3LOTT-scheda.W3LOTT.SCHEDAMOD','Modifica',5700);
		Insert into W_OGGETTI (TIPO,OGGETTO,DESCR,ORD) values ('PAGE','W3.W3LOTT-scheda.W3LOTT','Dati del lotto',5710);
		Insert into W_OGGETTI (TIPO,OGGETTO,DESCR,ORD) values ('MASC','W3.W3LOTT-scheda','Anagrafica lotto per la richiesta CIG',5720);
		Insert into W_OGGETTI (TIPO,OGGETTO,DESCR,ORD) values ('MASC','W3.W3GARA-consulta-gara-lotto','Recupera anagrafiche gara e lotto da SIMOG',5730);
		Insert into W_OGGETTI (TIPO,OGGETTO,DESCR,ORD) values ('FUNZ','INS.W3.W3GARA-trova.TROVANUOVO','Nuovo',5740);
		Insert into W_OGGETTI (TIPO,OGGETTO,DESCR,ORD) values ('MASC','W3.W3GARA-trova','Ricerca avanzata gara e lotti',5750);
		Insert into W_OGGETTI (TIPO,OGGETTO,DESCR,ORD) values ('FUNZ','INS.W3.W3GARA-scheda.W3GARADOC.INS-W3GARADOC','Inserisci',5760);
		Insert into W_OGGETTI (TIPO,OGGETTO,DESCR,ORD) values ('FUNZ','DEL.W3.W3GARA-scheda.W3GARADOC.DEL-W3GARADOC','Elimina',5770);
		Insert into W_OGGETTI (TIPO,OGGETTO,DESCR,ORD) values ('FUNZ','ALT.W3.richiesteSIMOG.pubblica','Invio richiesta di pubblicazione a SIMOG',5780);
		Insert into W_OGGETTI (TIPO,OGGETTO,DESCR,ORD) values ('SEZ','W3.W3GARA-scheda.W3GARADOC.W3GARADOC','Lista documenti allegati',5790);
		Insert into W_OGGETTI (TIPO,OGGETTO,DESCR,ORD) values ('FUNZ','MOD.W3.W3GARA-scheda.W3GARADOC.SCHEDAMOD','Modifica',5800);
		Insert into W_OGGETTI (TIPO,OGGETTO,DESCR,ORD) values ('PAGE','W3.W3GARA-scheda.W3GARADOC','Pubblicazione gara e lotti',5810);
		Insert into W_OGGETTI (TIPO,OGGETTO,DESCR,ORD) values ('FUNZ','MOD.W3.W3GARA-scheda.W3LOTT.MOD','Modifica',5820);
		Insert into W_OGGETTI (TIPO,OGGETTO,DESCR,ORD) values ('FUNZ','INS.W3.W3GARA-scheda.W3LOTT.LISTANUOVO','Nuovo',5830);
		Insert into W_OGGETTI (TIPO,OGGETTO,DESCR,ORD) values ('FUNZ','DEL.W3.W3GARA-scheda.W3LOTT.LISTADELSEL','Elimina selezionati',5840);
		Insert into W_OGGETTI (TIPO,OGGETTO,DESCR,ORD) values ('FUNZ','DEL.W3.W3GARA-scheda.W3LOTT.DEL','Elimina',5850);
		Insert into W_OGGETTI (TIPO,OGGETTO,DESCR,ORD) values ('FUNZ','MOD.W3.W3GARA-scheda.W3GARA.SCHEDAMOD','Modifica',5860);
		Insert into W_OGGETTI (TIPO,OGGETTO,DESCR,ORD) values ('PAGE','W3.W3GARA-scheda.W3LOTT','Lista dei lotti',5870);
		Insert into W_OGGETTI (TIPO,OGGETTO,DESCR,ORD) values ('PAGE','W3.W3GARA-scheda.W3GARA','Dati della gara',5880);
		Insert into W_OGGETTI (TIPO,OGGETTO,DESCR,ORD) values ('MASC','W3.W3GARA-scheda','Anagrafica gara per la richiesta IDGARA',5890);
		Insert into W_OGGETTI (TIPO,OGGETTO,DESCR,ORD) values ('FUNZ','ALT.W3.richiesteSIMOG','Invio richieste a SIMOG',5900);
		Insert into W_OGGETTI (TIPO,OGGETTO,DESCR,ORD) values ('FUNZ','MOD.W3.W3GARA-lista.MOD','Modifica',5910);
		Insert into W_OGGETTI (TIPO,OGGETTO,DESCR,ORD) values ('FUNZ','INS.W3.W3GARA-lista.LISTANUOVO','Nuovo',5920);
		Insert into W_OGGETTI (TIPO,OGGETTO,DESCR,ORD) values ('FUNZ','DEL.W3.W3GARA-lista.LISTADELSEL','DEL.W3.W3GARA-lista.LISTADELSEL',5930);
		Insert into W_OGGETTI (TIPO,OGGETTO,DESCR,ORD) values ('FUNZ','DEL.W3.W3GARA-lista.DEL','Elimina',5940);
		Insert into W_OGGETTI (TIPO,OGGETTO,DESCR,ORD) values ('MASC','W3.W3GARA-lista','Lista delle gare',5950);
		Insert into W_OGGETTI (TIPO,OGGETTO,DESCR,ORD) values ('FUNZ','INS.W3.W3USRSYS-Scheda.INS-W3AZIENDAUFFICIO','Inserisci nuova collaborazione',5960);
		Insert into W_OGGETTI (TIPO,OGGETTO,DESCR,ORD) values ('FUNZ','DEL.W3.W3USRSYS-Scheda.DEL-W3AZIENDAUFFICIO','Cancella collaborazione',5970);
		Insert into W_OGGETTI (TIPO,OGGETTO,DESCR,ORD) values ('SEZ','W3.W3USRSYS-Scheda.W3AZIENDAUFFICIO','Lista delle collaborazioni',5980);
		Insert into W_OGGETTI (TIPO,OGGETTO,DESCR,ORD) values ('FUNZ','INS.W3.W3USRSYS-Scheda.SCHEDANUOVO','Nuovo',5990);
		Insert into W_OGGETTI (TIPO,OGGETTO,DESCR,ORD) values ('FUNZ','MOD.W3.W3USRSYS-Scheda.SCHEDAMOD','Modifica',6000);
		Insert into W_OGGETTI (TIPO,OGGETTO,DESCR,ORD) values ('MASC','W3.W3USRSYS-Scheda','Informazioni sul RUP e la lista delle collaborazioni',6010);
		Insert into W_OGGETTI (TIPO,OGGETTO,DESCR,ORD) values ('SUBMENU','SIMOG-CIG.Trova-gare-lotti','Trova gare e lotti',4580);
		Insert into W_OGGETTI (TIPO,OGGETTO,DESCR,ORD) values ('MENU','SIMOG-CIG','Menù Gestione gare e lotti per richieste SIMOG',4570);

		Insert into W_CONFIG (CODAPP,CHIAVE,VALORE,SEZIONE,DESCRIZIONE,CRIPTATO) values ('W9','it.eldasoft.simog.ws.smartcig.url',null,'Servizi Simog','URL di Servizi Simog per richiesta SmartCIG ',null);

		Update ELDAVER set NUMVER='3.1.0', DATVET=CURRENT_TIMESTAMP where CODAPP='W9';		
	END IF;
end@

call aggiorna@
drop procedure aggiorna@
--------------------------------
-- AGGIORNAMENTO SITAT/VIGILANZA
-- Database: DB2
-- Versione: 3.1.0 --> 3.1.0.a
------------------------------


--#SET TERMINATOR @

create procedure aggiorna ()
begin

	Declare v_sql varchar(5000);
	Declare v_max varchar(10);

	IF (select count(*) from eldaver where codapp='W9' and numver='3.1.0')=1 THEN
	
	------------------------------------------------------------------------------------------------
	------------------------		MODIFICA STRUTTURA TABELLE			------------------------
	------------------------------------------------------------------------------------------------

	------------------------------------------------------------------------------------------------
	----------------------------------------    MODIFICA DATI    -----------------------------------
	------------------------------------------------------------------------------------------------
		Insert into w_note (TIPO,OGGETTO,PROG,MODOVIS,NOTA) values (2,'W3.W3GARA-scheda.W3LOTT',0,'1','<b>ATTENZIONE:</b> dopo aver ottenuto il CIG provvisorio da questa applicazione, per la <b>"Conferma dei requisiti"</b> di gara (AVCPass) e quindi <b>perfezionare/pubblicare il CIG</b> è necessario procedere sul <a href="https://simog.anticorruzione.it">SIMOG</a>.<br>');
	
		Update ELDAVER set NUMVER='3.1.0.a', DATVET=CURRENT_TIMESTAMP where CODAPP='W9';		
	END IF;
end@

call aggiorna@
drop procedure aggiorna@
--------------------------------
-- AGGIORNAMENTO SITAT/VIGILANZA
-- Database: DB2
-- Versione: 3.1.0 --> 4.0.0
------------------------------

------ CARATTERE TERMINATORE ----------
--#SET TERMINATOR @

create procedure aggiorna ()
begin

	Declare v_sql varchar(10000);
	Declare v_max varchar(10);

	IF ( select count(*) from eldaver where codapp='W9' and (numver='3.1.0' or numver like '3.1.0%') ) = 1
	THEN


		------------------------------------------------------------------------------------------------
		------------------------		MODIFICA STRUTTURA TABELLE				------------------------
		------------------------------------------------------------------------------------------------

		SET v_sql=
			'CREATE TABLE TAB_CONTROLLI (
			CODAPP VARCHAR(5) NOT NULL,
			NUM NUMERIC(7) NOT NULL,
			ENTITA VARCHAR(50),
			SEZIONE VARCHAR(50),
			TITOLO VARCHAR(100),
			CONDIZIONE VARCHAR(2000),
			MSG VARCHAR(2000),
			TIPO VARCHAR(1),
			PRIMARY KEY (CODAPP,NUM))';
		EXECUTE immediate v_sql;


		SET v_sql=
			'CREATE TABLE ESITI_AGGIUDICATARI (
			CODGARA NUMERIC(10) NOT NULL,
			NUM_PUBB NUMERIC(5) NOT NULL,
			NUM_AGGI NUMERIC(3) NOT NULL,
			ID_TIPOAGG NUMERIC(7),
			RUOLO NUMERIC(7),
			CODICE_INPS VARCHAR(20),
			CODICE_INAIL VARCHAR(20),
			CODICE_CASSA VARCHAR(20),
			CODIMP VARCHAR(10),
			ID_GRUPPO NUMERIC(3),
			PRIMARY KEY (CODGARA, NUM_PUBB, NUM_AGGI))';
		EXECUTE immediate v_sql;
	
		SET v_sql=
			'CREATE TABLE W9DOCAVVISO (
			CODEIN VARCHAR(16) NOT NULL,
			IDAVVISO NUMERIC(10) NOT NULL,
			CODSISTEMA NUMERIC(7) NOT NULL,
			NUMDOC NUMERIC(4) NOT NULL,
			TITOLO VARCHAR(250),
			FILE_ALLEGATO BLOB (10 M),
			URL VARCHAR(2000),
			PRIMARY KEY (CODEIN,IDAVVISO,CODSISTEMA,NUMDOC))';
		EXECUTE immediate v_sql;
	
	
		SET v_sql= 'ALTER TABLE UFFICI ADD COLUMN CODICE_UFFICIO VARCHAR(6)';
		EXECUTE immediate v_sql;
	
		SET v_sql= 'ALTER TABLE W9APPA 	ADD COLUMN FIN_REGIONALE VARCHAR(1)
													ADD COLUMN FLAG_IMPORTI VARCHAR(1)
													ADD COLUMN FLAG_SICUREZZA VARCHAR(1)
													ADD COLUMN FLAG_LIVELLO_PROGETTUALE VARCHAR(100)
													ADD COLUMN VERIFICA_CAMPIONE VARCHAR(1)';
		EXECUTE immediate v_sql;
	
		SET v_sql= 'ALTER TABLE W9AVAN ADD COLUMN SUBAPPALTI VARCHAR(1)';
		EXECUTE immediate v_sql;
	
		SET v_sql= 'ALTER TABLE W9VARI ADD COLUMN FLAG_VARIANTE VARCHAR(1)
													ADD COLUMN QUINTO_OBBLIGO VARCHAR(1)
													ADD COLUMN FLAG_IMPORTI VARCHAR(1)
													ADD COLUMN FLAG_SICUREZZA VARCHAR(1)';
		EXECUTE immediate v_sql;
	
		SET v_sql= 'ALTER TABLE W9COLL ADD COLUMN FLAG_SINGOLO_COMMISSIONE VARCHAR(1)
													ADD COLUMN DATA_APPROVAZIONE TIMESTAMP
													ADD COLUMN FLAG_IMPORTI VARCHAR(1)
													ADD COLUMN FLAG_SICUREZZA VARCHAR(1)
													ADD COLUMN FLAG_SUBAPPALTATORI VARCHAR(1)
													ADD COLUMN DATA_INIZIO_AMM_RISERVE TIMESTAMP
													ADD COLUMN DATA_FINE_AMM_RISERVE  TIMESTAMP
													ADD COLUMN DATA_INIZIO_ARB_RISERVE TIMESTAMP
													ADD COLUMN DATA_FINE_ARB_RISERVE  TIMESTAMP
													ADD COLUMN DATA_INIZIO_GIU_RISERVE TIMESTAMP
													ADD COLUMN DATA_FINE_GIU_RISERVE TIMESTAMP
													ADD COLUMN DATA_INIZIO_TRA_RISERVE TIMESTAMP
													ADD COLUMN DATA_FINE_TRA_RISERVE TIMESTAMP';
		EXECUTE immediate v_sql;
	
		SET v_sql= 'ALTER TABLE W9ACCO ADD COLUMN DATA_INIZIO_ACC TIMESTAMP
													ADD COLUMN DATA_FINE_ACC TIMESTAMP';
		EXECUTE immediate v_sql;
	
		IF NOT EXISTS (SELECT * FROM SYSCAT.COLUMNS where TABSCHEMA =CURRENT SCHEMA AND TABNAME='W3TABREQ' AND COLNAME ='INIZIALE') THEN 
			SET v_sql= 'ALTER TABLE W3TABREQ ADD COLUMN INIZIALE VARCHAR(1)
														ADD COLUMN DOCUMENTI_DEFAULT VARCHAR(40)';
			EXECUTE immediate v_sql;
		END IF;
	
	
		SET v_sql= 'ALTER TABLE W9PUBBLICAZIONI ADD COLUMN PERC_RIBASSO_AGG NUMERIC(13,9)
													ADD COLUMN PERC_OFF_AUMENTO NUMERIC(13,9)
													ADD COLUMN IMPORTO_AGGIUDICAZIONE NUMERIC(24,5)
													ADD COLUMN DATA_VERB_AGGIUDICAZIONE TIMESTAMP
													ADD COLUMN URL_COMMITTENTE VARCHAR(2000)
													ADD COLUMN URL_EPROC VARCHAR(2000)
													ADD COLUMN ID_GENERATO NUMERIC(10)
													ADD COLUMN ID_RICEVUTO NUMERIC(10)';
		EXECUTE immediate v_sql;
	
		SET v_sql= 'ALTER TABLE AVVISO ADD COLUMN DATASCADENZA TIMESTAMP
													ADD COLUMN CUP VARCHAR(15)
													ADD COLUMN CUIINT VARCHAR(20)
													ADD COLUMN RUP VARCHAR(10)
													ADD COLUMN ID_GENERATO NUMERIC(10)
													ADD COLUMN ID_RICEVUTO NUMERIC(10)
													ADD COLUMN ID_CLIENT VARCHAR(255)
													ADD COLUMN SYSCON NUMERIC(12)
													ADD COLUMN IDUFFICIO NUMERIC(10)';
		EXECUTE immediate v_sql;
	
		SET v_sql= 'ALTER TABLE W9LOTT ADD COLUMN CUIINT VARCHAR(25)
													ADD COLUMN URL_EPROC VARCHAR(2000)
													ADD COLUMN CUPESENTE VARCHAR(1)
													ADD COLUMN URL_COMMITTENTE VARCHAR(2000)';
		EXECUTE immediate v_sql;
	
		SET v_sql= 'ALTER TABLE W9GARA ADD COLUMN ID_GENERATO NUMERIC(10)
													ADD COLUMN ID_RICEVUTO NUMERIC(10)
													ADD COLUMN ID_CLIENT VARCHAR(255)
													ADD COLUMN SYSCON NUMERIC(12)';
		EXECUTE immediate v_sql;
	
		SET v_sql= 'ALTER TABLE W9CF_PUBB ADD COLUMN TIPO VARCHAR(1)';
		EXECUTE immediate v_sql;
	
		SET v_sql= 'ALTER TABLE W3SMARTCIG ADD COLUMN GARA_UUID VARCHAR(40)';
		EXECUTE immediate v_sql;
	
		SET v_sql= 'DROP VIEW V_RUOLOTECNICO';
		EXECUTE immediate v_sql;
		SET v_sql= '
				CREATE VIEW V_RUOLOTECNICO as
				SELECT I.CODGARA, I.CODLOTT, I.ID_RUOLO, I.CODTEC, G.CODEIN,T.SYSCON
				FROM W9INCA I join TECNI T on I.CODTEC = T.CODTEC
				join W9GARA G on I.ID_RUOLO IN (15,16,17)
				WHERE T.CGENTEI = G.CODEIN AND I.CODGARA = G.CODGARA
				UNION ALL
				SELECT G.CODGARA, L.CODLOTT, 14 AS ID_RUOLO, G.RUP AS CODTEC, G.CODEIN,T.SYSCON
				FROM W9GARA G LEFT OUTER JOIN W9LOTT L on G.CODGARA = L.CODGARA
				JOIN TECNI T ON G.RUP = T.CODTEC AND G.CODEIN = T.CGENTEI
				WHERE G.RUP IS NOT NULL
				UNION ALL
				SELECT G.CODGARA, L.CODLOTT, 14 AS ID_RUOLO, CAST(null as VARCHAR(10)) AS CODTEC, G.CODEIN,G.SYSCON
				FROM W9GARA G LEFT OUTER JOIN W9LOTT L on G.CODGARA = L.CODGARA
				WHERE G.SYSCON IS NOT NULL';
		EXECUTE immediate v_sql;
	
	
		SET v_sql= '
			CREATE TABLE W_APPLICATION_KEYS (
				CLIENTID VARCHAR(255) NOT NULL,
				KEY VARCHAR(255),
				NOTE VARCHAR(2000),
				PRIMARY KEY (CLIENTID))';
		EXECUTE immediate v_sql;
		
		CALL SYSPROC.ADMIN_CMD ('REORG TABLE AVVISO');
		CALL SYSPROC.ADMIN_CMD ('REORG TABLE UFFICI');
		CALL SYSPROC.ADMIN_CMD ('REORG TABLE W3SMARTCIG');
		CALL SYSPROC.ADMIN_CMD ('REORG TABLE W3TABREQ');
		CALL SYSPROC.ADMIN_CMD ('REORG TABLE W9ACCO');
		CALL SYSPROC.ADMIN_CMD ('REORG TABLE W9APPA');
		CALL SYSPROC.ADMIN_CMD ('REORG TABLE W9AVAN');
		CALL SYSPROC.ADMIN_CMD ('REORG TABLE W9CF_PUBB');
		CALL SYSPROC.ADMIN_CMD ('REORG TABLE W9COLL');
		CALL SYSPROC.ADMIN_CMD ('REORG TABLE W9GARA');
		CALL SYSPROC.ADMIN_CMD ('REORG TABLE W9LOTT');
		CALL SYSPROC.ADMIN_CMD ('REORG TABLE W9PUBBLICAZIONI');
		CALL SYSPROC.ADMIN_CMD ('REORG TABLE W9VARI');

		------------------------------------------------------------------------------------------------
		----------------------------------------    MODIFICA DATI    -----------------------------------
		------------------------------------------------------------------------------------------------
		
		--Spostamento del documento dell'avviso nella nuova tabella
		SET v_sql= 'Insert into W9DOCAVVISO (CODEIN,IDAVVISO,CODSISTEMA,NUMDOC,TITOLO,FILE_ALLEGATO) Select CODEIN,IDAVVISO,CODSISTEMA,1,''Avviso'',FILE_ALLEGATO from AVVISO';
		EXECUTE immediate v_sql;

		Insert into C0ENTIT (C0E_NOM,C0E_NUM,C0E_TIP,COE_ARG,C0E_DES,C0E_KEY,C0E_NOM_EX,COE_KEY_EX,C0E_FRM_RI,COE_FRM_CA,COE_FRM_RE) values ('ESITI_AGGIUDICATARI.W9#1',0,'E','ESAGGIU1','Soggetti aggiudicatari','CODIMP.ESITI_AGGIUDICATARI.W9','IMPR.GENE','CODIMP.IMPR.GENE',null,null,'w9_aggi1');
		Insert into C0ENTIT (C0E_NOM,C0E_NUM,C0E_TIP,COE_ARG,C0E_DES,C0E_KEY,C0E_NOM_EX,COE_KEY_EX,C0E_FRM_RI,COE_FRM_CA,COE_FRM_RE) values ('ESITI_AGGIUDICATARI.W9',0,'E','ESAGGIUD','Soggetti aggiudicatari','CODGARA.ESITI_AGGIUDICATARI.W9,NUM_PUBB.ESITI_AGGIUDICATARI.W9','W9PUBBLICAZIONI.W9','CODGARA.W9PUBBLICAZIONI.W9,NUM_PUBB.W9PUBBLICAZIONI.W9',null,null,'esitiagg');
		Insert into C0ENTIT (C0E_NOM,C0E_NUM,C0E_TIP,COE_ARG,C0E_DES,C0E_KEY,C0E_NOM_EX,COE_KEY_EX,C0E_FRM_RI,COE_FRM_CA,COE_FRM_RE) values ('W9DOCAVVISO.W9',0,'E','DOCUMAVV','Documentazione avviso','CODEIN.W9DOCAVVISI.W9,IDAVVISO.W9DOCAVVISI,CODSISTEMA.W9DOCAVVISI','AVVISO.W9','CODEIN.AVVISO.W9,IDAVVISO.AVVISO.W9,CODSISTEMA.AVVISO.W9',null,null,'w9_docavv');
		Update C0ENTIT set C0E_TIP='E' where C0E_NOM in ('W9PUBBLICAZIONI.W9','W9DOCGARA.W9','W9PUBLOTTO.W9','W9PUBLOTTO.W9#1');

		Insert into C0CAMPI (COC_CONTA,C0C_TIP,C0C_CHI,COC_MNE_UNI,C0C_MNE_BER,COC_DES,COC_DES_FRM,C0C_FS,C0C_TAB1,COC_DOM,COC_DES_WEB) values (0,'E',NULL,'CODICE_UFFICIO.UFFICI.W9','W9UFFCODUFF','Codice ufficio','Codice ufficio','A6',null,null,'Codice ufficio');
		Insert into C0CAMPI (COC_CONTA,C0C_TIP,C0C_CHI,COC_MNE_UNI,C0C_MNE_BER,COC_DES,COC_DES_FRM,C0C_FS,C0C_TAB1,COC_DOM,COC_DES_WEB) values (0,'E',NULL,'FIN_REGIONALE.W9APPA.W9','W9APPAFINREG','Il contratto attinge a finanziamenti regionali?','Finanz. regionali?','A2',null,'SN','Il contratto attinge a finanziamenti regionali?');
		Insert into C0CAMPI (COC_CONTA,C0C_TIP,C0C_CHI,COC_MNE_UNI,C0C_MNE_BER,COC_DES,COC_DES_FRM,C0C_FS,C0C_TAB1,COC_DOM,COC_DES_WEB) values (0,'E',NULL,'FLAG_IMPORTI.W9APPA.W9','W9APPAFLAGIMP','Tipo di importo in esecuzione','Tipo importo','A15','W9z01',null,'Tipo di importo in esecuzione');
		Insert into C0CAMPI (COC_CONTA,C0C_TIP,C0C_CHI,COC_MNE_UNI,C0C_MNE_BER,COC_DES,COC_DES_FRM,C0C_FS,C0C_TAB1,COC_DOM,COC_DES_WEB) values (0,'E',NULL,'FLAG_SICUREZZA.W9APPA.W9','W9APPAFLAGSIC','Tipo di oneri di sicurezza','Tipo oneri sicurezza','A15','W9z01',null,'Tipo di oneri di sicurezza');
		Insert into C0CAMPI (COC_CONTA,C0C_TIP,C0C_CHI,COC_MNE_UNI,C0C_MNE_BER,COC_DES,COC_DES_FRM,C0C_FS,C0C_TAB1,COC_DOM,COC_DES_WEB) values (0,'E',NULL,'FLAG_LIVELLO_PROGETTUALE.W9APPA.W9','W9APPALIVPROG','Livello progettuale','Livello progettuale','A50','W9021',null,'Livello progettuale');
		Insert into C0CAMPI (COC_CONTA,C0C_TIP,C0C_CHI,COC_MNE_UNI,C0C_MNE_BER,COC_DES,COC_DES_FRM,C0C_FS,C0C_TAB1,COC_DOM,COC_DES_WEB) values (0,'E',NULL,'VERIFICA_CAMPIONE.W9APPA.W9','W9APPAVERICAMP','Effettuata la verifica a campione dei requisiti?','Verifica campione','A2',null,'SN','Effettuata la verifica a campione dei requisiti?');
		Insert into C0CAMPI (COC_CONTA,C0C_TIP,C0C_CHI,COC_MNE_UNI,C0C_MNE_BER,COC_DES,COC_DES_FRM,C0C_FS,C0C_TAB1,COC_DOM,COC_DES_WEB) values (0,'E',NULL,'SUBAPPALTI.W9AVAN.W9','W9AVANSUBAPP','Sono stati autorizzati subappalti per questo SAL?','Autorizzati subapp?','A2',null,'SN','Sono stati autorizzati subappalti per questo SAL?');
		Insert into C0CAMPI (COC_CONTA,C0C_TIP,C0C_CHI,COC_MNE_UNI,C0C_MNE_BER,COC_DES,COC_DES_FRM,C0C_FS,C0C_TAB1,COC_DOM,COC_DES_WEB) values (0,'E',NULL,'FLAG_VARIANTE.W9VARI.W9','W9VARIFLVAR','Tipologia della variante','Tipologia variante','A50','W9z03',null,'Tipologia della variante');
		Insert into C0CAMPI (COC_CONTA,C0C_TIP,C0C_CHI,COC_MNE_UNI,C0C_MNE_BER,COC_DES,COC_DES_FRM,C0C_FS,C0C_TAB1,COC_DOM,COC_DES_WEB) values (0,'E',NULL,'QUINTO_OBBLIGO.W9VARI.W9','W9VARIQUINTO','Rientranti nel quinto d''obbligo?','Quinto obbligo?','A2',null,'SN','Rientranti nel quinto d''obbligo?');
		Insert into C0CAMPI (COC_CONTA,C0C_TIP,C0C_CHI,COC_MNE_UNI,C0C_MNE_BER,COC_DES,COC_DES_FRM,C0C_FS,C0C_TAB1,COC_DOM,COC_DES_WEB) values (0,'E',NULL,'FLAG_IMPORTI.W9VARI.W9','W9VARIFLIMPOR','Tipo di importo in esecuzione','Tipo importo esecuz.','A15','W9z01',null,'Tipo di importo in esecuzione');
		Insert into C0CAMPI (COC_CONTA,C0C_TIP,C0C_CHI,COC_MNE_UNI,C0C_MNE_BER,COC_DES,COC_DES_FRM,C0C_FS,C0C_TAB1,COC_DOM,COC_DES_WEB) values (0,'E',NULL,'FLAG_SICUREZZA.W9VARI.W9','W9VARIFLSIC','Tipo di oneri di sicurezza','Tipo oneri sicurez.','A15','W9z01',null,'Tipo di oneri di sicurezza');
		Insert into C0CAMPI (COC_CONTA,C0C_TIP,C0C_CHI,COC_MNE_UNI,C0C_MNE_BER,COC_DES,COC_DES_FRM,C0C_FS,C0C_TAB1,COC_DOM,COC_DES_WEB) values (0,'E',NULL,'FLAG_SINGOLO_COMMISSIONE.W9COLL.W9','W9COLLFLSIC','Collaudatore o commissione?','Collaudatore o comm.','A15','W9z02',null,'Collaudatore o commissione?');
		Insert into C0CAMPI (COC_CONTA,C0C_TIP,C0C_CHI,COC_MNE_UNI,C0C_MNE_BER,COC_DES,COC_DES_FRM,C0C_FS,C0C_TAB1,COC_DOM,COC_DES_WEB) values (0,'E',NULL,'DATA_APPROVAZIONE.W9COLL.W9','W9COLLDTAPPROV','Data approvazione del certificato relativo','Data approv. cert','A10',null,'DATA_ELDA','Data approvazione del certificato relativo');
		Insert into C0CAMPI (COC_CONTA,C0C_TIP,C0C_CHI,COC_MNE_UNI,C0C_MNE_BER,COC_DES,COC_DES_FRM,C0C_FS,C0C_TAB1,COC_DOM,COC_DES_WEB) values (0,'E',NULL,'FLAG_IMPORTI.W9COLL.W9','W9COLLFLIMP','Tipo di importo in esecuzione','Tipo importo','A15','W9z01',null,'Tipo di importo in esecuzione');
		Insert into C0CAMPI (COC_CONTA,C0C_TIP,C0C_CHI,COC_MNE_UNI,C0C_MNE_BER,COC_DES,COC_DES_FRM,C0C_FS,C0C_TAB1,COC_DOM,COC_DES_WEB) values (0,'E',NULL,'FLAG_SICUREZZA.W9COLL.W9','W9COLLFLSICUR','Tipo di oneri di sicurezza','Tipo oneri sicurezza','A15','W9z01',null,'Tipo di oneri di sicurezza');
		Insert into C0CAMPI (COC_CONTA,C0C_TIP,C0C_CHI,COC_MNE_UNI,C0C_MNE_BER,COC_DES,COC_DES_FRM,C0C_FS,C0C_TAB1,COC_DOM,COC_DES_WEB) values (0,'E',NULL,'FLAG_SUBAPPALTATORI.W9COLL.W9','W9COLLFLSUBAP','Nel contratto l''aggiudicatario ha usufruito di subappalti','Iter subappaltatori','A2',NULL,'SN','Durante l''iter del contratto l''aggiudicatario si è avvalso di subappaltatori');
		Insert into C0CAMPI (COC_CONTA,C0C_TIP,C0C_CHI,COC_MNE_UNI,C0C_MNE_BER,COC_DES,COC_DES_FRM,C0C_FS,C0C_TAB1,COC_DOM,COC_DES_WEB) values (0,'E',NULL,'DATA_INIZIO_AMM_RISERVE.W9COLL.W9','W9COLLDTINAMMRI','Data inizio riserva in via amministrativa','Data inizio ris.amm.','A10',null,'DATA_ELDA','Data inizio riserva in via amministrativa');
		Insert into C0CAMPI (COC_CONTA,C0C_TIP,C0C_CHI,COC_MNE_UNI,C0C_MNE_BER,COC_DES,COC_DES_FRM,C0C_FS,C0C_TAB1,COC_DOM,COC_DES_WEB) values (0,'E',NULL,'DATA_INIZIO_ARB_RISERVE.W9COLL.W9','W9COLLDTINARBRI','Data inizio riserva in via arbitrale', 'Data inizio ris.arb.','A10',null,'DATA_ELDA','Data inizio riserva in via arbitrale');
		Insert into C0CAMPI (COC_CONTA,C0C_TIP,C0C_CHI,COC_MNE_UNI,C0C_MNE_BER,COC_DES,COC_DES_FRM,C0C_FS,C0C_TAB1,COC_DOM,COC_DES_WEB) values (0,'E',NULL,'DATA_INIZIO_GIU_RISERVE.W9COLL.W9','W9COLLDTINGIURI','Data inizio riserva in via giudiziale','Data inizio ris.giu.','A10',null,'DATA_ELDA','Data inizio riserva in via giudiziale');
		Insert into C0CAMPI (COC_CONTA,C0C_TIP,C0C_CHI,COC_MNE_UNI,C0C_MNE_BER,COC_DES,COC_DES_FRM,C0C_FS,C0C_TAB1,COC_DOM,COC_DES_WEB) values (0,'E',NULL,'DATA_INIZIO_TRA_RISERVE.W9COLL.W9','W9COLLDTINTRARI','Data inizio riserva in via transattiva','Data inizio ris.tra.','A10',null,'DATA_ELDA','Data inizio riserva in via transattiva');
		Insert into C0CAMPI (COC_CONTA,C0C_TIP,C0C_CHI,COC_MNE_UNI,C0C_MNE_BER,COC_DES,COC_DES_FRM,C0C_FS,C0C_TAB1,COC_DOM,COC_DES_WEB) values (0,'E',NULL,'DATA_FINE_AMM_RISERVE.W9COLL.W9','W9COLLDTFIAMMRI','Data fine riserva in via amministrativa','Data fine ris.amm.','A10',null,'DATA_ELDA','Data fine riserva in via amministrativa');
		Insert into C0CAMPI (COC_CONTA,C0C_TIP,C0C_CHI,COC_MNE_UNI,C0C_MNE_BER,COC_DES,COC_DES_FRM,C0C_FS,C0C_TAB1,COC_DOM,COC_DES_WEB) values (0,'E',NULL,'DATA_FINE_ARB_RISERVE.W9COLL.W9','W9COLLDTFIARBRI','Data fine riserva in via arbitrale','Data fine ris.arb.','A10',null,'DATA_ELDA','Data fine riserva in via arbitrale');
		Insert into C0CAMPI (COC_CONTA,C0C_TIP,C0C_CHI,COC_MNE_UNI,C0C_MNE_BER,COC_DES,COC_DES_FRM,C0C_FS,C0C_TAB1,COC_DOM,COC_DES_WEB) values (0,'E',NULL,'DATA_FINE_GIU_RISERVE.W9COLL.W9','W9COLLDTFIGIURI','Data fine riserva in via giudiziale','Data fine ris.giu.','A10',null,'DATA_ELDA','Data fine riserva in via giudiziale');
		Insert into C0CAMPI (COC_CONTA,C0C_TIP,C0C_CHI,COC_MNE_UNI,C0C_MNE_BER,COC_DES,COC_DES_FRM,C0C_FS,C0C_TAB1,COC_DOM,COC_DES_WEB) values (0,'E',NULL,'DATA_FINE_TRA_RISERVE.W9COLL.W9','W9COLLDTFITRARI','Data fine riserva in via transattiva','Data fine ris.tra','A10',null,'DATA_ELDA','Data fine riserva in via transattiva');
		Insert into C0CAMPI (COC_CONTA,C0C_TIP,C0C_CHI,COC_MNE_UNI,C0C_MNE_BER,COC_DES,COC_DES_FRM,C0C_FS,C0C_TAB1,COC_DOM,COC_DES_WEB) values (0,'E',NULL,'DATA_INIZIO_ACC.W9ACCO.W9','W9ACCODTINAC','Data inizio accordo quadro','Data inizio accordo','A10',null,'DATA_ELDA','Data inizio accordo quadro');
		Insert into C0CAMPI (COC_CONTA,C0C_TIP,C0C_CHI,COC_MNE_UNI,C0C_MNE_BER,COC_DES,COC_DES_FRM,C0C_FS,C0C_TAB1,COC_DOM,COC_DES_WEB) values (0,'E',NULL,'DATA_FINE_ACC.W9ACCO.W9','W9ACCODTFIAC','Data fine accordo quadro','Data fine accordo','A10',null,'DATA_ELDA','Data fine accordo quadro');
		Insert into C0CAMPI (COC_CONTA,C0C_TIP,C0C_CHI,COC_MNE_UNI,C0C_MNE_BER,COC_DES,COC_DES_FRM,C0C_FS,C0C_TAB1,COC_DOM,COC_DES_WEB) values (0,'E',NULL,'CUIINT.W9LOTT.W9','W9LOCUIINT','CUI progettazione','CUI progettazione','A25',null,null,'CUI progettazione');
		Insert into C0CAMPI (COC_CONTA,C0C_TIP,C0C_CHI,COC_MNE_UNI,C0C_MNE_BER,COC_DES,COC_DES_FRM,C0C_FS,C0C_TAB1,COC_DOM,COC_DES_WEB) values (0,'E',NULL,'URL_EPROC.W9LOTT.W9','W9LOURLEPROC','URL piattaforma e-procurement di svolgimento gara','URL e-procur gara','A2000',null,null,'URL piattaforma e-procurement di svolgimento gara');

		Insert into C0CAMPI (COC_CONTA,C0C_TIP,C0C_CHI,COC_MNE_UNI,C0C_MNE_BER,COC_DES,COC_DES_FRM,C0C_FS,C0C_TAB1,COC_DOM,COC_DES_WEB) values (1,'E','P','CODGARA.ESITI_AGGIUDICATARI.W9','W3ESAGCODGAR','Codice della gara','Cod. gara','N10',null,null,'Codice della gara');
		Insert into C0CAMPI (COC_CONTA,C0C_TIP,C0C_CHI,COC_MNE_UNI,C0C_MNE_BER,COC_DES,COC_DES_FRM,C0C_FS,C0C_TAB1,COC_DOM,COC_DES_WEB) values (2,'E','P','NUM_PUBB.ESITI_AGGIUDICATARI.W9','W9ESAGNUMPUB','Numero progressivo pubblicazione','Numero pubblicazione','N3',null,null,'Numero progressivo pubblicazione');
		Insert into C0CAMPI (COC_CONTA,C0C_TIP,C0C_CHI,COC_MNE_UNI,C0C_MNE_BER,COC_DES,COC_DES_FRM,C0C_FS,C0C_TAB1,COC_DOM,COC_DES_WEB) values (3,'E','P','NUM_AGGI.ESITI_AGGIUDICATARI.W9','W3ESAGNUMAGG','Numero progressivo aggiudicazione','Num. aggiudicazione','N3',null,null,'Numero progressivo aggiudicazione');
		Insert into C0CAMPI (COC_CONTA,C0C_TIP,C0C_CHI,COC_MNE_UNI,C0C_MNE_BER,COC_DES,COC_DES_FRM,C0C_FS,C0C_TAB1,COC_DOM,COC_DES_WEB) values (0,'E',null,'CODICE_CASSA.ESITI_AGGIUDICATARI.W9','W3ESCASSA','Codice Cassa Edile','Codice Cassa Edile','A20',null,null,'Codice Cassa Edile');
		Insert into C0CAMPI (COC_CONTA,C0C_TIP,C0C_CHI,COC_MNE_UNI,C0C_MNE_BER,COC_DES,COC_DES_FRM,C0C_FS,C0C_TAB1,COC_DOM,COC_DES_WEB) values (0,'E',null,'CODICE_INAIL.ESITI_AGGIUDICATARI.W9','W3ESINAIL','Codice INAIL','Codice INAIL','A20',null,null,'Codice INAIL');
		Insert into C0CAMPI (COC_CONTA,C0C_TIP,C0C_CHI,COC_MNE_UNI,C0C_MNE_BER,COC_DES,COC_DES_FRM,C0C_FS,C0C_TAB1,COC_DOM,COC_DES_WEB) values (0,'E',null,'CODICE_INPS.ESITI_AGGIUDICATARI.W9','W3ESINPS','Codice INPS','Codice INPS','A20',null,null,'Codice INPS');
		Insert into C0CAMPI (COC_CONTA,C0C_TIP,C0C_CHI,COC_MNE_UNI,C0C_MNE_BER,COC_DES,COC_DES_FRM,C0C_FS,C0C_TAB1,COC_DOM,COC_DES_WEB) values (0,'E',null,'CODIMP.ESITI_AGGIUDICATARI.W9','W3ESCODIMP','Collegamento all''archivio delle imprese','Codice impresa','A10',null,null,'Collegamento all''archivio delle imprese');
		Insert into C0CAMPI (COC_CONTA,C0C_TIP,C0C_CHI,COC_MNE_UNI,C0C_MNE_BER,COC_DES,COC_DES_FRM,C0C_FS,C0C_TAB1,COC_DOM,COC_DES_WEB) values (0,'E',null,'ID_TIPOAGG.ESITI_AGGIUDICATARI.W9','W3ESID_TIPOA','Tipologia del soggetto aggiudicatario','Tipologia soggetto','A100','W3010',null,'Tipologia del soggetto aggiudicatario');
		Insert into C0CAMPI (COC_CONTA,C0C_TIP,C0C_CHI,COC_MNE_UNI,C0C_MNE_BER,COC_DES,COC_DES_FRM,C0C_FS,C0C_TAB1,COC_DOM,COC_DES_WEB) values (0,'E',null,'RUOLO.ESITI_AGGIUDICATARI.W9','W3ESRUOLO','Ruolo nell''associazione','Ruolo','A100','W3011',null,'Ruolo nell''associazione');
		Insert into C0CAMPI (COC_CONTA,C0C_TIP,C0C_CHI,COC_MNE_UNI,C0C_MNE_BER,COC_DES,COC_DES_FRM,C0C_FS,C0C_TAB1,COC_DOM,COC_DES_WEB) values (0,'E',null,'ID_GRUPPO.ESITI_AGGIUDICATARI.W9','W3ESAGIDGRP','Numero raggruppamento','Numero raggruppam.','N3',null,null,'Numero raggruppamento');

		Insert into C0CAMPI (COC_CONTA,C0C_TIP,C0C_CHI,COC_MNE_UNI,C0C_MNE_BER,COC_DES,COC_DES_FRM,C0C_FS,C0C_TAB1,COC_DOM,COC_DES_WEB) values (0,'E',null,'PERC_RIBASSO_AGG.W9PUBBLICAZIONI.W9','W9PBPERCRIB','Ribasso di aggiudicazione %','Ribasso aggiudicaz.','F13.9',null,'PRC','Ribasso di aggiudicazione %');
		Insert into C0CAMPI (COC_CONTA,C0C_TIP,C0C_CHI,COC_MNE_UNI,C0C_MNE_BER,COC_DES,COC_DES_FRM,C0C_FS,C0C_TAB1,COC_DOM,COC_DES_WEB) values (0,'E',null,'PERC_OFF_AUMENTO.W9PUBBLICAZIONI.W9','W9PBPERCOFF','Offerta in aumento %','Offerta aumento','F13.9',null,'PRC','Offerta in aumento %');
		Insert into C0CAMPI (COC_CONTA,C0C_TIP,C0C_CHI,COC_MNE_UNI,C0C_MNE_BER,COC_DES,COC_DES_FRM,C0C_FS,C0C_TAB1,COC_DOM,COC_DES_WEB) values (0,'E',null,'IMPORTO_AGGIUDICAZIONE.W9PUBBLICAZIONI.W9','W9PBIMPAGGI','Importo di aggiudicazione','Imp. aggiudicazione','F15',null,'MONEY','Importo di aggiudicazione');
		Insert into C0CAMPI (COC_CONTA,C0C_TIP,C0C_CHI,COC_MNE_UNI,C0C_MNE_BER,COC_DES,COC_DES_FRM,C0C_FS,C0C_TAB1,COC_DOM,COC_DES_WEB) values (0,'E',null,'DATA_VERB_AGGIUDICAZIONE.W9PUBBLICAZIONI.W9','W9PBDATAVA','Data di aggiudicazione definitiva','Data aggiudicazione','A10',null,'DATA_ELDA','Data aggiudicazione definitiva');
		Insert into C0CAMPI (COC_CONTA,C0C_TIP,C0C_CHI,COC_MNE_UNI,C0C_MNE_BER,COC_DES,COC_DES_FRM,C0C_FS,C0C_TAB1,COC_DOM,COC_DES_WEB) values (0,'E',null,'URL_COMMITTENTE.W9PUBBLICAZIONI.W9','W9PBURLCOMM','URL profilo del committente','URL committente','A2000',null,null,'URL profilo del committente');
		Insert into C0CAMPI (COC_CONTA,C0C_TIP,C0C_CHI,COC_MNE_UNI,C0C_MNE_BER,COC_DES,COC_DES_FRM,C0C_FS,C0C_TAB1,COC_DOM,COC_DES_WEB) values (0,'E',null,'URL_EPROC.W9PUBBLICAZIONI.W9','W9PBURLEPROC','URL piattaforma e-procurement di svolgimento gara','URL e-procur gara','A2000',null,null,'URL piattaforma e-procurement di svolgimento gara');

		Insert into C0CAMPI (COC_CONTA,C0C_TIP,C0C_CHI,COC_MNE_UNI,C0C_MNE_BER,COC_DES,COC_DES_FRM,C0C_FS,C0C_TAB1,COC_DOM,COC_DES_WEB) values (1,'E','P','CODEIN.W9DOCAVVISO.W9','W9DACODEIN','Codice stazione appaltante','Cod. Staz.appaltante','A16',null,null,'Codice stazione appaltante');
		Insert into C0CAMPI (COC_CONTA,C0C_TIP,C0C_CHI,COC_MNE_UNI,C0C_MNE_BER,COC_DES,COC_DES_FRM,C0C_FS,C0C_TAB1,COC_DOM,COC_DES_WEB) values (2,'E','P','IDAVVISO.W9DOCAVVISO.W9','W9DAIDAVV','Numero progressivo avviso','Num. avviso','N10',null,null,'Numero progressivo avviso');
		Insert into C0CAMPI (COC_CONTA,C0C_TIP,C0C_CHI,COC_MNE_UNI,C0C_MNE_BER,COC_DES,COC_DES_FRM,C0C_FS,C0C_TAB1,COC_DOM,COC_DES_WEB) values (3,'E','P','CODSISTEMA.W9DOCAVVISO.W9','W9DACODSIS','Codice del sistema','Codice del sistema','N7',null,null,'Codice sistema');
		Insert into C0CAMPI (COC_CONTA,C0C_TIP,C0C_CHI,COC_MNE_UNI,C0C_MNE_BER,COC_DES,COC_DES_FRM,C0C_FS,C0C_TAB1,COC_DOM,COC_DES_WEB) values (4,'E','P','NUMDOC.W9DOCAVVISO.W9','W9DANUMDOC','Numero progressivo documento','Numero documento','N4',null,null,'Numero documento');
		Insert into C0CAMPI (COC_CONTA,C0C_TIP,C0C_CHI,COC_MNE_UNI,C0C_MNE_BER,COC_DES,COC_DES_FRM,C0C_FS,C0C_TAB1,COC_DOM,COC_DES_WEB) values (0,'E',null,'TITOLO.W9DOCAVVISO.W9','W9DATITOLO','Titolo del documento','Titolo','A250',null,null,'Titolo');
		Insert into C0CAMPI (COC_CONTA,C0C_TIP,C0C_CHI,COC_MNE_UNI,C0C_MNE_BER,COC_DES,COC_DES_FRM,C0C_FS,C0C_TAB1,COC_DOM,COC_DES_WEB) values (0,'E',null,'URL.W9DOCAVVISO.W9','W9DAURL','URL al documento','URL al documento','A2000',null,null,'URL al documento');

		Insert into C0CAMPI (COC_CONTA,C0C_TIP,C0C_CHI,COC_MNE_UNI,C0C_MNE_BER,COC_DES,COC_DES_FRM,C0C_FS,C0C_TAB1,COC_DOM,COC_DES_WEB) values (0,'E',null,'DATASCADENZA.AVVISO.W9','W9PADATASCA','Data scadenza','Data scadenza','A10',null,'DATA_ELDA','Data scadenza');
		Insert into C0CAMPI (COC_CONTA,C0C_TIP,C0C_CHI,COC_MNE_UNI,C0C_MNE_BER,COC_DES,COC_DES_FRM,C0C_FS,C0C_TAB1,COC_DOM,COC_DES_WEB) values (0,'E',null,'CUP.AVVISO.W9','W9PACUP','Codice CUP','CUP','A15',null,null,'Codice CUP');
		Insert into C0CAMPI (COC_CONTA,C0C_TIP,C0C_CHI,COC_MNE_UNI,C0C_MNE_BER,COC_DES,COC_DES_FRM,C0C_FS,C0C_TAB1,COC_DOM,COC_DES_WEB) values (0,'E',null,'CUIINT.AVVISO.W9','W9PACUI','Numero intervento CUI','N. intervento CUI','A20',null,null,'Numero intervento CUI');
		Insert into C0CAMPI (COC_CONTA,C0C_TIP,C0C_CHI,COC_MNE_UNI,C0C_MNE_BER,COC_DES,COC_DES_FRM,C0C_FS,C0C_TAB1,COC_DOM,COC_DES_WEB) values (0,'E',null,'RUP.AVVISO.W9','W9PARUP','Codice del Referente','Codice Referente','A10',null,null,'Codice del Referente');
		Insert into C0CAMPI (COC_CONTA,C0C_TIP,C0C_CHI,COC_MNE_UNI,C0C_MNE_BER,COC_DES,COC_DES_FRM,C0C_FS,C0C_TAB1,COC_DOM,COC_DES_WEB) values (0,'E',NULL,'IDUFFICIO.AVVISO.W9','W9PAUFF','ID ufficio','ID ufficio','N10',NULL,NULL,'ID ufficio');

		Insert into C0CAMPI (COC_CONTA,C0C_TIP,C0C_CHI,COC_MNE_UNI,C0C_MNE_BER,COC_DES,COC_DES_FRM,C0C_FS,C0C_TAB1,COC_DOM,COC_DES_WEB) values (0,'E',null,'CUPESENTE.W9LOTT.W9','W9CUPESENTE','Esente?','Esente?','N1',null,'SN','Esente dalla richiesta CUP?');
		Insert into C0CAMPI (COC_CONTA,C0C_TIP,C0C_CHI,COC_MNE_UNI,C0C_MNE_BER,COC_DES,COC_DES_FRM,C0C_FS,C0C_TAB1,COC_DOM,COC_DES_WEB) values (0,'E',null,'URL_COMMITTENTE.W9LOTT.W9','W9URLCOMM','URL profilo del committente','URL committente','A2000',null,null,'URL profilo del committente');

		Insert into C0CAMPI (COC_CONTA,C0C_TIP,C0C_CHI,COC_MNE_UNI,C0C_MNE_BER,COC_DES,COC_DES_FRM,C0C_FS,C0C_TAB1,COC_DOM,COC_DES_WEB) values (0,'E',null,'SYSCON.W9GARA.W9','W9GASYSCON','Utente','Utente','N12',null,null,'Utente');
		Insert into C0CAMPI (COC_CONTA,C0C_TIP,C0C_CHI,COC_MNE_UNI,C0C_MNE_BER,COC_DES,COC_DES_FRM,C0C_FS,C0C_TAB1,COC_DOM,COC_DES_WEB) values (0,'E',null,'SYSCON.AVVISO.W9','W9AVSYSCON','Utente','Utente','N12',null,null,'Utente');

		Insert into C0CAMPI (COC_CONTA,C0C_TIP,C0C_CHI,COC_MNE_UNI,C0C_MNE_BER,COC_DES,COC_DES_FRM,C0C_FS,C0C_TAB1,COC_DOM,COC_DES_WEB) values (0,'E',null,'GARA_UUID.W3SMARTCIG.W3','W3_SMARTCIG_UUID','UUID della gara','UUID della gara','A40',null,null,'UUID della gara');

		Insert into C0CAMPI (COC_CONTA,C0C_TIP,C0C_CHI,COC_MNE_UNI,C0C_MNE_BER,COC_DES,COC_DES_FRM,C0C_FS,C0C_TAB1,COC_DOM,COC_DES_WEB) values (0,'E',null,'ID_RICEVUTO.AVVISO.W9','W9PAIDR','ID ricevuto','ID ricevuto','N10',null,null,'ID ricevuto');
		Insert into C0CAMPI (COC_CONTA,C0C_TIP,C0C_CHI,COC_MNE_UNI,C0C_MNE_BER,COC_DES,COC_DES_FRM,C0C_FS,C0C_TAB1,COC_DOM,COC_DES_WEB) values (0,'E',null,'ID_RICEVUTO.W9PUBBLICAZIONI.W9','W9PBIDR','ID ricevuto','ID ricevuto','N10',null,null,'ID ricevuto');
		Insert into C0CAMPI (COC_CONTA,C0C_TIP,C0C_CHI,COC_MNE_UNI,C0C_MNE_BER,COC_DES,COC_DES_FRM,C0C_FS,C0C_TAB1,COC_DOM,COC_DES_WEB) values (0,'E',null,'ID_RICEVUTO.W9GARA.W9','W9GAIDR','ID ricevuto','ID ricevuto','N10',null,null,'ID ricevuto');
		
		Update C0CAMPI set C0C_CHI='P' where COC_MNE_UNI='CODSISTEMA.AVVISO.W9';
		Update C0CAMPI set COC_DES='URL al documento', COC_DES_FRM='URL al documento', COC_DES_WEB='URL al documento' where COC_MNE_UNI='URL.W9DOCGARA.W9';
		Update C0CAMPI set COC_DES='Eventuale specificazione', COC_DES_FRM='Ev. specificazione', COC_DES_WEB='Eventuale specificazione' where COC_MNE_UNI = 'DESCRIZ.W9PUBBLICAZIONI.W9';


		Update C0CAMPI SET COC_CONTA=1 WHERE COC_MNE_UNI LIKE 'CODGARA.%.W9' AND C0C_CHI='P';
		Update C0CAMPI SET COC_CONTA=2 WHERE COC_MNE_UNI LIKE 'CODLOTT.%.W9' AND C0C_CHI='P';
		Update C0CAMPI SET COC_CONTA=3 WHERE COC_MNE_UNI IN ('FASE_ESECUZIONE.W9FASI.W9','NUM_APPA.W9AGGI.W9','NUM_APPA.W9APPA.W9','NUM_TPRO.W9TECPRO.W9','NUM_VARI.W9VARI.W9','NUMXML.W9XML.W9','NUM_CANT.W9CANT.W9','NUM_CANT.W9CANTDEST.W9','NUM_CANT.W9CANTIMP.W9','NUM_COLL.W9COLL.W9','NUM_CONC.W9CONC.W9','NUM_COND.W9COND.W9','NUM_CPV.W9CPV.W9','NUM_APPA.W9FINA.W9','NUM_IMPR.W9IMPRESE.W9','NUM_INAD.W9INASIC.W9','NUM.W9INCA.W9','NUM_INFOR.W9INFOR.W9','NUM_INIZ.W9INIZ.W9','NUM_CATE.W9LOTTCATE.W9','NUM_MISS.W9MISSIC.W9','NUM_VARI.W9MOTI.W9','NUM_APPA.W9PUBB.W9','NUM_INIZ.W9PUES.W9','NUM_REGO.W9REGCON.W9','NUM_APPA.W9REQU.W9','NUM_RITA.W9RITA.W9','NUM_SIC.W9SIC.W9','NUM_SOSP.W9SOSP.W9','NUM_SUBA.W9SUBA.W9','NUM_PUBB.W9PUBLOTTO.W9','FASE_ESECUZIONE.W9DOCFASE.W9', 'NUM_PUBB.W9DOCGARA.W9', 'NUMXML.W9XMLANOM.W9','NUM_ACCO.W9ACCO.W9');
		Update C0CAMPI SET COC_CONTA=4 WHERE COC_MNE_UNI IN ('NUM_AGGI.W9AGGI.W9','NUM_FINA.W9FINA.W9','NUM_INCA.W9INCA.W9','NUM_IMP.W9CANTIMP.W9','NUM_MOTI.W9MOTI.W9','NUM_PUBB.W9PUBB.W9','NUM_PUES.W9PUES.W9','NUM_REQU.W9REQU.W9','NUM_FASE.W9DOCFASE.W9','NUM.W9XMLANOM.W9','NUM.W9FASI.W9');
		Update C0CAMPI SET COC_CONTA=5 WHERE COC_MNE_UNI IN ('NUMDOC.W9DOCFASE.W9','SEZIONE.W9INCA.W9');
		Update C0CAMPI SET COC_CONTA=2 WHERE COC_MNE_UNI IN ('NUM_PUBB.W9PUBBLICAZIONI.W9','NUMDOC.W9DOCGARA.W9') AND C0C_CHI='P';

		Update C0CAMPI SET COC_CONTA=1 WHERE COC_MNE_UNI IN ('CODEIN.AVVISO.W9','IDCENTRO.CENTRICOSTO.W9','IDFLUSSO.W9FLUSSI.W9','IDCOMUN.W9INBOX.W9','CODCONF.W9CF_MODPERMESSI_SA.W9','CODCONF.W9CF_REGPERMESSI.W9','IDMACROFASE.W9CF_MACROFASI.W9','NUMREG.W9PERMESSI.W9','IDFLUSSO.V_W9FLUSSI.W9','IDFLUSSO.W9FLUSSI_ELIMINATI.W9','IDCOMUN.V_W9INBOX.W9','ID.UFFICI.W9');
		Update C0CAMPI SET COC_CONTA=2 WHERE COC_MNE_UNI IN ('IDAVVISO.AVVISO.W9','CODEIN.W9CF_MODPERMESSI_SA.W9','NUMREG.W9CF_REGPERMESSI.W9','IDSCHEDA.W9CF_MACROFASI.W9');
		Update C0CAMPI SET COC_CONTA=3 WHERE COC_MNE_UNI IN ('CODSISTEMA.AVVISO.W9','NUM_APPAF.W9APPAFORN.W9','NUM_APPAL.W9APPALAV.W9','NUM_AVAN.W9AVAN.W9');
		Update C0CAMPI SET COC_CONTA=4 WHERE COC_MNE_UNI IN ('DEST.W9CANTDEST.W9');

		Update C0CAMPI SET COC_DES='Data fine prevista per ultimazione lavori/servizi/forniture',COC_DES_FRM='Data fine prevista',COC_DES_WEB='Data fine prevista per dare ultimazione ai lavori/servizi/forniture' WHERE COC_MNE_UNI='DATA_TERMINE.W9INIZ.W9';
		Update C0CAMPI SET COC_DES='Numero progressivo atto',COC_DES_FRM='Numero atto',COC_DES_WEB='Numero progressivo atto'  WHERE C0C_MNE_BER='W9PBNUMPUBB';

		Delete from C0CAMPI where COC_MNE_UNI = 'IMP_COMPL_INTERVENTO.W9VARI';

		--- Tipo di importo ---
		Insert into TAB2 (TAB2COD,TAB2TIP,TAB2D1,TAB2D2) values ('W9z01','M','M','A misura');
		Insert into TAB2 (TAB2COD,TAB2TIP,TAB2D1,TAB2D2) values ('W9z01','C','C','A corpo');
		Insert into TAB2 (TAB2COD,TAB2TIP,TAB2D1,TAB2D2) values ('W9z01','E','E','In economia');

		--- Singolo o Commissione ---
		Insert into TAB2 (TAB2COD,TAB2TIP,TAB2D1,TAB2D2) values ('W9z02','S','S','Singolo');
		Insert into TAB2 (TAB2COD,TAB2TIP,TAB2D1,TAB2D2) values ('W9z02','C','C','Commissione');

		--- Tipologia di variante ---
		Insert into TAB2 (TAB2COD,TAB2TIP,TAB2D1,TAB2D2) values ('W9z03','A','A','In aumento');
		Insert into TAB2 (TAB2COD,TAB2TIP,TAB2D1,TAB2D2) values ('W9z03','D','D','In diminuzione');
		Insert into TAB2 (TAB2COD,TAB2TIP,TAB2D1,TAB2D2) values ('W9z03','S','S','Senza variazioni di importo');

		--- Livello progettuale ---
		Insert into TAB1 (TAB1COD,TAB1TIP, TAB1DESC) values ('W9021',1,'Studio di fattibilita'' tecnico economica');
		Insert into TAB1 (TAB1COD,TAB1TIP, TAB1DESC) values ('W9021',2,'Progetto preliminare');
		Insert into TAB1 (TAB1COD,TAB1TIP, TAB1DESC) values ('W9021',3,'Progetto definitivo');
		Insert into TAB1 (TAB1COD,TAB1TIP, TAB1DESC) values ('W9021',4,'Progetto esecutivo');

		--- Tabellato per la conversione del codice nazione NAZIMP (Ag010) in StatoEsteroType
		Insert into TAB2 (TAB2COD,TAB2TIP,TAB2D1,TAB2D2) values ('W9z04','AD','16','Andorra');
		Insert into TAB2 (TAB2COD,TAB2TIP,TAB2D1,TAB2D2) values ('W9z04','AE','17','Emirati Arabi Uniti');
		Insert into TAB2 (TAB2COD,TAB2TIP,TAB2D1,TAB2D2) values ('W9z04','AF','18','Afghanistan');
		Insert into TAB2 (TAB2COD,TAB2TIP,TAB2D1,TAB2D2) values ('W9z04','AG','19','Antigua e Barbuda');
		Insert into TAB2 (TAB2COD,TAB2TIP,TAB2D1,TAB2D2) values ('W9z04','AI','20','Anguilla');
		Insert into TAB2 (TAB2COD,TAB2TIP,TAB2D1,TAB2D2) values ('W9z04','AL','21','Albania');
		Insert into TAB2 (TAB2COD,TAB2TIP,TAB2D1,TAB2D2) values ('W9z04','AM','22','Armenia');
		Insert into TAB2 (TAB2COD,TAB2TIP,TAB2D1,TAB2D2) values ('W9z04','AN','23','Antille Olandesi');
		Insert into TAB2 (TAB2COD,TAB2TIP,TAB2D1,TAB2D2) values ('W9z04','AO','24','Angola');
		Insert into TAB2 (TAB2COD,TAB2TIP,TAB2D1,TAB2D2) values ('W9z04','AQ','25','Antartico');
		Insert into TAB2 (TAB2COD,TAB2TIP,TAB2D1,TAB2D2) values ('W9z04','AR','26','Argentina');
		Insert into TAB2 (TAB2COD,TAB2TIP,TAB2D1,TAB2D2) values ('W9z04','AS','27','Samoa Americane');
		Insert into TAB2 (TAB2COD,TAB2TIP,TAB2D1,TAB2D2) values ('W9z04','AT','2','Austria');
		Insert into TAB2 (TAB2COD,TAB2TIP,TAB2D1,TAB2D2) values ('W9z04','AU','28','Australia');
		Insert into TAB2 (TAB2COD,TAB2TIP,TAB2D1,TAB2D2) values ('W9z04','AW','29','Aruba');
		Insert into TAB2 (TAB2COD,TAB2TIP,TAB2D1,TAB2D2) values ('W9z04','AX','30','Isole Aland');
		Insert into TAB2 (TAB2COD,TAB2TIP,TAB2D1,TAB2D2) values ('W9z04','AZ','31','Azerbaigian');
		Insert into TAB2 (TAB2COD,TAB2TIP,TAB2D1,TAB2D2) values ('W9z04','BA','32','Bosnia-Erzegovina');
		Insert into TAB2 (TAB2COD,TAB2TIP,TAB2D1,TAB2D2) values ('W9z04','BB','33','Barbados');
		Insert into TAB2 (TAB2COD,TAB2TIP,TAB2D1,TAB2D2) values ('W9z04','BD','34','Bangladesh');
		Insert into TAB2 (TAB2COD,TAB2TIP,TAB2D1,TAB2D2) values ('W9z04','BE','3','Belgio');
		Insert into TAB2 (TAB2COD,TAB2TIP,TAB2D1,TAB2D2) values ('W9z04','BF','35','Burkina Faso');
		Insert into TAB2 (TAB2COD,TAB2TIP,TAB2D1,TAB2D2) values ('W9z04','BG','36','Bulgaria');
		Insert into TAB2 (TAB2COD,TAB2TIP,TAB2D1,TAB2D2) values ('W9z04','BH','37','Bahrain');
		Insert into TAB2 (TAB2COD,TAB2TIP,TAB2D1,TAB2D2) values ('W9z04','BI','38','Burundi');
		Insert into TAB2 (TAB2COD,TAB2TIP,TAB2D1,TAB2D2) values ('W9z04','BJ','39','Benin');
		Insert into TAB2 (TAB2COD,TAB2TIP,TAB2D1,TAB2D2) values ('W9z04','BL','40','Saint-Barthelemy');
		Insert into TAB2 (TAB2COD,TAB2TIP,TAB2D1,TAB2D2) values ('W9z04','BM','41','Bermuda');
		Insert into TAB2 (TAB2COD,TAB2TIP,TAB2D1,TAB2D2) values ('W9z04','BN','42','Brunei');
		Insert into TAB2 (TAB2COD,TAB2TIP,TAB2D1,TAB2D2) values ('W9z04','BO','43','Bolivia');
		Insert into TAB2 (TAB2COD,TAB2TIP,TAB2D1,TAB2D2) values ('W9z04','BR','44','Brasile');
		Insert into TAB2 (TAB2COD,TAB2TIP,TAB2D1,TAB2D2) values ('W9z04','BS','45','Bahamas');
		Insert into TAB2 (TAB2COD,TAB2TIP,TAB2D1,TAB2D2) values ('W9z04','BT','46','Bhutan');
		Insert into TAB2 (TAB2COD,TAB2TIP,TAB2D1,TAB2D2) values ('W9z04','BV','47','Isola Bouvet');
		Insert into TAB2 (TAB2COD,TAB2TIP,TAB2D1,TAB2D2) values ('W9z04','BW','48','Botswana');
		Insert into TAB2 (TAB2COD,TAB2TIP,TAB2D1,TAB2D2) values ('W9z04','BY','49','Bielorussia');
		Insert into TAB2 (TAB2COD,TAB2TIP,TAB2D1,TAB2D2) values ('W9z04','BZ','50','Belize');
		Insert into TAB2 (TAB2COD,TAB2TIP,TAB2D1,TAB2D2) values ('W9z04','CA','51','Canada');
		Insert into TAB2 (TAB2COD,TAB2TIP,TAB2D1,TAB2D2) values ('W9z04','CC','52','Isole Cocos');
		Insert into TAB2 (TAB2COD,TAB2TIP,TAB2D1,TAB2D2) values ('W9z04','CD','53','Repubblica Democratica del Congo');
		Insert into TAB2 (TAB2COD,TAB2TIP,TAB2D1,TAB2D2) values ('W9z04','CF','54','Repubblica Centrafricana');
		Insert into TAB2 (TAB2COD,TAB2TIP,TAB2D1,TAB2D2) values ('W9z04','CG','55','Repubblica del Congo');
		Insert into TAB2 (TAB2COD,TAB2TIP,TAB2D1,TAB2D2) values ('W9z04','CH','56','Svizzera');
		Insert into TAB2 (TAB2COD,TAB2TIP,TAB2D1,TAB2D2) values ('W9z04','CI','57','Costa d''Avorio');
		Insert into TAB2 (TAB2COD,TAB2TIP,TAB2D1,TAB2D2) values ('W9z04','CK','58','Isole Cook');
		Insert into TAB2 (TAB2COD,TAB2TIP,TAB2D1,TAB2D2) values ('W9z04','CL','59','Cile');
		Insert into TAB2 (TAB2COD,TAB2TIP,TAB2D1,TAB2D2) values ('W9z04','CM','60','Camerun');
		Insert into TAB2 (TAB2COD,TAB2TIP,TAB2D1,TAB2D2) values ('W9z04','CN','61','Cina');
		Insert into TAB2 (TAB2COD,TAB2TIP,TAB2D1,TAB2D2) values ('W9z04','CO','62','Colombia');
		Insert into TAB2 (TAB2COD,TAB2TIP,TAB2D1,TAB2D2) values ('W9z04','CR','63','Costa Rica');
		Insert into TAB2 (TAB2COD,TAB2TIP,TAB2D1,TAB2D2) values ('W9z04','CU','64','Cuba');
		Insert into TAB2 (TAB2COD,TAB2TIP,TAB2D1,TAB2D2) values ('W9z04','CV','65','Capo Verde');
		Insert into TAB2 (TAB2COD,TAB2TIP,TAB2D1,TAB2D2) values ('W9z04','CX','66','Isola Christmas');
		Insert into TAB2 (TAB2COD,TAB2TIP,TAB2D1,TAB2D2) values ('W9z04','CY','67','Cipro');
		Insert into TAB2 (TAB2COD,TAB2TIP,TAB2D1,TAB2D2) values ('W9z04','CZ','68','Repubblica Ceca');
		Insert into TAB2 (TAB2COD,TAB2TIP,TAB2D1,TAB2D2) values ('W9z04','DE','7','Germania');
		Insert into TAB2 (TAB2COD,TAB2TIP,TAB2D1,TAB2D2) values ('W9z04','DJ','69','Gibuti');
		Insert into TAB2 (TAB2COD,TAB2TIP,TAB2D1,TAB2D2) values ('W9z04','DK','4','Danimarca');
		Insert into TAB2 (TAB2COD,TAB2TIP,TAB2D1,TAB2D2) values ('W9z04','DM','70','Dominica');
		Insert into TAB2 (TAB2COD,TAB2TIP,TAB2D1,TAB2D2) values ('W9z04','DO','71','Repubblica Dominicana');
		Insert into TAB2 (TAB2COD,TAB2TIP,TAB2D1,TAB2D2) values ('W9z04','DZ','72','Algeria');
		Insert into TAB2 (TAB2COD,TAB2TIP,TAB2D1,TAB2D2) values ('W9z04','EC','73','Ecuador');
		Insert into TAB2 (TAB2COD,TAB2TIP,TAB2D1,TAB2D2) values ('W9z04','EE','74','Estonia');
		Insert into TAB2 (TAB2COD,TAB2TIP,TAB2D1,TAB2D2) values ('W9z04','EG','75','Egitto');
		Insert into TAB2 (TAB2COD,TAB2TIP,TAB2D1,TAB2D2) values ('W9z04','EH','76','Sahara Occidentale');
		Insert into TAB2 (TAB2COD,TAB2TIP,TAB2D1,TAB2D2) values ('W9z04','ER','77','Eritrea');
		Insert into TAB2 (TAB2COD,TAB2TIP,TAB2D1,TAB2D2) values ('W9z04','ES','14','Spagna');
		Insert into TAB2 (TAB2COD,TAB2TIP,TAB2D1,TAB2D2) values ('W9z04','ET','78','Etiopia');
		Insert into TAB2 (TAB2COD,TAB2TIP,TAB2D1,TAB2D2) values ('W9z04','FI','5','Finlandia');
		Insert into TAB2 (TAB2COD,TAB2TIP,TAB2D1,TAB2D2) values ('W9z04','FJ','79','Figi');
		Insert into TAB2 (TAB2COD,TAB2TIP,TAB2D1,TAB2D2) values ('W9z04','FK','80','Isole Falkland');
		Insert into TAB2 (TAB2COD,TAB2TIP,TAB2D1,TAB2D2) values ('W9z04','FM','81','Stati Federati di Micronesia');
		Insert into TAB2 (TAB2COD,TAB2TIP,TAB2D1,TAB2D2) values ('W9z04','FO','82','Isole Faorer');
		Insert into TAB2 (TAB2COD,TAB2TIP,TAB2D1,TAB2D2) values ('W9z04','FR','6','Francia');
		Insert into TAB2 (TAB2COD,TAB2TIP,TAB2D1,TAB2D2) values ('W9z04','GA','83','Gabon');
		Insert into TAB2 (TAB2COD,TAB2TIP,TAB2D1,TAB2D2) values ('W9z04','GB','13','Regno Unito');
		Insert into TAB2 (TAB2COD,TAB2TIP,TAB2D1,TAB2D2) values ('W9z04','GD','84','Grenada');
		Insert into TAB2 (TAB2COD,TAB2TIP,TAB2D1,TAB2D2) values ('W9z04','GE','85','Georgia');
		Insert into TAB2 (TAB2COD,TAB2TIP,TAB2D1,TAB2D2) values ('W9z04','GF','86','Guyana Francese');
		Insert into TAB2 (TAB2COD,TAB2TIP,TAB2D1,TAB2D2) values ('W9z04','GG','87','Guernsey');
		Insert into TAB2 (TAB2COD,TAB2TIP,TAB2D1,TAB2D2) values ('W9z04','GH','88','Ghana');
		Insert into TAB2 (TAB2COD,TAB2TIP,TAB2D1,TAB2D2) values ('W9z04','GI','89','Gibilterra');
		Insert into TAB2 (TAB2COD,TAB2TIP,TAB2D1,TAB2D2) values ('W9z04','GL','90','Groenlandia');
		Insert into TAB2 (TAB2COD,TAB2TIP,TAB2D1,TAB2D2) values ('W9z04','GM','91','Gambia');
		Insert into TAB2 (TAB2COD,TAB2TIP,TAB2D1,TAB2D2) values ('W9z04','GN','92','Guinea');
		Insert into TAB2 (TAB2COD,TAB2TIP,TAB2D1,TAB2D2) values ('W9z04','GP','93','Guadalupa');
		Insert into TAB2 (TAB2COD,TAB2TIP,TAB2D1,TAB2D2) values ('W9z04','GQ','94','Guinea Equatoriale');
		Insert into TAB2 (TAB2COD,TAB2TIP,TAB2D1,TAB2D2) values ('W9z04','GR','8','Grecia');
		Insert into TAB2 (TAB2COD,TAB2TIP,TAB2D1,TAB2D2) values ('W9z04','GS','95','Georgia del Sud e isole Sandwich meridionali');
		Insert into TAB2 (TAB2COD,TAB2TIP,TAB2D1,TAB2D2) values ('W9z04','GT','96','Guatemala');
		Insert into TAB2 (TAB2COD,TAB2TIP,TAB2D1,TAB2D2) values ('W9z04','GU','97','Guam');
		Insert into TAB2 (TAB2COD,TAB2TIP,TAB2D1,TAB2D2) values ('W9z04','GW','98','Guinea-Bissau');
		Insert into TAB2 (TAB2COD,TAB2TIP,TAB2D1,TAB2D2) values ('W9z04','GY','247','Guyana');
		Insert into TAB2 (TAB2COD,TAB2TIP,TAB2D1,TAB2D2) values ('W9z04','HK','100','Hong Kong');
		Insert into TAB2 (TAB2COD,TAB2TIP,TAB2D1,TAB2D2) values ('W9z04','HM','101','Isole Heard e McDonald');
		Insert into TAB2 (TAB2COD,TAB2TIP,TAB2D1,TAB2D2) values ('W9z04','HN','102','Honduras');
		Insert into TAB2 (TAB2COD,TAB2TIP,TAB2D1,TAB2D2) values ('W9z04','HR','103','Croazia');
		Insert into TAB2 (TAB2COD,TAB2TIP,TAB2D1,TAB2D2) values ('W9z04','HT','104','Haiti');
		Insert into TAB2 (TAB2COD,TAB2TIP,TAB2D1,TAB2D2) values ('W9z04','HU','105','Ungheria');
		Insert into TAB2 (TAB2COD,TAB2TIP,TAB2D1,TAB2D2) values ('W9z04','ID','106','Indonesia');
		Insert into TAB2 (TAB2COD,TAB2TIP,TAB2D1,TAB2D2) values ('W9z04','IE','9','Irlanda');
		Insert into TAB2 (TAB2COD,TAB2TIP,TAB2D1,TAB2D2) values ('W9z04','IL','107','Israele');
		Insert into TAB2 (TAB2COD,TAB2TIP,TAB2D1,TAB2D2) values ('W9z04','IM','108','Isola di Man');
		Insert into TAB2 (TAB2COD,TAB2TIP,TAB2D1,TAB2D2) values ('W9z04','IN','109','India');
		Insert into TAB2 (TAB2COD,TAB2TIP,TAB2D1,TAB2D2) values ('W9z04','IO','110','Territori Britannici dell''Oceano Indiano');
		Insert into TAB2 (TAB2COD,TAB2TIP,TAB2D1,TAB2D2) values ('W9z04','IQ','111','Iraq');
		Insert into TAB2 (TAB2COD,TAB2TIP,TAB2D1,TAB2D2) values ('W9z04','IR','112','Iran');
		Insert into TAB2 (TAB2COD,TAB2TIP,TAB2D1,TAB2D2) values ('W9z04','IS','113','Islanda');
		Insert into TAB2 (TAB2COD,TAB2TIP,TAB2D1,TAB2D2) values ('W9z04','JE','114','Jersey');
		Insert into TAB2 (TAB2COD,TAB2TIP,TAB2D1,TAB2D2) values ('W9z04','JM','115','Giamaica');
		Insert into TAB2 (TAB2COD,TAB2TIP,TAB2D1,TAB2D2) values ('W9z04','JO','116','Giordania');
		Insert into TAB2 (TAB2COD,TAB2TIP,TAB2D1,TAB2D2) values ('W9z04','JP','117','Giappone');
		Insert into TAB2 (TAB2COD,TAB2TIP,TAB2D1,TAB2D2) values ('W9z04','KE','118','Kenya');
		Insert into TAB2 (TAB2COD,TAB2TIP,TAB2D1,TAB2D2) values ('W9z04','KG','119','Kirghizistan');
		Insert into TAB2 (TAB2COD,TAB2TIP,TAB2D1,TAB2D2) values ('W9z04','KH','120','Cambogia');
		Insert into TAB2 (TAB2COD,TAB2TIP,TAB2D1,TAB2D2) values ('W9z04','KI','121','Kiribati');
		Insert into TAB2 (TAB2COD,TAB2TIP,TAB2D1,TAB2D2) values ('W9z04','KM','122','Comore');
		Insert into TAB2 (TAB2COD,TAB2TIP,TAB2D1,TAB2D2) values ('W9z04','KN','123','Saint Kitts e Nevis');
		Insert into TAB2 (TAB2COD,TAB2TIP,TAB2D1,TAB2D2) values ('W9z04','KP','124','Corea del Nord');
		Insert into TAB2 (TAB2COD,TAB2TIP,TAB2D1,TAB2D2) values ('W9z04','KR','125','Corea del Sud');
		Insert into TAB2 (TAB2COD,TAB2TIP,TAB2D1,TAB2D2) values ('W9z04','KW','126','Kuwait');
		Insert into TAB2 (TAB2COD,TAB2TIP,TAB2D1,TAB2D2) values ('W9z04','KY','127','Isole Cayman');
		Insert into TAB2 (TAB2COD,TAB2TIP,TAB2D1,TAB2D2) values ('W9z04','KZ','128','Kazakistan');
		Insert into TAB2 (TAB2COD,TAB2TIP,TAB2D1,TAB2D2) values ('W9z04','LA','129','Laos');
		Insert into TAB2 (TAB2COD,TAB2TIP,TAB2D1,TAB2D2) values ('W9z04','LB','130','Libano');
		Insert into TAB2 (TAB2COD,TAB2TIP,TAB2D1,TAB2D2) values ('W9z04','LC','131','Santa Lucia');
		Insert into TAB2 (TAB2COD,TAB2TIP,TAB2D1,TAB2D2) values ('W9z04','LI','132','Liechtenstein');
		Insert into TAB2 (TAB2COD,TAB2TIP,TAB2D1,TAB2D2) values ('W9z04','LK','133','Sri Lanka');
		Insert into TAB2 (TAB2COD,TAB2TIP,TAB2D1,TAB2D2) values ('W9z04','LR','134','Liberia');
		Insert into TAB2 (TAB2COD,TAB2TIP,TAB2D1,TAB2D2) values ('W9z04','LS','135','Lesotho');
		Insert into TAB2 (TAB2COD,TAB2TIP,TAB2D1,TAB2D2) values ('W9z04','LT','136','Lituania');
		Insert into TAB2 (TAB2COD,TAB2TIP,TAB2D1,TAB2D2) values ('W9z04','LU','10','Lussemburgo');
		Insert into TAB2 (TAB2COD,TAB2TIP,TAB2D1,TAB2D2) values ('W9z04','LV','137','Lettonia');
		Insert into TAB2 (TAB2COD,TAB2TIP,TAB2D1,TAB2D2) values ('W9z04','LY','138','Libia');
		Insert into TAB2 (TAB2COD,TAB2TIP,TAB2D1,TAB2D2) values ('W9z04','MA','139','Marocco');
		Insert into TAB2 (TAB2COD,TAB2TIP,TAB2D1,TAB2D2) values ('W9z04','MC','140','Monaco');
		Insert into TAB2 (TAB2COD,TAB2TIP,TAB2D1,TAB2D2) values ('W9z04','MD','141','Moldavia');
		Insert into TAB2 (TAB2COD,TAB2TIP,TAB2D1,TAB2D2) values ('W9z04','ME','142','Montenegro');
		Insert into TAB2 (TAB2COD,TAB2TIP,TAB2D1,TAB2D2) values ('W9z04','MF','143','Saint-Martin');
		Insert into TAB2 (TAB2COD,TAB2TIP,TAB2D1,TAB2D2) values ('W9z04','MG','144','Madagascar');
		Insert into TAB2 (TAB2COD,TAB2TIP,TAB2D1,TAB2D2) values ('W9z04','MH','145','Isole Marshall');
		Insert into TAB2 (TAB2COD,TAB2TIP,TAB2D1,TAB2D2) values ('W9z04','MK','146','Macedonia');
		Insert into TAB2 (TAB2COD,TAB2TIP,TAB2D1,TAB2D2) values ('W9z04','ML','147','Mali');
		Insert into TAB2 (TAB2COD,TAB2TIP,TAB2D1,TAB2D2) values ('W9z04','MM','148','Birmania');
		Insert into TAB2 (TAB2COD,TAB2TIP,TAB2D1,TAB2D2) values ('W9z04','MN','149','Mongolia');
		Insert into TAB2 (TAB2COD,TAB2TIP,TAB2D1,TAB2D2) values ('W9z04','MO','150','Macao');
		Insert into TAB2 (TAB2COD,TAB2TIP,TAB2D1,TAB2D2) values ('W9z04','MP','151','Isole Marianne Settentrionali');
		Insert into TAB2 (TAB2COD,TAB2TIP,TAB2D1,TAB2D2) values ('W9z04','MQ','152','Martinica');
		Insert into TAB2 (TAB2COD,TAB2TIP,TAB2D1,TAB2D2) values ('W9z04','MR','153','Mauritania');
		Insert into TAB2 (TAB2COD,TAB2TIP,TAB2D1,TAB2D2) values ('W9z04','MS','154','Montserrat');
		Insert into TAB2 (TAB2COD,TAB2TIP,TAB2D1,TAB2D2) values ('W9z04','MT','155','Malta');
		Insert into TAB2 (TAB2COD,TAB2TIP,TAB2D1,TAB2D2) values ('W9z04','MU','156','Mauritius');
		Insert into TAB2 (TAB2COD,TAB2TIP,TAB2D1,TAB2D2) values ('W9z04','MV','157','Maldive');
		Insert into TAB2 (TAB2COD,TAB2TIP,TAB2D1,TAB2D2) values ('W9z04','MW','158','Malawi');
		Insert into TAB2 (TAB2COD,TAB2TIP,TAB2D1,TAB2D2) values ('W9z04','MX','159','Messico');
		Insert into TAB2 (TAB2COD,TAB2TIP,TAB2D1,TAB2D2) values ('W9z04','MY','160','Malesia');
		Insert into TAB2 (TAB2COD,TAB2TIP,TAB2D1,TAB2D2) values ('W9z04','MZ','161','Mozambico');
		Insert into TAB2 (TAB2COD,TAB2TIP,TAB2D1,TAB2D2) values ('W9z04','NA','162','Namibia');
		Insert into TAB2 (TAB2COD,TAB2TIP,TAB2D1,TAB2D2) values ('W9z04','NC','163','Nuova Caledonia');
		Insert into TAB2 (TAB2COD,TAB2TIP,TAB2D1,TAB2D2) values ('W9z04','NE','164','Niger');
		Insert into TAB2 (TAB2COD,TAB2TIP,TAB2D1,TAB2D2) values ('W9z04','NF','165','Isola Norfolk');
		Insert into TAB2 (TAB2COD,TAB2TIP,TAB2D1,TAB2D2) values ('W9z04','NG','166','Nigeria');
		Insert into TAB2 (TAB2COD,TAB2TIP,TAB2D1,TAB2D2) values ('W9z04','NI','167','Nicaragua');
		Insert into TAB2 (TAB2COD,TAB2TIP,TAB2D1,TAB2D2) values ('W9z04','NL','11','Olanda');
		Insert into TAB2 (TAB2COD,TAB2TIP,TAB2D1,TAB2D2) values ('W9z04','NO','168','Norvegia');
		Insert into TAB2 (TAB2COD,TAB2TIP,TAB2D1,TAB2D2) values ('W9z04','NP','169','Nepal');
		Insert into TAB2 (TAB2COD,TAB2TIP,TAB2D1,TAB2D2) values ('W9z04','NR','170','Nauru');
		Insert into TAB2 (TAB2COD,TAB2TIP,TAB2D1,TAB2D2) values ('W9z04','NU','171','Niue');
		Insert into TAB2 (TAB2COD,TAB2TIP,TAB2D1,TAB2D2) values ('W9z04','NZ','172','Nuova Zelanda');
		Insert into TAB2 (TAB2COD,TAB2TIP,TAB2D1,TAB2D2) values ('W9z04','OM','173','Oman');
		Insert into TAB2 (TAB2COD,TAB2TIP,TAB2D1,TAB2D2) values ('W9z04','PA','174','Panama');
		Insert into TAB2 (TAB2COD,TAB2TIP,TAB2D1,TAB2D2) values ('W9z04','PE','175','Peru''');
		Insert into TAB2 (TAB2COD,TAB2TIP,TAB2D1,TAB2D2) values ('W9z04','PF','176','Polinesia Francese');
		Insert into TAB2 (TAB2COD,TAB2TIP,TAB2D1,TAB2D2) values ('W9z04','PG','177','Papua Nuova Guinea');
		Insert into TAB2 (TAB2COD,TAB2TIP,TAB2D1,TAB2D2) values ('W9z04','PH','178','Filippine');
		Insert into TAB2 (TAB2COD,TAB2TIP,TAB2D1,TAB2D2) values ('W9z04','PK','179','Pakistan');
		Insert into TAB2 (TAB2COD,TAB2TIP,TAB2D1,TAB2D2) values ('W9z04','PL','180','Polonia');
		Insert into TAB2 (TAB2COD,TAB2TIP,TAB2D1,TAB2D2) values ('W9z04','PM','181','Saint Pierre e Miquelon');
		Insert into TAB2 (TAB2COD,TAB2TIP,TAB2D1,TAB2D2) values ('W9z04','PN','182','Isole Pitcairn');
		Insert into TAB2 (TAB2COD,TAB2TIP,TAB2D1,TAB2D2) values ('W9z04','PR','183','Porto Rico');
		Insert into TAB2 (TAB2COD,TAB2TIP,TAB2D1,TAB2D2) values ('W9z04','PS','184','Territori Palestinesi Occupati');
		Insert into TAB2 (TAB2COD,TAB2TIP,TAB2D1,TAB2D2) values ('W9z04','PT','12','Portogallo');
		Insert into TAB2 (TAB2COD,TAB2TIP,TAB2D1,TAB2D2) values ('W9z04','PW','185','Palau');
		Insert into TAB2 (TAB2COD,TAB2TIP,TAB2D1,TAB2D2) values ('W9z04','PY','186','Paraguay');
		Insert into TAB2 (TAB2COD,TAB2TIP,TAB2D1,TAB2D2) values ('W9z04','QA','187','Qatar');
		Insert into TAB2 (TAB2COD,TAB2TIP,TAB2D1,TAB2D2) values ('W9z04','RE','188','Reunion');
		Insert into TAB2 (TAB2COD,TAB2TIP,TAB2D1,TAB2D2) values ('W9z04','RO','189','Romania');
		Insert into TAB2 (TAB2COD,TAB2TIP,TAB2D1,TAB2D2) values ('W9z04','RS','190','Serbia');
		Insert into TAB2 (TAB2COD,TAB2TIP,TAB2D1,TAB2D2) values ('W9z04','RU','191','Russia');
		Insert into TAB2 (TAB2COD,TAB2TIP,TAB2D1,TAB2D2) values ('W9z04','RW','192','Ruanda');
		Insert into TAB2 (TAB2COD,TAB2TIP,TAB2D1,TAB2D2) values ('W9z04','SA','193','Arabia Saudita');
		Insert into TAB2 (TAB2COD,TAB2TIP,TAB2D1,TAB2D2) values ('W9z04','SB','194','Isole Salomone');
		Insert into TAB2 (TAB2COD,TAB2TIP,TAB2D1,TAB2D2) values ('W9z04','SC','195','Seychelles');
		Insert into TAB2 (TAB2COD,TAB2TIP,TAB2D1,TAB2D2) values ('W9z04','SD','196','Sudan');
		Insert into TAB2 (TAB2COD,TAB2TIP,TAB2D1,TAB2D2) values ('W9z04','SE','15','Svezia');
		Insert into TAB2 (TAB2COD,TAB2TIP,TAB2D1,TAB2D2) values ('W9z04','SG','197','Singapore');
		Insert into TAB2 (TAB2COD,TAB2TIP,TAB2D1,TAB2D2) values ('W9z04','SH','198','Sant''Elena');
		Insert into TAB2 (TAB2COD,TAB2TIP,TAB2D1,TAB2D2) values ('W9z04','SI','199','Slovenia');
		Insert into TAB2 (TAB2COD,TAB2TIP,TAB2D1,TAB2D2) values ('W9z04','SJ','200','Svalbard');
		Insert into TAB2 (TAB2COD,TAB2TIP,TAB2D1,TAB2D2) values ('W9z04','SK','201','Slovacchia');
		Insert into TAB2 (TAB2COD,TAB2TIP,TAB2D1,TAB2D2) values ('W9z04','SL','202','Sierra Leone');
		Insert into TAB2 (TAB2COD,TAB2TIP,TAB2D1,TAB2D2) values ('W9z04','SM','203','San Marino');
		Insert into TAB2 (TAB2COD,TAB2TIP,TAB2D1,TAB2D2) values ('W9z04','SN','204','Senegal');
		Insert into TAB2 (TAB2COD,TAB2TIP,TAB2D1,TAB2D2) values ('W9z04','SO','205','Somalia');
		Insert into TAB2 (TAB2COD,TAB2TIP,TAB2D1,TAB2D2) values ('W9z04','SR','206','Suriname');
		Insert into TAB2 (TAB2COD,TAB2TIP,TAB2D1,TAB2D2) values ('W9z04','ST','207','Sao Tome''e Principe');
		Insert into TAB2 (TAB2COD,TAB2TIP,TAB2D1,TAB2D2) values ('W9z04','SV','208','El Salvador');
		Insert into TAB2 (TAB2COD,TAB2TIP,TAB2D1,TAB2D2) values ('W9z04','SY','209','Siria');
		Insert into TAB2 (TAB2COD,TAB2TIP,TAB2D1,TAB2D2) values ('W9z04','SZ','210','Swaziland');
		Insert into TAB2 (TAB2COD,TAB2TIP,TAB2D1,TAB2D2) values ('W9z04','TC','211','Isole Turks e Caicos');
		Insert into TAB2 (TAB2COD,TAB2TIP,TAB2D1,TAB2D2) values ('W9z04','TD','212','Ciad');
		Insert into TAB2 (TAB2COD,TAB2TIP,TAB2D1,TAB2D2) values ('W9z04','TF','213','Territori Francesi del Sud');
		Insert into TAB2 (TAB2COD,TAB2TIP,TAB2D1,TAB2D2) values ('W9z04','TG','214','Togo');
		Insert into TAB2 (TAB2COD,TAB2TIP,TAB2D1,TAB2D2) values ('W9z04','TH','215','Thailandia');
		Insert into TAB2 (TAB2COD,TAB2TIP,TAB2D1,TAB2D2) values ('W9z04','TJ','216','Tagikistan');
		Insert into TAB2 (TAB2COD,TAB2TIP,TAB2D1,TAB2D2) values ('W9z04','TK','217','Tokelau');
		Insert into TAB2 (TAB2COD,TAB2TIP,TAB2D1,TAB2D2) values ('W9z04','TL','218','Timor Est');
		Insert into TAB2 (TAB2COD,TAB2TIP,TAB2D1,TAB2D2) values ('W9z04','TM','219','Turkmenistan');
		Insert into TAB2 (TAB2COD,TAB2TIP,TAB2D1,TAB2D2) values ('W9z04','TN','220','Tunisia');
		Insert into TAB2 (TAB2COD,TAB2TIP,TAB2D1,TAB2D2) values ('W9z04','TO','221','Tonga');
		Insert into TAB2 (TAB2COD,TAB2TIP,TAB2D1,TAB2D2) values ('W9z04','TR','222','Turchia');
		Insert into TAB2 (TAB2COD,TAB2TIP,TAB2D1,TAB2D2) values ('W9z04','TT','223','Trinidad e Tobago');
		Insert into TAB2 (TAB2COD,TAB2TIP,TAB2D1,TAB2D2) values ('W9z04','TV','224','Tuvalu');
		Insert into TAB2 (TAB2COD,TAB2TIP,TAB2D1,TAB2D2) values ('W9z04','TW','225','Repubblica di Cina');
		Insert into TAB2 (TAB2COD,TAB2TIP,TAB2D1,TAB2D2) values ('W9z04','TZ','226','Tanzania');
		Insert into TAB2 (TAB2COD,TAB2TIP,TAB2D1,TAB2D2) values ('W9z04','UA','227','Ucraina');
		Insert into TAB2 (TAB2COD,TAB2TIP,TAB2D1,TAB2D2) values ('W9z04','UG','228','Uganda');
		Insert into TAB2 (TAB2COD,TAB2TIP,TAB2D1,TAB2D2) values ('W9z04','UM','229','Isole minori esterne degli Stati Uniti');
		Insert into TAB2 (TAB2COD,TAB2TIP,TAB2D1,TAB2D2) values ('W9z04','US','230','Stati Uniti d''America');
		Insert into TAB2 (TAB2COD,TAB2TIP,TAB2D1,TAB2D2) values ('W9z04','UY','231','Uruguay');
		Insert into TAB2 (TAB2COD,TAB2TIP,TAB2D1,TAB2D2) values ('W9z04','UZ','232','Uzbekistan');
		Insert into TAB2 (TAB2COD,TAB2TIP,TAB2D1,TAB2D2) values ('W9z04','VA','233','Citta''del Vaticano');
		Insert into TAB2 (TAB2COD,TAB2TIP,TAB2D1,TAB2D2) values ('W9z04','VC','234','Saint Vincent e Grenadine');
		Insert into TAB2 (TAB2COD,TAB2TIP,TAB2D1,TAB2D2) values ('W9z04','VE','235','Venezuela');
		Insert into TAB2 (TAB2COD,TAB2TIP,TAB2D1,TAB2D2) values ('W9z04','VG','236','Isole Vergini Britanniche');
		Insert into TAB2 (TAB2COD,TAB2TIP,TAB2D1,TAB2D2) values ('W9z04','VI','237','Isole Vergini Americane');
		Insert into TAB2 (TAB2COD,TAB2TIP,TAB2D1,TAB2D2) values ('W9z04','VN','238','Vietnam');
		Insert into TAB2 (TAB2COD,TAB2TIP,TAB2D1,TAB2D2) values ('W9z04','VU','239','Vanuatu');
		Insert into TAB2 (TAB2COD,TAB2TIP,TAB2D1,TAB2D2) values ('W9z04','WF','240','Wallis e Futuna');
		Insert into TAB2 (TAB2COD,TAB2TIP,TAB2D1,TAB2D2) values ('W9z04','WS','241','Samoa');
		Insert into TAB2 (TAB2COD,TAB2TIP,TAB2D1,TAB2D2) values ('W9z04','YE','242','Yemen');
		Insert into TAB2 (TAB2COD,TAB2TIP,TAB2D1,TAB2D2) values ('W9z04','YT','243','Mayotte');
		Insert into TAB2 (TAB2COD,TAB2TIP,TAB2D1,TAB2D2) values ('W9z04','ZA','244','Sudafrica');
		Insert into TAB2 (TAB2COD,TAB2TIP,TAB2D1,TAB2D2) values ('W9z04','ZM','245','Zambia');
		Insert into TAB2 (TAB2COD,TAB2TIP,TAB2D1,TAB2D2) values ('W9z04','ZW','246','Zimbabwe');
		Insert into TAB2 (TAB2COD,TAB2TIP,TAB2D1,TAB2D2) values ('W9z04','IT','1','Italia');

		Delete from TAB2 where TAB2COD='W3z15' and TAB2TIP in ('2','5','6');
		Delete from TAB2 where TAB2COD='W3z16' and TAB2TIP in ('3','4');


		Update TAB1 set TAB1NORD=120 where tab1cod='W3020' and TAB1TIP in (4,985);
		Update TAB1 set TAB1NORD=130 where tab1cod='W3020' and TAB1TIP=5;
		Update TAB1 set TAB1NORD=30 where tab1cod='W3020' and TAB1TIP=9;
		Update TAB1 set TAB1NORD=-1 where tab1cod='W3020' and TAB1TIP in (13,983,990);
		Update TAB1 set TAB1DESC='In fase di pubblicazione o affidamento' where TAB1COD='W9007' and TAB1TIP=1;
		Update TAB1 set TAB1DESC='Concluso in attesa di collaudo' where TAB1COD='W9007' and TAB1TIP=6;
		Update TAB1 set TAB1DESC='Monitoraggio terminato' where TAB1COD='W9007' and TAB1TIP=7;

		-- Ricalcolo la situazione
		Update W9LOTT l set SITUAZIONE=null where situazione <=8;
		Update W9LOTT l set SITUAZIONE=8 where exists (select 1 from W9ESITO t join W9FASI f on t.CODGARA=f.CODGARA and t.CODLOTT=f.CODLOTT join W9FLUSSI i on f.CODGARA=i.KEY01 and f.CODLOTT=i.KEY02 where f.FASE_ESECUZIONE=984 and l.CODGARA=t.CODGARA and l.CODLOTT=t.CODLOTT AND t.ESITO_PROCEDURA>1) and SITUAZIONE is null;
		Update W9LOTT l set SITUAZIONE=5 where exists (select 1 from W9SOSP t join W9FASI f  on t.CODGARA=f.CODGARA and t.CODLOTT=f.CODLOTT join W9FLUSSI i on f.CODGARA=i.KEY01 and f.CODLOTT=i.KEY02 where f.FASE_ESECUZIONE=6 and l.CODGARA=t.CODGARA and l.CODLOTT=t.CODLOTT AND t.DATA_VERB_RIPR IS NULL) and SITUAZIONE is null;
		Update W9LOTT l set SITUAZIONE=7 where exists (select 1 from W9FASI f join W9FLUSSI i on f.CODGARA=i.KEY01 and f.CODLOTT=i.KEY02 where f.FASE_ESECUZIONE in (5,11,985) and l.CODGARA=i.KEY01 and l.CODLOTT=i.KEY02 ) and SITUAZIONE is null;
		Update W9LOTT l set SITUAZIONE=6 where exists (select 1 from W9FASI f join W9FLUSSI i on f.CODGARA=i.KEY01 and f.CODLOTT=i.KEY02 where f.FASE_ESECUZIONE =4 and l.CODGARA=i.KEY01 and l.CODLOTT=i.KEY02) and SITUAZIONE is null;
		Update W9LOTT l set SITUAZIONE=4 where exists (select 1 from W9FASI f join W9FLUSSI i on f.CODGARA=i.KEY01 and f.CODLOTT=i.KEY02 where f.FASE_ESECUZIONE =3 and l.CODGARA=i.KEY01 and l.CODLOTT=i.KEY02) and SITUAZIONE is null;
		Update W9LOTT l set SITUAZIONE=3 where exists (select 1 from W9FASI f join W9FLUSSI i on f.CODGARA=i.KEY01 and f.CODLOTT=i.KEY02 where f.FASE_ESECUZIONE in (2,986) and l.CODGARA=i.KEY01 and l.CODLOTT=i.KEY02) and SITUAZIONE is null;
		Update W9LOTT l set SITUAZIONE=2 where exists (select 1 from W9FASI f join W9FLUSSI i on f.CODGARA=i.KEY01 and f.CODLOTT=i.KEY02 where f.FASE_ESECUZIONE in (1,987,12) and l.CODGARA=i.KEY01 and l.CODLOTT=i.KEY02) and SITUAZIONE is null;
		Update W9LOTT l set SITUAZIONE=1 where SITUAZIONE is null;

		Update W9GARA g set SITUAZIONE=null where situazione <=8;
		Update W9GARA g set SITUAZIONE=8 where exists (select 1 from W9LOTT l where l.SITUAZIONE=8 and g.CODGARA=l.CODGARA) and not exists(select 1 from W9LOTT l where l.SITUAZIONE<>8 and g.CODGARA=l.CODGARA) and SITUAZIONE is null;
		Update W9GARA g set SITUAZIONE=1 where exists (select 1 from W9LOTT l where l.SITUAZIONE=1 and g.CODGARA=l.CODGARA) and SITUAZIONE is null;
		Update W9GARA g set SITUAZIONE=2 where exists (select 1 from W9LOTT l where l.SITUAZIONE=2 and g.CODGARA=l.CODGARA) and SITUAZIONE is null;
		Update W9GARA g set SITUAZIONE=3 where exists (select 1 from W9LOTT l where l.SITUAZIONE=3 and g.CODGARA=l.CODGARA) and SITUAZIONE is null;
		Update W9GARA g set SITUAZIONE=4 where exists (select 1 from W9LOTT l where l.SITUAZIONE=4 and g.CODGARA=l.CODGARA) and SITUAZIONE is null;
		Update W9GARA g set SITUAZIONE=5 where exists (select 1 from W9LOTT l where l.SITUAZIONE=5 and g.CODGARA=l.CODGARA) and SITUAZIONE is null;
		Update W9GARA g set SITUAZIONE=6 where exists (select 1 from W9LOTT l where l.SITUAZIONE=6 and g.CODGARA=l.CODGARA) and SITUAZIONE is null;
		Update W9GARA g set SITUAZIONE=7 where exists (select 1 from W9LOTT l where l.SITUAZIONE=7 and g.CODGARA=l.CODGARA) and SITUAZIONE is null;

		--Aggiornamento requisiti gara per richiesta CIG
		Delete from W3TABREQ;

		SET v_sql= 'Insert into W3TABREQ(CODICE_DETTAGLIO, DESCRIZIONE, INIZIALE, DOCUMENTI_DEFAULT) values
		(''34'',''USO: SISTEMA RISCOSSIONE 31 - DIMOSTRAZIONE DEL VERSAMENTO DEL CONTRIBUTO AD ANAC'',''2'',''''),
		(''35'',''USO: SISTEMA ANNOTAZIONI 32 - ASSENZA DI ISCRIZIONI NEL CASELLARIO INFORMATICO DEI CONTRATTI PUBBLICI CHE COMPORTANO L&apos;ESCLUSIONE DALLA PROCEDURA DI AFFIDAMENTO'',''1'',''2''),
		(''36'',''USO: FACOLTATIVO 999 - REQUISITO DI ORDINE SPECIALE-PER AGGIUDICAZIONE ED ESECUZIONE LAVORI-NON CLASSIFICATO'',''2'',''''),
		(''37'',''USO: FACOLTATIVO 999 - REQUISITO DI ORDINE SPECIALE-TECNICO-PROFESSIONALI-NON CLASSIFICATO'',''2'',''''),
		(''38'',''USO: FACOLTATIVO 999 - REQUISITO DI ORDINE SPECIALE-IDONEITA&apos; PROFESSIONALE-NON CLASSIFICATO'',''2'',''''),
		(''39'',''USO: FACOLTATIVO 999 - REQUISITO DI ORDINE SPECIALE-ECONOMICO-FINANZIARI-NON CLASSIFICATO'',''2'',''''),
		(''40'',''USO: FACOLTATIVO 999 - REQUISITO DI ORDINE SPECIALE-GARANZIA DI QUALITA&apos; - NON CLASSIFICATO'',''2'',''''),
		(''41'',''USO: FACOLTATIVO 999 - REQUISITO DI ORDINE SPECIALE-SISTEMA DI GESTIONE AMBIENTALE - NON CLASSIFICATO'',''2'',''''),
		(''42'',''USO: FACOLTATIVO 39 - IDONEITA&apos; PROFESSIONALE'',''2'',''''),
		(''43'',''USO: FACOLTATIVO 40 - ISCRIZIONE AD ORDINI PROFESSIONALI'',''2'',''''),
		(''53'',''USO: FACOLTATIVO 50 - TITOLI DI STUDIO'',''2'',''''),
		(''54'',''USO: FACOLTATIVO 51 - TITOLI PROFESSIONALI'',''2'',''''),
		(''55'',''USO: FACOLTATIVO 52 - POSSESSO DI UN SISTEMA DI QUALITA&apos; CONFORME ALLA NORMATIVA UNI EN ISO 9000'',''2'',''''),
		(''57'',''USO: FACOLTATIVO 54 - POSSESSO DI UN ADEGUATO SISTEMA DI GESTIONE AMBIENTALE (SGA)'',''2'',''''),
		(''58'',''USO: FACOLTATIVO 999 - REQUISITO DI ORDINE GENERALE - NON CLASSIFICATO'',''2'',''''),
		(''59'',''USO: OBBLIGATORIO 01 - ASSENZA DI STATO DI FALLIMENTO, LIQUIDAZIONE COATTA O CONCORDATO PREVENTIVO O DI PROCEDIMENTO PER LA DICHIARAZIONE DI TALI SITUAZIONI (ART. 38, COMMA 1, LETT. A) D.LGS. 163/06)'',''1'',''15''),
		(''60'',''USO: OBBLIGATORIO 04 - ASSENZA DI PROCEDIMENTI PER L&apos;APPLICAZIONE DI UNA DELLE MISURE DI PREVENZIONE DI CUI ALL&apos;ART. 6 -- D.LGS. 159/11 O DI UNA DELLE CAUSE OSTATIVE DI CUI ART. 67 D.LGS. 159/11 (ART. 38, COMMA 1, LETT. B) D.LGS. 163/06)'',''1'',''''),
		(''61'',''USO: OBBLIGATORIO 05 - ASSENZA DI SENTENZE DI CONDANNA PASSATE IN GIUDICATO, O DI DECRETI PENALI DI CONDANNA IRREVOCABILI, O DI SENTENZE EX ART.444 C.P.P. PER REATI GRAVI IN DANNO DELLO STATO O DELLA COMUNIT&#192; CHE INCIDONO SULLA MORALIT&#192; PROFESSIONALE, NONCH&#200; DI CONDANNE, CON SENTENZE PASSATE IN GIUDICATO, PER UNO O PI&#217; REATI DI PARTECIPAZIONE A UN&apos;ORGANIZZAZIONE CRIMINALE, CORRUZIONE, FRODE, RICICLAGGIO (ART. 38, COMMA 1, LETT. C) D.LGS. 163/06)'',''1'',''4''),
		(''62'',''USO: OBBLIGATORIO 06 - INSUSSISTENZA DI VIOLAZIONI DEL DIVIETO DI INTESTAZIONE FIDUCIARIA DI CUI ALL&apos;ART. 17 L. 55/90 (ART. 38, COMMA 1, LETT. D), D.LGS. 163/06)'',''1'',''2''),
		(''63'',''USO: OBBLIGATORIO 07 - ASSENZA DI ISCRIZIONI RELATIVE A GRAVI INFRAZIONI DEBITAMENTE ACCERTATE ALLE NORME IN MATERIA DI SICUREZZA E A OGNI ALTRO OBBLIGO DERIVANTE DAI RAPPORTI DI LAVORO (ART. 38, COMMA 1, LETT. E), D.LGS. 163/06)'',''1'',''2''),
		(''64'',''USO: OBBLIGATORIO 08 - ASSENZA DI ISCRIZIONI RELATIVE ALLA PRESENTAZIONE DI FALSA DICHIARAZIONE O FALSA DOCUMENTAZIONE IN MERITO A REQUISITI E CONDIZIONI RILEVANTI PER LA PARTECIPAZIONE A PROCEDURE DI GARA E PER L&apos;AFFIDAMENTO DEI SUBAPPALTI  (ART. 38, COMMA 1, LETT. H), D.LGS. 163/06)'',''1'',''2''),
		(''65'',''USO: OBBLIGATORIO 09 - ASSENZA DI ISCRIZIONI RELATIVE ALLA PRESENTAZIONE DI FALSA DICHIARAZIONE O FALSA DOCUMENTAZIONE AI FINI DEL RILASCIO DELL&apos;ATTESTAZIONE SOA (ART. 38, COMMA 1, LETT. M-BIS), D.LGS. 163/06)'',''1'',''2''),
		(''66'',''USO: OBBLIGATORIO 10 - ASSENZA DI SOGGETTI, TRA QUELLI DI CUI ALL&apos;ART. 38, COMMA 1, LETT. B) DEL D.LGS. 163/06, CHE ABBIANO OMESSO DENUNCIA DEI REATI DI CUI AGLI ARTT. 317 E 629 C.P., AGGRAVATI EX ART. 7, D.L. 152/91 (ART. 38, COMMA 1, LETT. M-TER D.LGS. 163/06)'',''1'',''2''),
		(''67'',''USO: OBBLIGATORIO 11 - ASSENZA DI EPISODI DI GRAVE NEGLIGENZA O MALAFEDE NELL&apos;ESECUZIONE DELLE PRESTAZIONI AFFIDATE DALLA STAZIONE APPALTANTE CHE BANDISCE LA GARA (ART. 38, COMMA 1, LETT. F) D.LGS. 163/06)'',''1'',''2''),
		(''68'',''USO: OBBLIGATORIO 12 - ASSENZA DI EPISODI DI ERRORE GRAVE NELL&apos;ESERCIZIO DELL&apos;ATTIVITA&apos; PROFESSIONALE (ART. 38, COMMA 1, LETT. F) D.LGS. 163/06)'',''1'',''2''),
		(''69'',''USO: OBBLIGATORIO 13 - INSUSSISTENZA DI VIOLAZIONI GRAVI, DEFINITIVAMENTE ACCERTATE, RISPETTO AGLI OBBLIGHI RELATIVI AL PAGAMENTO DELLE IMPOSTE E DELLE TASSE (ART. 38, COMMA 1, LETT. G) D.LGS. 163/06)'',''1'',''10''),
		(''70'',''USO: OBBLIGATORIO 14 - INSUSSISTENZA DI VIOLAZIONI GRAVI, DEFINITIVAMENTE ACCERTATE, ALLE NORME IN MATERIA DI CONTRIBUTI PREVIDENZIALI E ASSISTENZIALI (ART. 38, COMMA 1, LETT. I) D.LGS. 163/06)'',''1'',''11-52-35''),
		(''71'',''USO: OBBLIGATORIO 16 - REGOLARITA&apos; DELL&apos;IMPRESA RISPETTO ALLE NORME CHE DISCIPLINANO IL DIRITTO AL LAVORO DEI DISABILI L. 68/99 (ART. 38, COMMA 1, LETT. L), D.LGS. 163/06)'',''1'',''12''),
		(''72'',''USO: OBBLIGATORIO 19 - ASSENZA DELLA SANZIONE INTERDITTIVA DI CUI ALL&apos;ART. 9, COMMA 2, LETT. C), DEL D.LGS. 231/01  (ART. 38, COMMA 1, LETT. M) D.LGS. 163/06)'',''1'',''20''),
		(''73'',''USO: OBBLIGATORIO 20 - ASSENZA DI SANZIONI COMPORTANTI IL DIVIETO DI CONTRARRE CON LA PUBBLICA AMMINISTRAZIONE COMPRESI I PROVVEDIMENTI INTERDITTIVI EX ART. 14 D.LGS. 81/08 (ART. 38, COMMA 1, LETT. M) D.LGS. 163/06)'',''1'',''2''),
		(''74'',''USO: OBBLIGATORIO 21 - ASSENZA DI DIVIETO A  CONTRARRE CON LA PUBBLICA AMMINISTRAZIONE EX ART. 32-QUATER C.P.'',''1'',''2''),
		(''75'',''USO: FACOLTATIVO 22 - ASSENZA DI UNA SITUAZIONE DI CONTROLLO EX ART. 2359 C.C. O DI ALTRA RELAZIONE, ANCHE DI FATTO, SE LA SITUAZIONE DI CONTROLLO O LA RELAZIONE COMPORTINO L&apos;IMPUTABILITA&apos; DELLE OFFERTE AD UN UNICO CENTRO DECISIONALE (ART. 38, COMMA 1, LETT. M-QUATER), D.LGS. 163/06)'',''2'',''''),
		(''76'',''USO: FACOLTATIVO 24 - ASSENZA DI ATTI O COMPORTAMENTI DISCRIMINATORI PER MOTIVI RAZZIALI, ETNICI, NAZIONALI O RELIGIOSI'',''2'',''''),
		(''77'',''USO: FACOLTATIVO 46 - IMPORTO DEI LAVORI ANALOGHI ESEGUITI DIRETTAMENTE NEL QUINQUENNIO ANTECEDENTE LA DATA DI PUBBLICAZIONE DEL BANDO (ART. 90, COMMA 1, LETT. A), D.P.R. 207/10)'',''2'',''''),
		(''78'',''USO: FACOLTATIVO 47 - COSTO COMPLESSIVO SOSTENUTO PER IL PERSONALE (ART. 90, COMMA 1, LETT. B), D.P.R. 207/10)'',''2'',''''),
		(''79'',''USO: FACOLTATIVO 48 - POSSESSO DI ADEGUATA ATTREZZATURA TECNICA (ART. 90, COMMA 1, LETT. C), D.P.R. 207/10)'',''2'',''''),
		(''80'',''USO: FACOLTATIVO 51 - CAPACITA ECONOMICA E FINANZIARIA DI CUI ALL&apos;ART 41 COMMA 1, D.LGS. 163/06'',''2'',''''),
		(''81'',''USO: FACOLTATIVO 55 - CAPACITA&apos; TECNICA E PROFESSIONALE DIMOSTRATA MEDIANTE ELENCO DEI PRINCIPALI SERVIZI O DELLE PRINCIPALI FORNITURE PRESTATI NEGLI ULTIMI TRE ANNI (ART. 42, COMMA 1, LETT. A) D.LGS. 163/06)'',''2'',''''),
		(''82'',''USO: FACOLTATIVO 55 - QUALIFICAZIONE PER ESEGUIRE LAVORI PUBBLICI DI IMPORTO SUPERIORE AD &#8364; 150.000'',''2'','''')';
		EXECUTE immediate v_sql;


		Insert into TAB1 (TAB1COD,TAB1TIP,TAB1DESC,TAB1MOD,TAB1NORD,TAB1ARC) values ('W3020',981,'Programma Triennale Opere Pubbliche',null,1,null);
		Insert into TAB1 (TAB1COD,TAB1TIP,TAB1DESC,TAB1MOD,TAB1NORD,TAB1ARC) values ('W3020',982,'Programma Biennale Acquisti',null,2,null);



		--- W_OGGETTI ---
		Insert into W_OGGETTI (TIPO,OGGETTO,DESCR,ORD) values ('FUNZ','ALT.W9.XML-REGLIGURIA','Integrazione Osservatorio Regione Liguria',6040);
		Insert into W_OGGETTI (TIPO,OGGETTO,DESCR,ORD) values ('MASC','W9.ListaUffici','Lista uffici/aree di pertinenza',6050);
		Insert into W_OGGETTI (TIPO,OGGETTO,DESCR,ORD) values ('MASC','W9.SchedaUffici','Scheda ufficio/area di pertinenza',6060);
		Insert into W_OGGETTI (TIPO,OGGETTO,DESCR,ORD) values ('FUNZ','ALT.W9.W9FasiDiGara-schede.ControlloDatiInseriti','Controllo dati inseriti per tutte le fasi',6070);
		Insert into W_OGGETTI (TIPO,OGGETTO,DESCR,ORD) values ('FUNZ','ALT.W9.W9FASI-lista.NuovoInvio','Invio delle Fasi',6080);

		Delete from W_OGGETTI where oggetto='W9.W9LOTT-scheda.PUBBLICAZIONI';
		Insert into W_OGGETTI (TIPO,OGGETTO,DESCR,ORD) values ('PAGE','W9.W9LOTT-scheda.PUBBLICAZIONI','Scheda lotto - Pagina Pubblicazioni',6020);
		Insert into W_OGGETTI (TIPO,OGGETTO,DESCR,ORD) values ('FUNZ','ALT.W9.W9HOME.SA-ESITI','Homepage SCP',1940);
		Insert into W_OGGETTI (TIPO,OGGETTO,DESCR,ORD) values ('FUNZ','ALT.W9.W9PUBBLICAZIONI.ONLY-URL','Indicare solo url nella documentazione delle pubblicazioni',6040);
		Insert into W_OGGETTI (TIPO,OGGETTO,DESCR,ORD) values ('SEZ','W9.W9LOTT-scheda.DATIDET.MODFORN','Sezione Modalità di acquisizione forniture / servizi',6050);
		Insert into W_OGGETTI (TIPO,OGGETTO,DESCR,ORD) values ('FUNZ','ALT.W9.W9SCP','Personalizzazioni SCP',6060);
		Insert into W_OGGETTI (TIPO,OGGETTO,DESCR,ORD) values ('FUNZ','ALT.W9.W9PUBBLICAZIONI.PUBBLICA-SCP','Attiva la pubblicazione degli avvisi e delle pubblicazioni in SCP',6070);
		Insert into W_OGGETTI (TIPO,OGGETTO,DESCR,ORD) values ('FUNZ','ALT.W9.TRASFERISCI-APPALTO','Attiva il trasferimento di bandi e avvisi ad un''altro RUP',6080);
		Insert into W_OGGETTI (TIPO,OGGETTO,DESCR,ORD) values ('SEZ','W9.W9LOTT-scheda.DATIDET.CONDIZ','Condizioni che giustificano il ricorso alla procedura negoziata',6090);

		--- W_AZIONI ---
		Insert into W_AZIONI (TIPO,AZIONE,OGGETTO,DESCR,VALORE,INOR,VISELENCO,CRC) values ('FUNZ','VIS','ALT.W9.XML-REGLIGURIA','Visualizza',0,1,1,380417339);
		Insert into W_AZIONI (TIPO,AZIONE,OGGETTO,DESCR,VALORE,INOR,VISELENCO,CRC) values ('COLS','VIS','GENE.IMPR.TIPIMP','Visualizza',0,1,1,3961689214);
		Insert into W_AZIONI (TIPO,AZIONE,OGGETTO,DESCR,VALORE,INOR,VISELENCO,CRC) values ('COLS','VIS','GENE.IMPR.NINPS','Visualizza',0,1,1,374426080);
		Insert into W_AZIONI (TIPO,AZIONE,OGGETTO,DESCR,VALORE,INOR,VISELENCO,CRC) values ('COLS','VIS','W9.UFFICI.CODICE_UFFICIO','Visualizza',0,1,1,852369789);
		Insert into W_AZIONI (TIPO,AZIONE,OGGETTO,DESCR,VALORE,INOR,VISELENCO,CRC) values ('COLS','VIS','W9.W9APPA.FIN_REGIONALE','Visualizza',0,1,1,743479047);
		Insert into W_AZIONI (TIPO,AZIONE,OGGETTO,DESCR,VALORE,INOR,VISELENCO,CRC) values ('COLS','VIS','W9.W9APPA.FLAG_IMPORTI','Visualizza',0,1,1,2822594622);
		Insert into W_AZIONI (TIPO,AZIONE,OGGETTO,DESCR,VALORE,INOR,VISELENCO,CRC) values ('COLS','VIS','W9.W9APPA.FLAG_SICUREZZA','Visualizza',0,1,1,2218262908);
		Insert into W_AZIONI (TIPO,AZIONE,OGGETTO,DESCR,VALORE,INOR,VISELENCO,CRC) values ('COLS','VIS','W9.W9APPA.FLAG_LIVELLO_PROGETTUALE','Visualizza',0,1,1,2569052933);
		Insert into W_AZIONI (TIPO,AZIONE,OGGETTO,DESCR,VALORE,INOR,VISELENCO,CRC) values ('COLS','VIS','W9.W9APPA.VERIFICA_CAMPIONE','Visualizza',0,1,1,2986606718);
		Insert into W_AZIONI (TIPO,AZIONE,OGGETTO,DESCR,VALORE,INOR,VISELENCO,CRC) values ('COLS','VIS','W9.W9AVAN.SUBAPPALTI','Visualizza',0,1,1,2284810500);
		Insert into W_AZIONI (TIPO,AZIONE,OGGETTO,DESCR,VALORE,INOR,VISELENCO,CRC) values ('COLS','VIS','W9.W9VARI.FLAG_VARIANTE','Visualizza',0,1,1,2026986704);
		Insert into W_AZIONI (TIPO,AZIONE,OGGETTO,DESCR,VALORE,INOR,VISELENCO,CRC) values ('COLS','VIS','W9.W9VARI.QUINTO_OBBLIGO','Visualizza',0,1,1,1556911898);
		Insert into W_AZIONI (TIPO,AZIONE,OGGETTO,DESCR,VALORE,INOR,VISELENCO,CRC) values ('COLS','VIS','W9.W9VARI.FLAG_IMPORTI','Visualizza',0,1,1,2396779207);
		Insert into W_AZIONI (TIPO,AZIONE,OGGETTO,DESCR,VALORE,INOR,VISELENCO,CRC) values ('COLS','VIS','W9.W9VARI.FLAG_SICUREZZA','Visualizza',0,1,1,1598525190);
		Insert into W_AZIONI (TIPO,AZIONE,OGGETTO,DESCR,VALORE,INOR,VISELENCO,CRC) values ('COLS','VIS','W9.W9COLL.FLAG_SINGOLO_COMMISSIONE','Visualizza',0,1,1,3602743858);
		Insert into W_AZIONI (TIPO,AZIONE,OGGETTO,DESCR,VALORE,INOR,VISELENCO,CRC) values ('COLS','VIS','W9.W9COLL.DATA_APPROVAZIONE','Visualizza',0,1,1,3353983221);
		Insert into W_AZIONI (TIPO,AZIONE,OGGETTO,DESCR,VALORE,INOR,VISELENCO,CRC) values ('COLS','VIS','W9.W9COLL.FLAG_IMPORTI','Visualizza',0,1,1,315243894);
		Insert into W_AZIONI (TIPO,AZIONE,OGGETTO,DESCR,VALORE,INOR,VISELENCO,CRC) values ('COLS','VIS','W9.W9COLL.FLAG_SICUREZZA','Visualizza',0,1,1,2839696335);
		Insert into W_AZIONI (TIPO,AZIONE,OGGETTO,DESCR,VALORE,INOR,VISELENCO,CRC) values ('COLS','VIS','W9.W9COLL.FLAG_SUBAPPALTATORI','Visualizza',0,1,1,3578306268);
		Insert into W_AZIONI (TIPO,AZIONE,OGGETTO,DESCR,VALORE,INOR,VISELENCO,CRC) values ('COLS','VIS','W9.W9COLL.DATA_INIZIO_AMM_RISERVE','Visualizza',0,1,1,1216645332);
		Insert into W_AZIONI (TIPO,AZIONE,OGGETTO,DESCR,VALORE,INOR,VISELENCO,CRC) values ('COLS','VIS','W9.W9COLL.DATA_INIZIO_ARB_RISERVE','Visualizza',0,1,1,2842125386);
		Insert into W_AZIONI (TIPO,AZIONE,OGGETTO,DESCR,VALORE,INOR,VISELENCO,CRC) values ('COLS','VIS','W9.W9COLL.DATA_INIZIO_GIU_RISERVE','Visualizza',0,1,1,2062234358);
		Insert into W_AZIONI (TIPO,AZIONE,OGGETTO,DESCR,VALORE,INOR,VISELENCO,CRC) values ('COLS','VIS','W9.W9COLL.DATA_INIZIO_TRA_RISERVE','Visualizza',0,1,1,1021895867);
		Insert into W_AZIONI (TIPO,AZIONE,OGGETTO,DESCR,VALORE,INOR,VISELENCO,CRC) values ('COLS','VIS','W9.W9COLL.DATA_FINE_AMM_RISERVE','Visualizza',0,1,1,3954796485);
		Insert into W_AZIONI (TIPO,AZIONE,OGGETTO,DESCR,VALORE,INOR,VISELENCO,CRC) values ('COLS','VIS','W9.W9COLL.DATA_FINE_ARB_RISERVE','Visualizza',0,1,1,173706075);
		Insert into W_AZIONI (TIPO,AZIONE,OGGETTO,DESCR,VALORE,INOR,VISELENCO,CRC) values ('COLS','VIS','W9.W9COLL.DATA_FINE_GIU_RISERVE','Visualizza',0,1,1,3654737383);
		Insert into W_AZIONI (TIPO,AZIONE,OGGETTO,DESCR,VALORE,INOR,VISELENCO,CRC) values ('COLS','VIS','W9.W9COLL.DATA_FINE_TRA_RISERVE','Visualizza',0,1,1,2681539498);
		Insert into W_AZIONI (TIPO,AZIONE,OGGETTO,DESCR,VALORE,INOR,VISELENCO,CRC) values ('COLS','VIS','W9.W9LOTT.URL_COMMITTENTE','Visualizza',0,1,1,3434429377);
		Insert into W_AZIONI (TIPO,AZIONE,OGGETTO,DESCR,VALORE,INOR,VISELENCO,CRC) values ('COLS','VIS','W9.W9LOTT.URL_EPROC','Visualizza',0,1,1,121825167);
		Insert into W_AZIONI (TIPO,AZIONE,OGGETTO,DESCR,VALORE,INOR,VISELENCO,CRC) values ('FUNZ','VIS','ALT.W9.W9PUBBLICAZIONI.ONLY-URL','Visualizza',0,1,1,179631192);
		Insert into W_AZIONI (TIPO,AZIONE,OGGETTO,DESCR,VALORE,INOR,VISELENCO,CRC) values ('FUNZ','VIS','ALT.W9.W9SCP','Visualizza',0,1,1,1246183154);
		Insert into W_AZIONI (TIPO,AZIONE,OGGETTO,DESCR,VALORE,INOR,VISELENCO,CRC) values ('FUNZ','VIS','ALT.W9.W9PUBBLICAZIONI.PUBBLICA-SCP','Visualizza',0,1,1,2012535257);
		Insert into W_AZIONI (TIPO,AZIONE,OGGETTO,DESCR,VALORE,INOR,VISELENCO,CRC) values ('COLS','VIS','W9.W9GARA.SYSCON','Visualizza',0,1,1,793860203);
		Insert into W_AZIONI (TIPO,AZIONE,OGGETTO,DESCR,VALORE,INOR,VISELENCO,CRC) values ('COLS','VIS','W9.AVVISO.SYSCON','Visualizza',0,1,1,3829194865);

		Insert into W_GENCHIAVI(tabella, chiave) values ('W9PUBBLICAZIONI_GEN',0);

		--Aggiornamento all'elenco atti
		Delete from W9CF_PUBB;

		SET v_sql= 'Insert into W9CF_PUBB (ID,NOME,NUMORD,CL_WHERE_VIS,CAMPI_VIS,CAMPI_OBB,TIPO) values
			(1,''Delibera a contrarre o atto equivalente'',10,''L.ID_SCELTA_CONTRAENTE_50<>10'',''DATAPUBB|DATA_PROVVEDIMENTO|NUM_PROVVEDIMENTO|'',null,null),
			(2,''Avviso per manifestazione di interesse, indagini di mercato (art.36 comma 2b,2c.2d) e avviso contratto di sponsorizzazione (art.19)'',20,''L.ID_SCELTA_CONTRAENTE_50 IN (6,8,23,24)'',''DATAPUBB|DATASCAD|URL_COMMITTENTE|URL_EPROC|'',''DATAPUBB|DATASCAD|'',''B''),
			(3,''Bando di gara di appalto, concessione o concorso e documentazione di gara'',30,''(L.ID_SCELTA_CONTRAENTE_50 IN (1,5,7,12,13,14,15,16,20,21,23) OR PREV_BANDO=''''1'''')'',''DATAPUBB|DATASCAD|URL_COMMITTENTE|URL_EPROC|'',''DATAPUBB|DATASCAD|'',''B''),
			(4,''Avviso in merito alla modifica dell''''ordine di importanza dei criteri, bando di concessione (art.173)'',40,''L.ID_SCELTA_CONTRAENTE_50 IN (1,5,7,12,13,14,20,21)'',''DATAPUBB|'',null,null),
			(5,''Avviso costituzione del privilegio'',50,''L.ID_SCELTA_CONTRAENTE_50=1'',''DATAPUBB|'',null,null),
			(6,''Lettera di invito'',60,''L.ID_SCELTA_CONTRAENTE_50 IN (2,3,4,5,6,7,8,12,13,14,20,21,23,24)'',''DATAPUBB|DATASCAD|'',null,null),
			(7,''Provvedimento che determina le esclusioni dalla procedura di affidamento e le ammissioni all''''esito delle valutazioni dei requisiti soggettivi, economico-finanziari, e tecnico-professionali'',70,''L.ID_SCELTA_CONTRAENTE_50 IN (1,4,5,6,7,8,12,13,14,15,16,20,21,23)'',''DATAPUBB|DATA_PROVVEDIMENTO|NUM_PROVVEDIMENTO|'',null,null),
			(8,''Provvedimento di nomina commissione di aggiudicazione e Curricula dei componenti della stessa in caso di criterio di aggiudicazione oepv '',80,''L.ID_SCELTA_CONTRAENTE_50 IN (1,4,5,6,7,8,12,13,14,15,16,20,21,23)'',''DATAPUBB|DATA_PROVVEDIMENTO|NUM_PROVVEDIMENTO|'',null,null),
			(9,''Provvedimento per eventuali esclusioni a seguito verifica offerte tecniche'',90,''L.ID_SCELTA_CONTRAENTE_50 IN (1,4,5,6,7,8,12,13,14,15,16,20,21,23)'',''DATAPUBB|DATA_PROVVEDIMENTO|NUM_PROVVEDIMENTO|'',null,null),
			(10,''Provvedimento per eventuali esclusioni a seguito apertura offerte economiche'',100,''L.ID_SCELTA_CONTRAENTE_50 IN (1,4,5,6,7,8,12,13,14,15,16,20,21,23)'',''DATAPUBB|DATA_PROVVEDIMENTO|NUM_PROVVEDIMENTO|'',null,null),
			(11,''Provvedimento per formazione Commissione per la valutazione dell''''offerta anomala nel caso del criterio del prezzo più basso'',110,''L.ID_SCELTA_CONTRAENTE_50 IN (1,4,5,6,7,8,12,13,14,15,16,20,21,23)'',''DATAPUBB|DATA_PROVVEDIMENTO|NUM_PROVVEDIMENTO|'',null,null),
			(12,''Provvedimento per eventuale esclusione offerta anomala'',120,''L.ID_SCELTA_CONTRAENTE_50 IN (1,4,5,6,7,8,12,13,14,15,16,20,21,23)'',''DATAPUBB|DATA_PROVVEDIMENTO|NUM_PROVVEDIMENTO|'',null,null),
			(13,''Provvedimento di aggiudicazione non efficace con elenco verbali delle commissione di gara'',130,''L.ID_SCELTA_CONTRAENTE_50 not in (10,11)'',''DATAPUBB|DATA_PROVVEDIMENTO|NUM_PROVVEDIMENTO|'',null,null),
			(14,''Provvedimento di adesione'',140,''L.ID_SCELTA_CONTRAENTE_50 in (10,11)'',''DATAPUBB|DATA_PROVVEDIMENTO|NUM_PROVVEDIMENTO|'',null,null),
			(15,''Provvedimento di aggiudicazione decreto o ordinativo'',150,''L.ID_SCELTA_CONTRAENTE_50 IN (2,3,9,11,13,14,24)'',''DATAPUBB|DATA_PROVVEDIMENTO|NUM_PROVVEDIMENTO|'',null,null),
			(16,''Provvedimento di revoca dell''''aggiudicazione o dell''''adesione'',160,''L.ID_SCELTA_CONTRAENTE_50 IS NOT NULL'',''DATAPUBB|DATA_PROVVEDIMENTO|NUM_PROVVEDIMENTO|'',null,null),
			(17,''Provvedimento di gara non aggiudicata o deserta'',170,''L.ID_SCELTA_CONTRAENTE_50 IN (1,4,5,6,7,8,12,13,14,15,16,20,21,23)'',''DATAPUBB|DATA_PROVVEDIMENTO|NUM_PROVVEDIMENTO|'',''DATAPUBB|'',''D''),
			(18,''Provvedimento di aggiudicazione efficace'',180,''L.ID_SCELTA_CONTRAENTE_50 IN (1,4,5,6,7,8,12,13,14,15,16,17,18,19,20,21,22,23)'',''DATAPUBB|DATA_PROVVEDIMENTO|NUM_PROVVEDIMENTO|'',null,null),
			(19,''Decreto o determina di affidamento  di lavori, servizi e forniture di somma urgenza e di protezione civile (art.163)'',190,''L.ID_SCELTA_CONTRAENTE_50 IN (2,24)'',''DATAPUBB|PERC_RIBASSO_AGG|PERC_OFF_AUMENTO|IMPORTO_AGGIUDICAZIONE|DATA_VERB_AGGIUDICAZIONE|'',''DATAPUBB|'',''E''),
			(20,''Avviso di aggiudicazione o affidamento (esito di gara)'',210,''L.ID_SCELTA_CONTRAENTE_50<>10'',''DATAPUBB|PERC_RIBASSO_AGG|PERC_OFF_AUMENTO|IMPORTO_AGGIUDICAZIONE|DATA_VERB_AGGIUDICAZIONE|'',''DATAPUBB|'',''A''),
			(21,''Testo integrale contratto di acquisto beni e servizi di importo unitario superiore al milione di euro'',200,''1=2'',''DATAPUBB|DATA_STIPULA|NUM_REPERTORIO'',null,null),
			(22,''Provvedimento di autorizzazione subappalto'',220,''L.ID_SCELTA_CONTRAENTE_50 NOT IN (10,15,16)'',''DATAPUBB|'',null,null),
			(23,''Atto per eventuale scioglimento contratto per eccesso durata sospensione esecuzione'',230,''L.ID_SCELTA_CONTRAENTE_50 NOT IN (10,15,16)'',''DATAPUBB|'',null,null),
			(24,''Provvedimento di eventuali modifiche al contratto d''''appalto'',240,''L.ID_SCELTA_CONTRAENTE_50 NOT IN (10,15,16)'',''DATAPUBB|'',null,null),
			(25,''Provvedimento di eventuale recesso dal contratto'',250,''L.ID_SCELTA_CONTRAENTE_50 NOT IN (15,16)'',''DATAPUBB|DATA_PROVVEDIMENTO|NUM_PROVVEDIMENTO'',null,null),
			(26,''Provvedimento di eventuale risoluzione del contratto'',260,''L.ID_SCELTA_CONTRAENTE_50 NOT IN (15,16)'',''DATAPUBB|DATA_PROVVEDIMENTO|NUM_PROVVEDIMENTO'',null,null),
			(99,''Altro documento'',990,''1=1'',''DATAPUBB|'',null,null)';
		EXECUTE immediate v_sql;



		-- chiave di cifratura del token; basta che sia presente in SCPPUBB/OR
		Insert into W_CONFIG (CODAPP,CHIAVE,VALORE,SEZIONE,DESCRIZIONE,CRIPTATO) values ('W9','it.maggioli.eldasoft.wslogin.jwtKey','!RIjr O$SNvm5rS:K^^1tmL=bXI61Ox&2aLDG','','Chiave di cifratura JWT Token','1');
		-- parametri lato SA per connettersi ai servizi REST di pubblicazione
		Insert into W_CONFIG (CODAPP,CHIAVE,VALORE,SEZIONE,DESCRIZIONE,CRIPTATO) values ('W9','it.eldasoft.pubblicazioni.ws.url',null,'Servizi di pubblicazione','URL dei Servizi di pubblicazione avvisi bandi esiti',null);
		Insert into W_CONFIG (CODAPP,CHIAVE,VALORE,SEZIONE,DESCRIZIONE,CRIPTATO) values ('W9','it.eldasoft.pubblicazioni.ws.urlProgrammi',null,'Servizi di pubblicazione','URL dei Servizi di pubblicazione programmi',null);
		Insert into W_CONFIG (CODAPP,CHIAVE,VALORE,SEZIONE,DESCRIZIONE,CRIPTATO) values ('W9','it.eldasoft.pubblicazioni.ws.urlLogin',null,'Servizi di pubblicazione','URL per l''autenticazione ai Servizi di pubblicazione',null);
		Insert into W_CONFIG (CODAPP,CHIAVE,VALORE,SEZIONE,DESCRIZIONE,CRIPTATO) values ('W9','it.eldasoft.pubblicazioni.ws.clientId',null,'Servizi di pubblicazione','Identificativo per il sistema di autenticazione ai servizi di pubblicazione',null);
		Insert into W_CONFIG (CODAPP,CHIAVE,VALORE,SEZIONE,DESCRIZIONE,CRIPTATO) values ('W9','it.eldasoft.pubblicazioni.ws.clientKey',null,'Servizi di pubblicazione','Chiave per il sistema di autenticazione ai servizi di pubblicazione',null);
		Insert into W_CONFIG (CODAPP,CHIAVE,VALORE,SEZIONE,DESCRIZIONE,CRIPTATO) values ('W9','it.eldasoft.pubblicazioni.ws.username',null,'Servizi di pubblicazione','Username dei Servizi di pubblicazione',null);
		Insert into W_CONFIG (CODAPP,CHIAVE,VALORE,SEZIONE,DESCRIZIONE,CRIPTATO) values ('W9','it.eldasoft.pubblicazioni.ws.password',null,'Servizi di pubblicazione','Password dei Servizi di pubblicazione',null);
		Insert into W_CONFIG (CODAPP,CHIAVE,VALORE,SEZIONE,DESCRIZIONE,CRIPTATO) values ('W9','it.eldasoft.pubblicazioni.ws.urlTabelleContesto',null,'Servizi di pubblicazione','URL dei Servizi per le tabelle di contesto',null);
		Insert into W_CONFIG (CODAPP,CHIAVE,VALORE,SEZIONE,DESCRIZIONE,CRIPTATO) values ('W9','it.eldasoft.sitat.consultaGara.controlloRUP','1','Servizi Simog','Abilita / disabilita controllo RUP su consulta gara',null);

		Update W_CONFIG set VALORE='4.0.0' where CODAPP='W9' and CHIAVE='it.eldasoft.sitatproxy.versioneTracciatoXML';
		Update W_CONFIG set VALORE='4.0.0' where CODAPP='W9' and CHIAVE='it.eldasoft.rt.sitatproxy.versioneTracciatoXML';

		Insert into w_note (tipo,oggetto,prog,modovis,nota) VALUES (2,'W9.W9PUBBLICAZIONI-scheda.DETTPUBBLICAZIONI',2,'2','<b>ATTENZIONE:</b> Avvisiamo gli utenti che il campo URL va compilato con un indirizzo URL che punti al <b>documento oggetto di pubblicazione (formato PDF, P7M, ecc.)</b> e non a pagine generiche o a pagine indice da cui ricercare o selezionare il documento. Cliccare su <a title="Istruzioni per recuperare la URL da un sito" href="https://www.serviziocontrattipubblici.it/SPInApp/it/resources/cms/documents/manuale_utente_istruzioni_URL.pdf" target="_blank" rel="noopener">Istruzioni per recuperare la URL da un sito</a> per scaricare una breve guida. Precisiamo inoltre che tale indirizzo URL dovr&agrave; restare attivo e puntare al documento per la durata prevista della pubblicit&agrave; sul profilo di committente cos&iacute; come precisato dall''art.29 del dlgs 50/2016 e s.m.i.');
		Insert into w_note (tipo,oggetto,prog,modovis,nota) VALUES (2,'W9.W9PUBBLICAZIONI-scheda.DETTPUBBLICAZIONI',3,'3','<b>ATTENZIONE:</b> Avvisiamo gli utenti che il campo URL va compilato con un indirizzo URL che punti al <b>documento oggetto di pubblicazione (formato PDF, P7M, ecc.)</b> e non a pagine generiche o a pagine indice da cui ricercare o selezionare il documento. Cliccare su <a title="Istruzioni per recuperare la URL da un sito" href="https://www.serviziocontrattipubblici.it/SPInApp/it/resources/cms/documents/manuale_utente_istruzioni_URL.pdf" target="_blank" rel="noopener">Istruzioni per recuperare la URL da un sito</a> per scaricare una breve guida. Precisiamo inoltre che tale indirizzo URL dovr&agrave; restare attivo e puntare al documento per la durata prevista della pubblicit&agrave; sul profilo di committente cos&iacute; come precisato dall''art.29 del dlgs 50/2016 e s.m.i.');
		Insert into w_note (tipo,oggetto,prog,modovis,nota) VALUES (2,'W9.AVVISO-scheda.DATIGEN',0,'2','<b>ATTENZIONE:</b> Avvisiamo gli utenti che il campo URL va compilato con un indirizzo URL che punti al <b>documento oggetto di pubblicazione (formato PDF, P7M, ecc.)</b> e non a pagine generiche o a pagine indice da cui ricercare o selezionare il documento. Cliccare su <a title="Istruzioni per recuperare la URL da un sito" href="https://www.serviziocontrattipubblici.it/SPInApp/it/resources/cms/documents/manuale_utente_istruzioni_URL.pdf" target="_blank" rel="noopener">Istruzioni per recuperare la URL da un sito</a> per scaricare una breve guida. Precisiamo inoltre che tale indirizzo URL dovr&agrave; restare attivo e puntare al documento per la durata prevista della pubblicit&agrave; sul profilo di committente cos&iacute; come precisato dall''art.29 del dlgs 50/2016 e s.m.i.');
		Insert into w_note (tipo,oggetto,prog,modovis,nota) VALUES (2,'W9.AVVISO-scheda.DATIGEN',0,'3','<b>ATTENZIONE:</b> Avvisiamo gli utenti che il campo URL va compilato con un indirizzo URL che punti al <b>documento oggetto di pubblicazione (formato PDF, P7M, ecc.)</b> e non a pagine generiche o a pagine indice da cui ricercare o selezionare il documento. Cliccare su <a title="Istruzioni per recuperare la URL da un sito" href="https://www.serviziocontrattipubblici.it/SPInApp/it/resources/cms/documents/manuale_utente_istruzioni_URL.pdf" target="_blank" rel="noopener">Istruzioni per recuperare la URL da un sito</a> per scaricare una breve guida. Precisiamo inoltre che tale indirizzo URL dovr&agrave; restare attivo e puntare al documento per la durata prevista della pubblicit&agrave; sul profilo di committente cos&iacute; come precisato dall''art.29 del dlgs 50/2016 e s.m.i.');

		Update ELDAVER set NUMVER='4.0.0', DATVET=CURRENT_TIMESTAMP where CODAPP='W9';

	END IF;
end@

call aggiorna@
drop procedure aggiorna@
--------------------------------
-- AGGIORNAMENTO PROGRAMMAZIONE
-- Database: DB2
-- Versione: 3.2.1 --> 4.0.0
------------------------------

------ CARATTERE TERMINATORE ----------
--#SET TERMINATOR @

create procedure aggiorna ()
begin

	Declare v_sql varchar(5000);
	Declare v_max varchar(10);

	IF ( select count(*) from eldaver where codapp = 'PT' and (numver = '3.2.1' or numver like '3.2.1.%')) = 1
	THEN

		---  OPERE INCOMPIUTE
		SET v_sql= 'DROP TABLE OITRI';
		EXECUTE immediate v_sql;
		
		SET v_sql= 'CREATE TABLE OITRI (
			CONTRI NUMERIC(10) NOT NULL,
			NUMOI NUMERIC(6) NOT NULL,
			CUP  VARCHAR(15),
			CUPMASTER  VARCHAR(15),
			DESCRIZIONE VARCHAR(2000),
			DETERMINAZIONI VARCHAR(5),
			AMBITOINT VARCHAR(5),
			ANNOULTQE  NUMERIC(4),
			IMPORTOINT NUMERIC(24,5),
			IMPORTOLAV NUMERIC(24,5),
			ONERIULTIM NUMERIC(24,5),
			IMPORTOSAL NUMERIC(24,5),
			AVANZAMENTO NUMERIC(13,9),
			CAUSA VARCHAR(5),
			FRUIBILE VARCHAR(1),
			STATOREAL VARCHAR(5),
			UTILIZZORID VARCHAR(1),
			REQ_CAP VARCHAR(1),
			REQ_PRGE VARCHAR(1),
			DIM_UM  VARCHAR(10),
			DIM_QTA  NUMERIC(24,5),
			DESTINAZIONEUSO VARCHAR(5),
			CESSIONE VARCHAR(1),
			INFRASTRUTTURA VARCHAR(1),
			VENDITA VARCHAR(1),
			DEMOLIZIONE VARCHAR(1),
			ISTAT VARCHAR(20),
			NUTS VARCHAR(5),
			SEZINT VARCHAR(3),
			INTERV VARCHAR(6),
			SPONSORIZZAZIONE VARCHAR(1),
			FINANZA_PROGETTO VARCHAR(1),
			COSTO NUMERIC(24,5),
			FINANZIAMENTO NUMERIC(24,5),
			COP_STATALE VARCHAR(1),
			COP_REGIONALE VARCHAR(1),
			COP_PROVINCIALE VARCHAR(1),
			COP_COMUNALE VARCHAR(1),
			COP_ALTRAPUBBLICA VARCHAR(1),
			COP_COMUNITARIA VARCHAR(1),
			COP_PRIVATA VARCHAR(1),	
			ONERI_SITO NUMERIC(24,5),
			PRIMARY KEY (CONTRI, NUMOI)
		)';
		EXECUTE immediate v_sql;

		IF NOT EXISTS (SELECT * FROM SYSCAT.TABLES where TABSCHEMA =CURRENT SCHEMA AND TABNAME='TAB_CONTROLLI') THEN 
			SET v_sql= 'CREATE TABLE TAB_CONTROLLI (
				CODAPP VARCHAR(5) NOT NULL,
				NUM NUMERIC(7) NOT NULL,
				ENTITA VARCHAR(50),
				SEZIONE VARCHAR(50),
				TITOLO VARCHAR(100),
				CONDIZIONE VARCHAR(2000),
				MSG VARCHAR(2000),
				TIPO VARCHAR(1),
				PRIMARY KEY (CODAPP,NUM))';
			EXECUTE immediate v_sql;
		END IF;

		IF EXISTS (SELECT * FROM SYSCAT.COLUMNS where TABSCHEMA =CURRENT SCHEMA AND TABNAME='INTTRI' AND COLNAME='IM1INT') THEN 
			SET v_sql= 'ALTER TABLE INTTRI DROP COLUMN IM1INT';
			EXECUTE immediate v_sql;
			CALL SYSPROC.ADMIN_CMD ('REORG TABLE INTTRI');
		END IF;
		IF EXISTS (SELECT * FROM SYSCAT.COLUMNS where TABSCHEMA =CURRENT SCHEMA AND TABNAME='INTTRI' AND COLNAME='IM2INT') THEN 
			SET v_sql= 'ALTER TABLE INTTRI DROP COLUMN IM2INT';
			CALL SYSPROC.ADMIN_CMD ('REORG TABLE INTTRI');
			EXECUTE immediate v_sql;
		END IF;
		IF EXISTS (SELECT * FROM SYSCAT.COLUMNS where TABSCHEMA =CURRENT SCHEMA AND TABNAME='INTTRI' AND COLNAME='IM3INT') THEN 
			SET v_sql= 'ALTER TABLE INTTRI DROP COLUMN IM3INT';
			EXECUTE immediate v_sql;
			CALL SYSPROC.ADMIN_CMD ('REORG TABLE INTTRI');
		END IF;
		IF EXISTS (SELECT * FROM SYSCAT.COLUMNS where TABSCHEMA =CURRENT SCHEMA AND TABNAME='INTTRI' AND COLNAME='TIPCAPPRIV') THEN 
			SET v_sql= 'ALTER TABLE INTTRI DROP COLUMN TIPCAPPRIV';
			EXECUTE immediate v_sql;
			CALL SYSPROC.ADMIN_CMD ('REORG TABLE INTTRI');
		END IF;
		
		SET v_sql= 'ALTER TABLE INTTRI
			ALTER COLUMN SEZINT set DATA TYPE VARCHAR(3)
			ALTER COLUMN CUIINT set DATA TYPE VARCHAR(25)
			ADD COLUMN IM9TRI NUMERIC(24,5)';
		EXECUTE immediate v_sql;

		SET v_sql= 'ALTER TABLE INRTRI ALTER COLUMN CUIINT set DATA TYPE VARCHAR(25)';
		EXECUTE immediate v_sql;

		SET v_sql= 'ALTER TABLE IMMTRAI
			ADD COLUMN ALIENATI VARCHAR(1)
			ADD COLUMN VA9IMM NUMERIC(24,5)
			ADD COLUMN NUMOI NUMERIC(6)';
		EXECUTE immediate v_sql;
		
		SET v_sql= 'ALTER TABLE RIS_CAPITOLO ADD COLUMN CBNOTE VARCHAR(2000)';
		EXECUTE immediate v_sql;

		SET v_sql= 'ALTER TABLE PIATRI
			ADD COLUMN URLAPPROV VARCHAR(2000)
			ADD COLUMN URLADOZI VARCHAR(2000)
			ADD COLUMN TITADOZI VARCHAR(250)
			ADD COLUMN TITAPPROV VARCHAR(250)
			ADD COLUMN DPADOZI TIMESTAMP
			ADD COLUMN DPAPPROV TIMESTAMP
			ADD COLUMN ID_GENERATO NUMERIC(10)
			ADD COLUMN ID_RICEVUTO NUMERIC(10)
			ADD COLUMN ID_CLIENT VARCHAR(255)
			ADD COLUMN SYSCON NUMERIC(12)
			ADD COLUMN IDUFFICIO NUMERIC(10)
			ALTER COLUMN NADOZI set DATA TYPE VARCHAR(50)
			ALTER COLUMN NAPTRI set DATA TYPE VARCHAR(50)';
		EXECUTE immediate v_sql;
		
		CALL SYSPROC.ADMIN_CMD ('REORG TABLE INTTRI');
		CALL SYSPROC.ADMIN_CMD ('REORG TABLE PIATRI');
		CALL SYSPROC.ADMIN_CMD ('REORG TABLE IMMTRAI');
		CALL SYSPROC.ADMIN_CMD ('REORG TABLE RIS_CAPITOLO');
		
		-- Modifica tipo di campo da numerico a varchar o viceversa
		SET v_sql= 'ALTER TABLE PIATRI ADD COLUMN TEMP_PUBBLICA VARCHAR(1)';
		EXECUTE immediate v_sql;
		CALL SYSPROC.ADMIN_CMD ('REORG TABLE PIATRI');
		SET v_sql= 'Update PIATRI SET TEMP_PUBBLICA = CAST(CAST(PUBBLICA AS CHAR) AS VARCHAR(1))';
		EXECUTE immediate v_sql;
		SET v_sql= 'ALTER TABLE PIATRI DROP COLUMN PUBBLICA';
		EXECUTE immediate v_sql;
		CALL SYSPROC.ADMIN_CMD ('REORG TABLE PIATRI');
		SET v_sql= 'ALTER TABLE PIATRI ADD COLUMN PUBBLICA VARCHAR(1)';
		EXECUTE immediate v_sql;
		SET v_sql= 'Update PIATRI SET PUBBLICA = TEMP_PUBBLICA';
		EXECUTE immediate v_sql;
		SET v_sql= 'ALTER TABLE PIATRI DROP COLUMN TEMP_PUBBLICA';
		EXECUTE immediate v_sql;
		CALL SYSPROC.ADMIN_CMD ('REORG TABLE PIATRI');

		SET v_sql= 'ALTER TABLE INTTRI 
									ADD COLUMN TEMP_FLAG_CUP VARCHAR(1)
									ADD COLUMN TEMP_DELEGA VARCHAR(1)
									ADD COLUMN TEMP_COPFIN VARCHAR(1)
									ADD COLUMN TEMP_MATRIC NUMERIC(7)
									ADD COLUMN TEMP_ACQALTINT NUMERIC(7)
									ADD COLUMN TEMP_VARIATO NUMERIC(7)';
		EXECUTE immediate v_sql;
		CALL SYSPROC.ADMIN_CMD ('REORG TABLE INTTRI');
		SET v_sql= 'Update INTTRI SET TEMP_FLAG_CUP = CAST(CAST(FLAG_CUP AS CHAR) AS VARCHAR(1)),
									TEMP_DELEGA = CAST(CAST(DELEGA AS CHAR) AS VARCHAR(1)),
									TEMP_COPFIN = CAST(CAST(COPFIN AS CHAR) AS VARCHAR(1)),
									TEMP_MATRIC =  CAST(MATRIC AS INT ),
									TEMP_ACQALTINT = case ACQALTINT when ''1'' Then 1 when ''2'' then 2 end,
									TEMP_VARIATO =  CAST(VARIATO AS INT)';
		EXECUTE immediate v_sql;
		SET v_sql= 'ALTER TABLE INTTRI 
									DROP COLUMN FLAG_CUP
									DROP COLUMN DELEGA
									DROP COLUMN COPFIN
									DROP COLUMN MATRIC
									DROP COLUMN ACQALTINT
									DROP COLUMN VARIATO';
		EXECUTE immediate v_sql;
		CALL SYSPROC.ADMIN_CMD ('REORG TABLE INTTRI');	
		SET v_sql= 'ALTER TABLE INTTRI 
									ADD COLUMN FLAG_CUP VARCHAR(1)
									ADD COLUMN DELEGA VARCHAR(1)
									ADD COLUMN COPFIN VARCHAR(1)
									ADD COLUMN MATRIC NUMERIC(7)
									ADD COLUMN ACQALTINT NUMERIC(7)
									ADD COLUMN VARIATO NUMERIC(7)';
		EXECUTE immediate v_sql;
		CALL SYSPROC.ADMIN_CMD ('REORG TABLE INTTRI');
		SET v_sql= 'Update INTTRI SET FLAG_CUP = TEMP_FLAG_CUP,
									DELEGA = TEMP_DELEGA,
									COPFIN = TEMP_COPFIN,
									MATRIC = TEMP_MATRIC,
									ACQALTINT = TEMP_ACQALTINT,
									VARIATO = TEMP_VARIATO';
		EXECUTE immediate v_sql;	
		SET v_sql= 'ALTER TABLE INTTRI 
									DROP COLUMN TEMP_FLAG_CUP
									DROP COLUMN TEMP_DELEGA
									DROP COLUMN TEMP_COPFIN
									DROP COLUMN TEMP_MATRIC
									DROP COLUMN TEMP_ACQALTINT
									DROP COLUMN TEMP_VARIATO';
		EXECUTE immediate v_sql;
		CALL SYSPROC.ADMIN_CMD ('REORG TABLE INTTRI');	
	
	
		SET v_sql= 'ALTER TABLE RIS_CAPITOLO ADD COLUMN TEMP_VERIFBIL VARCHAR(1)';
		EXECUTE immediate v_sql;
		SET v_sql= 'Update RIS_CAPITOLO SET TEMP_VERIFBIL = CAST(CAST(VERIFBIL AS CHAR) AS VARCHAR(1))';
		EXECUTE immediate v_sql;
		SET v_sql= 'ALTER TABLE RIS_CAPITOLO DROP COLUMN VERIFBIL';
		EXECUTE immediate v_sql;
		SET v_sql= 'ALTER TABLE RIS_CAPITOLO ADD COLUMN VERIFBIL VARCHAR(1)';
		EXECUTE immediate v_sql;
		SET v_sql= 'Update RIS_CAPITOLO SET VERIFBIL = TEMP_VERIFBIL';
		EXECUTE immediate v_sql;
		SET v_sql= 'ALTER TABLE RIS_CAPITOLO DROP COLUMN TEMP_VERIFBIL';
		EXECUTE immediate v_sql;


		SET v_sql= 'CREATE VIEW V_REPORT_SOGG_AGGR as 
				SELECT u.cfein AS codicefiscaleente,
				cast (null as varchar(20)) AS codiceipa,
				u.nomein AS amministrazione,
				cast (null as varchar(20)) AS dipartimento,
				cast (null as varchar(20)) AS ufficio,
				s.tabdesc AS regione,
				u.proein AS provincia,
				COALESCE(u.viaein, '') || COALESCE(u.nciein, '') AS indirizzoente,
				u.telein AS telefonoente,
				u.emaiin AS mailente,
				u.emai2in AS pecente,
				t.nometei AS nomereferente,
				t.cogtei AS cognomereferente,
				t.cftec AS codicefiscalereferente,
				t.teltec AS telefonoreferente,
				t.ematec AS mailreferente,
				a.cuiint AS numerointerventocui,
				u.cfein AS codicefiscaleamministrazione,
				    CASE
				        WHEN substr(a.cuiint, 1, 1) in (''L'', ''F'', ''S'') THEN substr(a.cuiint, 13, 4)
				    END AS primaannualita,
				p.anntri + COALESCE(a.annrif, 0) - 1 AS anno,
				cast(''001'' as varchar(3))  AS identificativoproceduraacquisto,
				a.cupprg AS codicecup,
				    CASE
				        WHEN a.lotfunz = ''1'' THEN ''Si''
				        WHEN a.lotfunz = ''2'' THEN ''No''
				    END AS lottofunzionale,
				round(COALESCE(a.totint, 0) - COALESCE(a.spesesost, 0), 2) AS importostimatolotto,
				n.descrizione AS ambitogeografico,
				a.cupmst AS codicecupmaster,
				t2.tab2d2 AS settore,
				a.codcpv AS cpv,
				a.desint AS descrizioneacquisto,
				cast (null as varchar(2)) AS conformitaambientale,
				    CASE
				        WHEN a.prgint IS NOT NULL THEN ''Livello '' || cast(a.prgint as char(1))
				    END AS priorita,
				rup.cftec AS codiceriscaleresponsabileprocedimento,
				rup.cogtei AS cognomeresponsabileprocedimento,
				rup.nometei AS nomeresponsabileprocedimento,
				a.quantit AS quantita,
				um.tab1desc AS unitamisura,
				a.durcont AS duratacontratto,
				round(COALESCE(a.di1int, 0) + COALESCE(a.pr1tri, 0), 2) AS stimacostiprogrammaprimoanno,
				round(COALESCE(a.di2int, 0) + COALESCE(a.pr2tri, 0), 2) AS stimacostiprogrammasecondoanno,
				round(COALESCE(a.di9int, 0) + COALESCE(a.pr9tri, 0), 2) AS costiannualitasuccessive,
				round(COALESCE(a.totint, 0) - COALESCE(a.spesesost, 0), 2) AS stimacostiprogrammatotale,
				round(a.icpint, 2) AS importoapportocapitaleprivato,
				t3.tab3desc AS tipologiaapportocapitaleprivato,
				    CASE
				        WHEN a.delega = ''1'' THEN ''Si''
				        WHEN a.delega = ''2'' THEN ''No''
				    END AS delega,
				a.codausa AS codiceausa,
				a.sogagg AS denominazioneamministrazionedelegata,
				p.contri
		   FROM piatri p
				 JOIN uffint u ON u.codein = p.cenint
				 LEFT JOIN tecni t ON t.codtec = p.respro
				 LEFT JOIN inttri a ON a.contri = p.contri
				 LEFT JOIN tabnuts n ON n.codice = substr(a.nuts, 1, 4)
				 LEFT JOIN tab2 t2 ON t2.tab2cod = ''W3z05'' AND t2.tab2tip = a.tipoin
				 LEFT JOIN tecni rup ON rup.codtec = a.codrup
				 LEFT JOIN tab3 t3 ON t3.tab3cod = ''PTx08'' AND t3.tab3tip = a.tcpint
				 LEFT JOIN tabsche s ON s.tabcod = ''S2003'' AND s.tabcod1 = ''05'' AND s.tabcod2 = (''0'' || substr(u.codcit, 1, 3))
				 LEFT JOIN tab1 um ON um.tab1cod = ''PT019'' AND um.tab1tip = a.unimis
		  WHERE p.tiprog = 2 AND (COALESCE(a.totint, 0) - COALESCE(a.spesesost, 0)) > 1000000';
		EXECUTE immediate v_sql;
		  
		  		----------------------------------------------
		---   Aggiornamento dati Piani Triennali   ---
		----------------------------------------------
		
		Update INTTRI set ANNRIF=1 where ANNRIF is null and TIPINT in (2,3);
		Update INTTRI set TIPINT= (select TIPROG from PIATRI P where P.CONTRI=INTTRI.CONTRI) where TIPINT is null;
		
		Delete from TAB_CONTROLLI where codapp='PT';
		Insert into TAB_CONTROLLI (codapp,num,entita,sezione,titolo,condizione,msg,tipo) VALUES ('PT',10,'PIATRI','Programma',null,null,null,'T');
		Insert into TAB_CONTROLLI (codapp,num,entita,sezione,titolo,condizione,msg,tipo) VALUES ('PT',20,'PIATRI','Dati generali','CENINT','EXISTS (SELECT 1 FROM UFFINT A WHERE A.CODEIN= T.CENINT and A.NOMEIN is not null)','Inserire l''Amministrazione','E');
		Insert into TAB_CONTROLLI (codapp,num,entita,sezione,titolo,condizione,msg,tipo) VALUES ('PT',30,'PIATRI','Dati generali','RESPRO','EXISTS (SELECT 1 FROM TECNI A WHERE A.CODTEC= T.RESPRO and A.NOMTEC is not null)','Indicare il responsabile del programma','E');
		Insert into TAB_CONTROLLI (codapp,num,entita,sezione,titolo,condizione,msg,tipo) VALUES ('PT',40,'PIATRI','Dati generali','ID','T.ID is not null','Valorizzare il campo','E');
		Insert into TAB_CONTROLLI (codapp,num,entita,sezione,titolo,condizione,msg,tipo) VALUES ('PT',50,'PIATRI','Dati generali','BRETRI','T.BRETRI is not null','Valorizzare il campo','E');
		Insert into TAB_CONTROLLI (codapp,num,entita,sezione,titolo,condizione,msg,tipo) VALUES ('PT',60,'PIATRI','Dati generali','ANNTRI','T.ANNTRI is not null','Valorizzare il campo','E');
		Insert into TAB_CONTROLLI (codapp,num,entita,sezione,titolo,condizione,msg,tipo) VALUES ('PT',70,'PIATRI','Dati generali','Elenco interventi','EXISTS (SELECT 1 FROM INTTRI I WHERE I.CONTRI=T.CONTRI)','Il programma non contiene interventi','W');
		Insert into TAB_CONTROLLI (codapp,num,entita,sezione,titolo,condizione,msg,tipo) VALUES ('PT',80,'PIATRI','Archivio tecnici','TECNI.CITTEC','EXISTS (SELECT 1 from TECNI A WHERE A.CODTEC=T.RESPRO and A.CITTEC is not null)','Indicare il codice ISTAT del comune del responsabile del programma','W');
		Insert into TAB_CONTROLLI (codapp,num,entita,sezione,titolo,condizione,msg,tipo) VALUES ('PT',81,'PIATRI','Archivio tecnici','TECNI.CFTEC','EXISTS (SELECT 1 from TECNI A WHERE A.CODTEC=T.RESPRO and A.CFTEC is not null)','Indicare il codice fiscale del responsabile del programma','W');
		Insert into TAB_CONTROLLI (codapp,num,entita,sezione,titolo,condizione,msg,tipo) VALUES ('PT',90,'PIATRI','Adozione/approvazione','Adozione o approvazione','(T.DADOZI is not null or T.DAPTRI is not null) or tiprog in (2,3)','Inserire i dati di adozione e/o di approvazione del programma','E');
		Insert into TAB_CONTROLLI (codapp,num,entita,sezione,titolo,condizione,msg,tipo) VALUES ('PT',91,'PIATRI','Adozione','DPADOZI','(T.DADOZI is null or T.DPADOZI is not null) or tiprog=3','Valorizzare il campo','E');
		Insert into TAB_CONTROLLI (codapp,num,entita,sezione,titolo,condizione,msg,tipo) VALUES ('PT',92,'PIATRI','Adozione','TITADOZI','(T.DADOZI is null or T.TITADOZI is not null) or tiprog=3','Valorizzare il campo','E');
		Insert into TAB_CONTROLLI (codapp,num,entita,sezione,titolo,condizione,msg,tipo) VALUES ('PT',93,'PIATRI','Adozione','URLADOZI','(T.DADOZI is null or T.URLADOZI is not null) or tiprog=3','Valorizzare il campo','E');
		Insert into TAB_CONTROLLI (codapp,num,entita,sezione,titolo,condizione,msg,tipo) VALUES ('PT',94,'PIATRI','Approvazione','DPAPPROV','T.DAPTRI is null or T.DPAPPROV is not null','Valorizzare il campo','E');
		Insert into TAB_CONTROLLI (codapp,num,entita,sezione,titolo,condizione,msg,tipo) VALUES ('PT',95,'PIATRI','Approvazione','TITAPPROV','T.DAPTRI is null or T.TITAPPROV is not null','Valorizzare il campo','E');
		Insert into TAB_CONTROLLI (codapp,num,entita,sezione,titolo,condizione,msg,tipo) VALUES ('PT',96,'PIATRI','Approvazione','URLAPPROV','T.DAPTRI is null or T.URLAPPROV is not null','Valorizzare il campo','E');
		Insert into TAB_CONTROLLI (codapp,num,entita,sezione,titolo,condizione,msg,tipo) VALUES ('PT',97,'PIATRI','Approvazione','Approvazione','T.DAPTRI is not null or tiprog=1','Inserire i dati di approvazione del programma','E');

		Insert into TAB_CONTROLLI (codapp,num,entita,sezione,titolo,condizione,msg,tipo) VALUES ('PT',100,'INTTRI','Intervento n. {0} del programma',null,null,null,'T');
		Insert into TAB_CONTROLLI (codapp,num,entita,sezione,titolo,condizione,msg,tipo) VALUES ('PT',110,'INTTRI','Dati generali','CUIINT','T.CUIINT is not null or exists (select 1 from piatri where piatri.contri=T.contri and tiprog=3)','Valorizzare il campo','E');
		Insert into TAB_CONTROLLI (codapp,num,entita,sezione,titolo,condizione,msg,tipo) VALUES ('PT',120,'INTTRI','Dati generali','DESINT','T.DESINT is not null','Valorizzare il campo','E');
		Insert into TAB_CONTROLLI (codapp,num,entita,sezione,titolo,condizione,msg,tipo) VALUES ('PT',130,'INTTRI','Dati generali','ANNRIF','T.ANNRIF is not null or exists (select 1 from piatri p join inttri i on i.contri=p.contri and i.tipint=2 where p.tiprog=3 and p.contri=T.contri)','Valorizzare il campo','E');
		Insert into TAB_CONTROLLI (codapp,num,entita,sezione,titolo,condizione,msg,tipo) VALUES ('PT',140,'INTTRI','Dati generali','FLAG_CUP','T.FLAG_CUP is not null','Valorizzare il campo','E');
		Insert into TAB_CONTROLLI (codapp,num,entita,sezione,titolo,condizione,msg,tipo) VALUES ('PT',150,'INTTRI','Dati generali','INTTRI.CUPPRG','T.CUPPRG is not null or T.FLAG_CUP=''1'' or ANNINT=''2''','Valorizzare il campo','E');
		Insert into TAB_CONTROLLI (codapp,num,entita,sezione,titolo,condizione,msg,tipo) VALUES ('PT',160,'INTTRI','Dati generali','INTTRI.ACQALTINT','(T.ACQALTINT is not null or T.TIPINT=1) or exists (select 1 from piatri where piatri.contri=T.contri and tiprog=3)','Valorizzare il campo','E');
		Insert into TAB_CONTROLLI (codapp,num,entita,sezione,titolo,condizione,msg,tipo) VALUES ('PT',170,'INTTRI','Dati generali','INTTRI.CUICOLL','(T.CUICOLL is not null or coalesce(T.ACQALTINT,1)<>2) or  T.TIPINT=3','Valorizzare il campo','E');
		Insert into TAB_CONTROLLI (codapp,num,entita,sezione,titolo,condizione,msg,tipo) VALUES ('PT',180,'INTTRI','Dati generali','Codice ISTAT o NUTS del comune','T.COMINT is not null or T.TIPINT=2 or T.NUTS is not null','Valorizzare uno dei due campi','E');
		Insert into TAB_CONTROLLI (codapp,num,entita,sezione,titolo,condizione,msg,tipo) VALUES ('PT',190,'INTTRI','Dati generali','NUTS','(T.NUTS is not null or T.TIPINT=1) or exists (select 1 from piatri where piatri.contri=T.contri and tiprog=3)','Valorizzare il campo','E');
		Insert into TAB_CONTROLLI (codapp,num,entita,sezione,titolo,condizione,msg,tipo) VALUES ('PT',200,'INTTRI','Dati generali','TIPOIN','T.TIPOIN is not null','Valorizzare il campo','E');
		Insert into TAB_CONTROLLI (codapp,num,entita,sezione,titolo,condizione,msg,tipo) VALUES ('PT',210,'INTTRI','Dati generali','CODCPV','(T.CODCPV is not null or T.TIPINT=1) or exists (select 1 from piatri where piatri.contri=T.contri and tiprog=3)','Valorizzare il campo','E');
		Insert into TAB_CONTROLLI (codapp,num,entita,sezione,titolo,condizione,msg,tipo) VALUES ('PT',220,'INTTRI','Dati generali','PRGINT','T.PRGINT is not null ','Valorizzare il campo','E');
		Insert into TAB_CONTROLLI (codapp,num,entita,sezione,titolo,condizione,msg,tipo) VALUES ('PT',230,'INTTRI','Dati generali','CODRUP','EXISTS (SELECT 1 FROM TECNI A WHERE A.CODTEC= T.CODRUP and A.NOMTEC is not null)','Indicare il responsabile dell''intervento','E');
		Insert into TAB_CONTROLLI (codapp,num,entita,sezione,titolo,condizione,msg,tipo) VALUES ('PT',240,'INTTRI','Dati generali','LOTFUNZ','T.LOTFUNZ is not null or exists (select 1 from piatri where piatri.contri=T.contri and tiprog=3)','Valorizzare il campo','E');
		Insert into TAB_CONTROLLI (codapp,num,entita,sezione,titolo,condizione,msg,tipo) VALUES ('PT',250,'INTTRI','Dati generali','LAVCOMPL','T.LAVCOMPL is not null or T.TIPINT=2 or exists (select 1 from piatri where piatri.contri=T.contri and tiprog=3)','Valorizzare il campo','E');
		Insert into TAB_CONTROLLI (codapp,num,entita,sezione,titolo,condizione,msg,tipo) VALUES ('PT',260,'INTTRI','Dati generali','DURCONT','T.DURCONT is not null or T.TIPINT=1 or exists (select 1 from piatri where piatri.contri=T.contri and tiprog=3)','Valorizzare il campo','E');
		Insert into TAB_CONTROLLI (codapp,num,entita,sezione,titolo,condizione,msg,tipo) VALUES ('PT',270,'INTTRI','Dati generali','CONTESS','T.CONTESS is not null or T.TIPINT=1 or exists (select 1 from piatri where piatri.contri=T.contri and tiprog=3)','Valorizzare il campo','E');
		Insert into TAB_CONTROLLI (codapp,num,entita,sezione,titolo,condizione,msg,tipo) VALUES ('PT',280,'INTTRI','Dati generali','SEZINT','T.SEZINT is not null or T.TIPINT=2 or exists (select 1 from piatri where piatri.contri=T.contri and tiprog=3)','Valorizzare il campo','E');
		Insert into TAB_CONTROLLI (codapp,num,entita,sezione,titolo,condizione,msg,tipo) VALUES ('PT',290,'INTTRI','Dati generali','INTERV','T.INTERV is not null or T.TIPINT=2','Valorizzare il campo','E');
		Insert into TAB_CONTROLLI (codapp,num,entita,sezione,titolo,condizione,msg,tipo) VALUES ('PT',300,'INTTRI','Dati generali','ANNINT','T.ANNINT is not null','Valorizzare il campo','E');
		Insert into TAB_CONTROLLI (codapp,num,entita,sezione,titolo,condizione,msg,tipo) VALUES ('PT',310,'INTTRI','Dati generali','TCPINT','T.TCPINT is not null or coalesce(PR1TRI,0)+coalesce(PR2TRI,0)+coalesce(PR3TRI,0)+coalesce(PR9TRI,0)=0','Valorizzare il campo','E');
		Insert into TAB_CONTROLLI (codapp,num,entita,sezione,titolo,condizione,msg,tipo) VALUES ('PT',320,'INTTRI','Dati elenco annuale','FIINTR','T.FIINTR is not null or T.TIPINT=2 or T.ANNINT<>''1''','Valorizzare il campo','E');
		Insert into TAB_CONTROLLI (codapp,num,entita,sezione,titolo,condizione,msg,tipo) VALUES ('PT',330,'INTTRI','Dati elenco annuale','URCINT','T.URCINT is not null or T.TIPINT=2 or T.ANNINT<>''1''','Valorizzare il campo','E');
		Insert into TAB_CONTROLLI (codapp,num,entita,sezione,titolo,condizione,msg,tipo) VALUES ('PT',340,'INTTRI','Dati elenco annuale','APCINT','T.APCINT is not null or T.TIPINT=2 or T.ANNINT<>''1''','Valorizzare il campo','E');
		Insert into TAB_CONTROLLI (codapp,num,entita,sezione,titolo,condizione,msg,tipo) VALUES ('PT',350,'INTTRI','Dati elenco annuale','STAPRO','T.STAPRO is not null or T.TIPINT=2 or T.ANNINT<>''1''','Valorizzare il campo','E');
		Insert into TAB_CONTROLLI (codapp,num,entita,sezione,titolo,condizione,msg,tipo) VALUES ('PT',490,'INTTRI','Modalit&agrave; di affidamento','DELEGA','T.DELEGA is not null or T.ANNINT<>''1'' or exists (select 1 from piatri where piatri.contri=T.contri and tiprog=3)','Valorizzare il campo','E');
		Insert into TAB_CONTROLLI (codapp,num,entita,sezione,titolo,condizione,msg,tipo) VALUES ('PT',500,'INTTRI','Modalit&agrave; di affidamento','CODAUSA','T.CODAUSA is not null or T.DELEGA=2 or (T.TIPINT=1 and T.ANNINT<>''1'') or exists (select 1 from piatri where piatri.contri=T.contri and tiprog=3)','Valorizzare il campo','E');
		Insert into TAB_CONTROLLI (codapp,num,entita,sezione,titolo,condizione,msg,tipo) VALUES ('PT',510,'INTTRI','Modalit&agrave; di affidamento','SOGAGG','T.SOGAGG is not null or T.DELEGA=2 or (T.TIPINT=1 and T.ANNINT<>''1'') or exists (select 1 from piatri where piatri.contri=T.contri and tiprog=3)','Valorizzare il campo','E');

		Insert into TAB_CONTROLLI (codapp,num,entita,sezione,titolo,condizione,msg,tipo) VALUES ('PT',800,'OITRI','Opera incompiuta n. {0}',null,null,null,'T');
		Insert into TAB_CONTROLLI (codapp,num,entita,sezione,titolo,condizione,msg,tipo) VALUES ('PT',810,'OITRI',null,'NUMOI','T.NUMOI is not null','Valorizzare il campo','E');
		Insert into TAB_CONTROLLI (codapp,num,entita,sezione,titolo,condizione,msg,tipo) VALUES ('PT',820,'OITRI',null,'CUP','T.CUP is not null','Valorizzare il campo','E');
		Insert into TAB_CONTROLLI (codapp,num,entita,sezione,titolo,condizione,msg,tipo) VALUES ('PT',830,'OITRI',null,'DESCRIZIONE','T.DESCRIZIONE is not null','Valorizzare il campo','E');
		Insert into TAB_CONTROLLI (codapp,num,entita,sezione,titolo,condizione,msg,tipo) VALUES ('PT',840,'OITRI',null,'DETERMINAZIONI','T.DETERMINAZIONI is not null','Valorizzare il campo','E');
		Insert into TAB_CONTROLLI (codapp,num,entita,sezione,titolo,condizione,msg,tipo) VALUES ('PT',850,'OITRI',null,'AMBITOINT','T.AMBITOINT is not null','Valorizzare il campo','E');
		Insert into TAB_CONTROLLI (codapp,num,entita,sezione,titolo,condizione,msg,tipo) VALUES ('PT',860,'OITRI',null,'ANNOULTQE','T.ANNOULTQE is not null','Valorizzare il campo','E');
		Insert into TAB_CONTROLLI (codapp,num,entita,sezione,titolo,condizione,msg,tipo) VALUES ('PT',870,'OITRI',null,'IMPORTOINT','T.IMPORTOINT is not null','Valorizzare il campo','E');
		Insert into TAB_CONTROLLI (codapp,num,entita,sezione,titolo,condizione,msg,tipo) VALUES ('PT',880,'OITRI',null,'IMPORTOLAV','T.IMPORTOLAV is not null','Valorizzare il campo','E');
		Insert into TAB_CONTROLLI (codapp,num,entita,sezione,titolo,condizione,msg,tipo) VALUES ('PT',890,'OITRI',null,'ONERIULTIM','T.ONERIULTIM is not null','Valorizzare il campo','E');
		Insert into TAB_CONTROLLI (codapp,num,entita,sezione,titolo,condizione,msg,tipo) VALUES ('PT',900,'OITRI',null,'IMPORTOSAL','T.IMPORTOSAL is not null','Valorizzare il campo','E');
		Insert into TAB_CONTROLLI (codapp,num,entita,sezione,titolo,condizione,msg,tipo) VALUES ('PT',910,'OITRI',null,'AVANZAMENTO','T.AVANZAMENTO is not null','Valorizzare il campo','E');
		Insert into TAB_CONTROLLI (codapp,num,entita,sezione,titolo,condizione,msg,tipo) VALUES ('PT',920,'OITRI',null,'CAUSA','T.CAUSA is not null','Valorizzare il campo','E');
		Insert into TAB_CONTROLLI (codapp,num,entita,sezione,titolo,condizione,msg,tipo) VALUES ('PT',930,'OITRI',null,'STATOREAL','T.STATOREAL is not null','Indicare lo stato di realizzazione','E');
		Insert into TAB_CONTROLLI (codapp,num,entita,sezione,titolo,condizione,msg,tipo) VALUES ('PT',940,'OITRI',null,'INFRASTRUTTURA','T.INFRASTRUTTURA is not null','Valorizzare il campo','E');
		Insert into TAB_CONTROLLI (codapp,num,entita,sezione,titolo,condizione,msg,tipo) VALUES ('PT',950,'OITRI',null,'FRUIBILE','T.FRUIBILE is not null','Valorizzare il campo','E');
		Insert into TAB_CONTROLLI (codapp,num,entita,sezione,titolo,condizione,msg,tipo) VALUES ('PT',960,'OITRI',null,'UTILIZZORID','T.UTILIZZORID is not null','Valorizzare il campo','E');
		Insert into TAB_CONTROLLI (codapp,num,entita,sezione,titolo,condizione,msg,tipo) VALUES ('PT',970,'OITRI',null,'DESTINAZIONEUSO','T.DESTINAZIONEUSO is not null','Valorizzare il campo','E');
		Insert into TAB_CONTROLLI (codapp,num,entita,sezione,titolo,condizione,msg,tipo) VALUES ('PT',980,'OITRI',null,'CESSIONE','T.CESSIONE is not null','Valorizzare il campo','E');
		Insert into TAB_CONTROLLI (codapp,num,entita,sezione,titolo,condizione,msg,tipo) VALUES ('PT',990,'OITRI',null,'VENDITA','T.VENDITA is not null','Indicare se &egrave; prevista la vendita','E');
		Insert into TAB_CONTROLLI (codapp,num,entita,sezione,titolo,condizione,msg,tipo) VALUES ('PT',1000,'OITRI',null,'DEMOLIZIONE','T.DEMOLIZIONE is not null or coalesce(T.VENDITA,''1'')=''1''','Valorizzare il campo','E');

		Insert into TAB_CONTROLLI (codapp,num,entita,sezione,titolo,condizione,msg,tipo) VALUES ('PT',1200,'IMMTRAI','Immobile da trasferire n. {0} dell''intervento',null,null,null,'T');
		Insert into TAB_CONTROLLI (codapp,num,entita,sezione,titolo,condizione,msg,tipo) VALUES ('PT',1210,'IMMTRAI',null,'NUMIMM','T.NUMIMM is not null','Valorizzare il campo','E');
		Insert into TAB_CONTROLLI (codapp,num,entita,sezione,titolo,condizione,msg,tipo) VALUES ('PT',1220,'IMMTRAI',null,'CUIIMM','T.CUIIMM is not null or exists (select 1 from piatri where piatri.contri=T.contri and tiprog=3)','Valorizzare il campo','E');
		Insert into TAB_CONTROLLI (codapp,num,entita,sezione,titolo,condizione,msg,tipo) VALUES ('PT',1230,'IMMTRAI',null,'DESIMM','T.DESIMM is not null','Valorizzare il campo','E');
		Insert into TAB_CONTROLLI (codapp,num,entita,sezione,titolo,condizione,msg,tipo) VALUES ('PT',1240,'IMMTRAI',null,'Codice ISTAT o NUTS del comune','T.COMIST is not null or T.NUTS is not null or exists (select 1 from piatri where piatri.contri=T.contri and tiprog=3)','Valorizzare uno dei due campi','E');
		Insert into TAB_CONTROLLI (codapp,num,entita,sezione,titolo,condizione,msg,tipo) VALUES ('PT',1250,'IMMTRAI',null,'TITCOR','T.TITCOR is not null or exists (select 1 from piatri where piatri.contri=T.contri and tiprog=3)','Valorizzare il campo','E');
		Insert into TAB_CONTROLLI (codapp,num,entita,sezione,titolo,condizione,msg,tipo) VALUES ('PT',1260,'IMMTRAI',null,'IMMDISP','T.IMMDISP is not null or exists (select 1 from piatri where piatri.contri=T.contri and tiprog=3)','Valorizzare il campo','E');
		Insert into TAB_CONTROLLI (codapp,num,entita,sezione,titolo,condizione,msg,tipo) VALUES ('PT',1270,'IMMTRAI',null,'PROGDISM','T.PROGDISM is not null or exists (select 1 from piatri where piatri.contri=T.contri and tiprog=3)','Valorizzare il campo','E');
		Insert into TAB_CONTROLLI (codapp,num,entita,sezione,titolo,condizione,msg,tipo) VALUES ('PT',1280,'IMMTRAI',null,'TIPDISP','(T.TIPDISP is not null or T.NUMOI is null) or exists (select 1 from piatri where piatri.contri=T.contri and tiprog=3)','Valorizzare il campo','E');
		Insert into TAB_CONTROLLI (codapp,num,entita,sezione,titolo,condizione,msg,tipo) VALUES ('PT',1290,'IMMTRAI',null,'VALIMM','T.VALIMM is not null','Valorizzare il campo','E');

		Insert into TAB_CONTROLLI (codapp,num,entita,sezione,titolo,condizione,msg,tipo) VALUES ('PT',1400,'INRTRI','Intervento non riproposto n. {0}',null,null,null,'T');
		Insert into TAB_CONTROLLI (codapp,num,entita,sezione,titolo,condizione,msg,tipo) VALUES ('PT',1410,'INRTRI',null,'CUPPRG','T.CUPPRG is not null','Valorizzare il campo','E');
		Insert into TAB_CONTROLLI (codapp,num,entita,sezione,titolo,condizione,msg,tipo) VALUES ('PT',1420,'INRTRI',null,'DESINT','T.DESINT is not null','Valorizzare il campo','E');
		Insert into TAB_CONTROLLI (codapp,num,entita,sezione,titolo,condizione,msg,tipo) VALUES ('PT',1430,'INRTRI',null,'TOTINT','T.TOTINT is not null','Valorizzare il campo','E');
		Insert into TAB_CONTROLLI (codapp,num,entita,sezione,titolo,condizione,msg,tipo) VALUES ('PT',1440,'INRTRI',null,'PRGINT','T.PRGINT is not null','Valorizzare il campo','E');
		Insert into TAB_CONTROLLI (codapp,num,entita,sezione,titolo,condizione,msg,tipo) VALUES ('PT',1450,'INRTRI',null,'MOTIVO','T.MOTIVO is not null','Valorizzare il campo','E');

		Insert into TAB_CONTROLLI (codapp,num,entita,sezione,titolo,condizione,msg,tipo) VALUES ('PT',1600,'RIS_CAPITOLO','Risorse per capitolo di bilancio n. {0}',null,null,null,'T');
		Insert into TAB_CONTROLLI (codapp,num,entita,sezione,titolo,condizione,msg,tipo) VALUES ('PT',1610,'RIS_CAPITOLO',null,'NCAPBIL','T.NCAPBIL is not null','Valorizzare il campo','E');


		Update C0CAMPI SET COC_CONTA=1 WHERE COC_MNE_UNI='CONTRI.PIATRI.PIANI';
		Update C0CAMPI SET COC_CONTA=1 WHERE COC_MNE_UNI='CONTRI.INRTRI.PIANI';
		Update C0CAMPI SET COC_CONTA=2 WHERE COC_MNE_UNI='CONINT.INRTRI.PIANI';
		Update C0CAMPI SET COC_CONTA=1 WHERE COC_MNE_UNI='CONTRI.OITRI.PIANI';
		Update C0CAMPI SET COC_CONTA=2 WHERE COC_MNE_UNI='NUMOI.OITRI.PIANI';
		Update C0CAMPI SET COC_CONTA=1 WHERE COC_MNE_UNI='ID.CUPDATI.PIANI';
		Update C0CAMPI SET COC_CONTA=1 WHERE COC_MNE_UNI='ID.CUPLOC.PIANI';
		Update C0CAMPI SET COC_CONTA=2 WHERE COC_MNE_UNI='NUM.CUPLOC.PIANI';
		Update C0CAMPI SET COC_CONTA=1 WHERE COC_MNE_UNI='CONTRI.ECOTRI.PIANI';
		Update C0CAMPI SET COC_CONTA=2 WHERE COC_MNE_UNI='CONECO.ECOTRI.PIANI';
		Update C0CAMPI SET COC_CONTA=1 WHERE COC_MNE_UNI='CONTRI.IMMTRAI.PIANI';
		Update C0CAMPI SET COC_CONTA=2 WHERE COC_MNE_UNI='CONINT.IMMTRAI.PIANI';
		Update C0CAMPI SET COC_CONTA=3 WHERE COC_MNE_UNI='NUMIMM.IMMTRAI.PIANI';
		Update C0CAMPI SET COC_CONTA=1 WHERE COC_MNE_UNI='CONTRI.INTTRI.PIANI';
		Update C0CAMPI SET COC_CONTA=2 WHERE COC_MNE_UNI='CONINT.INTTRI.PIANI';
		Update C0CAMPI SET COC_CONTA=1 WHERE COC_MNE_UNI='CONTRI.RIS_CAPITOLO.PIANI';
		Update C0CAMPI SET COC_CONTA=2 WHERE COC_MNE_UNI='CONINT.RIS_CAPITOLO.PIANI';
		Update C0CAMPI SET COC_CONTA=3 WHERE COC_MNE_UNI='NUMCB.RIS_CAPITOLO.PIANI';
		Update C0CAMPI SET COC_CONTA=1 WHERE COC_MNE_UNI='IDFLUSSO.PTFLUSSI.PIANI';

		Delete from C0CAMPI where COC_MNE_UNI in ('URCINT.INTTRI.PIANI','APCINT.INTTRI.PIANI', 'IM1INT.INTTRI.PIANI', 'IM2INT.INTTRI.PIANI', 'IM3INT.INTTRI.PIANI','TIPCAPPRIV.INTTRI.PIANI') or  COC_MNE_UNI like 'VA_TRI.IMMTRAI.PIANI';

		Insert into C0CAMPI (COC_CONTA,C0C_TIP,C0C_CHI,COC_MNE_UNI,C0C_MNE_BER,COC_DES,COC_DES_FRM,C0C_FS,C0C_TAB1,COC_DOM,COC_DES_WEB) values (0,'E',null,'NUMOI.IMMTRAI.PIANI','NUMOIIMMTRAI','Contatore opera (progressivo per programma)','Contatore opera','N6',null,null,'Contatore opera (progressivo per programma)');
		Insert into C0CAMPI (COC_CONTA,C0C_TIP,C0C_CHI,COC_MNE_UNI,C0C_MNE_BER,COC_DES,COC_DES_FRM,C0C_FS,C0C_TAB1,COC_DOM,COC_DES_WEB) values (0,'E',null,'DIM_QTA.OITRI.PIANI','DIMQTOITRP','Dimensionamento dell''opera (valore)','Dim.Val.Opera','F24.5',null,null,'Dimensionamento dell''opera (valore)');
		Insert into C0CAMPI (COC_CONTA,C0C_TIP,C0C_CHI,COC_MNE_UNI,C0C_MNE_BER,COC_DES,COC_DES_FRM,C0C_FS,C0C_TAB1,COC_DOM,COC_DES_WEB) values (0,'E',null,'DIM_UM.OITRI.PIANI','DIMUMOITRIP','Dimensionamento dell''opera (unita'' di misura)','Dim. opera','A15',null,null,'Dimensionamento dell''opera (unita'' di misura)');
		Insert into C0CAMPI (COC_CONTA,C0C_TIP,C0C_CHI,COC_MNE_UNI,C0C_MNE_BER,COC_DES,COC_DES_FRM,C0C_FS,C0C_TAB1,COC_DOM,COC_DES_WEB) values (0,'E',null,'FINANZIAMENTO.OITRI.PIANI','FINANOITRP','Finanziamento assegnato','Fin. assegnato','F24.5',null,'MONEY','Finanziamento assegnato');
		Insert into C0CAMPI (COC_CONTA,C0C_TIP,C0C_CHI,COC_MNE_UNI,C0C_MNE_BER,COC_DES,COC_DES_FRM,C0C_FS,C0C_TAB1,COC_DOM,COC_DES_WEB) values (0,'E',null,'FINANZA_PROGETTO.OITRI.PIANI','FINPRGOITRI','Finanza di progetto','Fin. progetto','A2',null,'SN','Finanza di progetto');
		Insert into C0CAMPI (COC_CONTA,C0C_TIP,C0C_CHI,COC_MNE_UNI,C0C_MNE_BER,COC_DES,COC_DES_FRM,C0C_FS,C0C_TAB1,COC_DOM,COC_DES_WEB) values (0,'E',null,'ISTAT.OITRI.PIANI','ISTATOIT','Codice ISTAT','Codice ISTAT','A20',null,null,'Codice ISTAT');
		Insert into C0CAMPI (COC_CONTA,C0C_TIP,C0C_CHI,COC_MNE_UNI,C0C_MNE_BER,COC_DES,COC_DES_FRM,C0C_FS,C0C_TAB1,COC_DOM,COC_DES_WEB) values (0,'E',null,'NUTS.OITRI.PIANI','NUTCODOI','Codice NUTS','Codice NUTS','A5',null,null,'Codice NUTS');
		Insert into C0CAMPI (COC_CONTA,C0C_TIP,C0C_CHI,COC_MNE_UNI,C0C_MNE_BER,COC_DES,COC_DES_FRM,C0C_FS,C0C_TAB1,COC_DOM,COC_DES_WEB) values (0,'E',null,'REQ_CAP.OITRI.PIANI','REQCAPOITRI','Opera rispondente a tutti i requisiti di capitolato?','Req. Capitolato?','A2',null,'SN','Opera rispondente a tutti i requisiti di capitolato?');
		Insert into C0CAMPI (COC_CONTA,C0C_TIP,C0C_CHI,COC_MNE_UNI,C0C_MNE_BER,COC_DES,COC_DES_FRM,C0C_FS,C0C_TAB1,COC_DOM,COC_DES_WEB) values (0,'E',null,'REQ_PRGE.OITRI.PIANI','REQPRGOITRI','Rispondente a tutti i requisiti ultimo progetto approvato?','Req.Ult.Progetto?','A2',null,'SN','Opera rispondente a tutti i requisiti dell''ultimo progetto approvato?');
		Insert into C0CAMPI (COC_CONTA,C0C_TIP,C0C_CHI,COC_MNE_UNI,C0C_MNE_BER,COC_DES,COC_DES_FRM,C0C_FS,C0C_TAB1,COC_DOM,COC_DES_WEB) values (0,'E',null,'SPONSORIZZAZIONE.OITRI.PIANI','SPONSOITRIP','Sponsorizzazione','Sponsorizzazione','A2',null,'SN','Sponsorizzazione');
		Insert into C0CAMPI (COC_CONTA,C0C_TIP,C0C_CHI,COC_MNE_UNI,C0C_MNE_BER,COC_DES,COC_DES_FRM,C0C_FS,C0C_TAB1,COC_DOM,COC_DES_WEB) values (0,'E',null,'INTERV.OITRI.PIANI','T2INTEOI','Classificazione intervento: categoria','Categoria','A100','PTj01',null,'Classificazione intervento: categoria');
		Insert into C0CAMPI (COC_CONTA,C0C_TIP,C0C_CHI,COC_MNE_UNI,C0C_MNE_BER,COC_DES,COC_DES_FRM,C0C_FS,C0C_TAB1,COC_DOM,COC_DES_WEB) values (0,'E',null,'SEZINT.OITRI.PIANI','T2SEZOIT','Classificazione intervento: Tipologia','Tipologia intervento','A100','PTx01',null,'Classificazione intervento: Tipologia');
		Insert into C0CAMPI (COC_CONTA,C0C_TIP,C0C_CHI,COC_MNE_UNI,C0C_MNE_BER,COC_DES,COC_DES_FRM,C0C_FS,C0C_TAB1,COC_DOM,COC_DES_WEB) values (0,'E',null,'COSTO.OITRI.PIANI','COSTOOITRP','Costo progetto','Costo progetto','F24.5',null,'MONEY','Costo progetto');
		Insert into C0CAMPI (COC_CONTA,C0C_TIP,C0C_CHI,COC_MNE_UNI,C0C_MNE_BER,COC_DES,COC_DES_FRM,C0C_FS,C0C_TAB1,COC_DOM,COC_DES_WEB) values (0,'E',null,'COP_ALTRAPUBBLICA.OITRI.PIANI','CPAPOITRI','Altra Pubblica','Altra Pubblica','A2',null,'SN','Altra Pubblica');
		Insert into C0CAMPI (COC_CONTA,C0C_TIP,C0C_CHI,COC_MNE_UNI,C0C_MNE_BER,COC_DES,COC_DES_FRM,C0C_FS,C0C_TAB1,COC_DOM,COC_DES_WEB) values (0,'E',null,'COP_COMUNITARIA.OITRI.PIANI','CPCMOITRI','Comunitaria','Comunitaria','A2',null,'SN','Comunitaria');
		Insert into C0CAMPI (COC_CONTA,C0C_TIP,C0C_CHI,COC_MNE_UNI,C0C_MNE_BER,COC_DES,COC_DES_FRM,C0C_FS,C0C_TAB1,COC_DOM,COC_DES_WEB) values (0,'E',null,'COP_COMUNALE.OITRI.PIANI','CPCOOITRI','Comunale','Comunale','A2',null,'SN','Comunale');
		Insert into C0CAMPI (COC_CONTA,C0C_TIP,C0C_CHI,COC_MNE_UNI,C0C_MNE_BER,COC_DES,COC_DES_FRM,C0C_FS,C0C_TAB1,COC_DOM,COC_DES_WEB) values (0,'E',null,'COP_PROVINCIALE.OITRI.PIANI','CPPROITRI','Provinciale','Provinciale','A2',null,'SN','Provinciale');
		Insert into C0CAMPI (COC_CONTA,C0C_TIP,C0C_CHI,COC_MNE_UNI,C0C_MNE_BER,COC_DES,COC_DES_FRM,C0C_FS,C0C_TAB1,COC_DOM,COC_DES_WEB) values (0,'E',null,'COP_PRIVATA.OITRI.PIANI','CPPVOITRI','Privata','Privata','A2',null,'SN','Privata');
		Insert into C0CAMPI (COC_CONTA,C0C_TIP,C0C_CHI,COC_MNE_UNI,C0C_MNE_BER,COC_DES,COC_DES_FRM,C0C_FS,C0C_TAB1,COC_DOM,COC_DES_WEB) values (0,'E',null,'COP_REGIONALE.OITRI.PIANI','CPREOITRI','Regionale','Regionale','A2',null,'SN','Regionale');
		Insert into C0CAMPI (COC_CONTA,C0C_TIP,C0C_CHI,COC_MNE_UNI,C0C_MNE_BER,COC_DES,COC_DES_FRM,C0C_FS,C0C_TAB1,COC_DOM,COC_DES_WEB) values (0,'E',null,'COP_STATALE.OITRI.PIANI','CPSTOITRI','Statale','Statale','A2',null,'SN','Statale');
		Insert into C0CAMPI (COC_CONTA,C0C_TIP,C0C_CHI,COC_MNE_UNI,C0C_MNE_BER,COC_DES,COC_DES_FRM,C0C_FS,C0C_TAB1,COC_DOM,COC_DES_WEB) values (0,'E',null,'ONERI_SITO.OITRI.PIANI','ONESIOITRP','Oneri Sito','Oneri Sito','F24.5',null,'MONEY','Oneri Sito');
		Insert into C0CAMPI (COC_CONTA,C0C_TIP,C0C_CHI,COC_MNE_UNI,C0C_MNE_BER,COC_DES,COC_DES_FRM,C0C_FS,C0C_TAB1,COC_DOM,COC_DES_WEB) values (0,'E',null,'CBNOTE.RIS_CAPITOLO.PIANI','T2NOTEECB','Note','Note','A2000',null,'NOTE','Note');
		
		Insert into C0CAMPI (COC_CONTA,C0C_TIP,C0C_CHI,COC_MNE_UNI,C0C_MNE_BER,COC_DES,COC_DES_FRM,C0C_FS,C0C_TAB1,COC_DOM,COC_DES_WEB) values (0,'E',null,'URCINT.INTTRI.PIANI','T2URCINT','Svolta verifica conformità urbanistica?','Conforme urb.ter.?','A2',null,'SN','Svolta verifica conformità urbanistica?');
		Insert into C0CAMPI (COC_CONTA,C0C_TIP,C0C_CHI,COC_MNE_UNI,C0C_MNE_BER,COC_DES,COC_DES_FRM,C0C_FS,C0C_TAB1,COC_DOM,COC_DES_WEB) values (0,'E',null,'APCINT.INTTRI.PIANI','T2APCINT','Svolta verifica conformità vincoli ambientali?','Conforme vinc.amb.?','A2',null,'SN','Svolta verifica conformità vincoli ambientali?');
		Insert into C0CAMPI (COC_CONTA,C0C_TIP,C0C_CHI,COC_MNE_UNI,C0C_MNE_BER,COC_DES,COC_DES_FRM,C0C_FS,C0C_TAB1,COC_DOM,COC_DES_WEB) values (0,'E',null,'VA1IMM.IMMTRAI.PIANI','T2IVA1INT','Valore stimato dell''immobile - primo anno','Val. stimato 1'' anno','F15',null,'MONEY','Valore stimato dell''immobile - primo anno');
		Insert into C0CAMPI (COC_CONTA,C0C_TIP,C0C_CHI,COC_MNE_UNI,C0C_MNE_BER,COC_DES,COC_DES_FRM,C0C_FS,C0C_TAB1,COC_DOM,COC_DES_WEB) values (0,'E',null,'VA2IMM.IMMTRAI.PIANI','T2IVA2INT','Valore stimato dell''immobile - secondo anno ','Val. stimato 2'' anno','F15',null,'MONEY','Valore stimato dell''immobile - secondo anno');
		Insert into C0CAMPI (COC_CONTA,C0C_TIP,C0C_CHI,COC_MNE_UNI,C0C_MNE_BER,COC_DES,COC_DES_FRM,C0C_FS,C0C_TAB1,COC_DOM,COC_DES_WEB) values (0,'E',null,'VA3IMM.IMMTRAI.PIANI','T2IVA3INT','Valore stimato dell''immobile - terzo anno','Val. stimato 3'' anno','F15',null,'MONEY','Valore stimato dell''immobile - terzo anno');
		Insert into C0CAMPI (COC_CONTA,C0C_TIP,C0C_CHI,COC_MNE_UNI,C0C_MNE_BER,COC_DES,COC_DES_FRM,C0C_FS,C0C_TAB1,COC_DOM,COC_DES_WEB) values (0,'E',null,'VA9IMM.IMMTRAI.PIANI','T2IVA9INT','Valore stimato dell''immobile - annualità successive','Valore ann. succ.','F24.5',null,'MONEY','Valore stimato dell''immobile - annualità successive');
		Insert into C0CAMPI (COC_CONTA,C0C_TIP,C0C_CHI,COC_MNE_UNI,C0C_MNE_BER,COC_DES,COC_DES_FRM,C0C_FS,C0C_TAB1,COC_DOM,COC_DES_WEB) values (0,'E',null,'ALIENATI.IMMTRAI.PIANI','T2ALIEN','Alienati per finanziamento e realizzazione di oopp','Alienati?','A2',null,'SN','Alienati per finanziamento e realizzazione di oopp');
		Insert into C0CAMPI (COC_CONTA,C0C_TIP,C0C_CHI,COC_MNE_UNI,C0C_MNE_BER,COC_DES,COC_DES_FRM,C0C_FS,C0C_TAB1,COC_DOM,COC_DES_WEB) values (0,'E',null,'IM9TRI.INTTRI.PIANI','T2IIM9TRI','Trasferimento immobili (annualità successive)','Imp. immob. succ.','F15',null,'MONEY','Trasferimento immobili (annualità successive)');

		Insert into C0CAMPI (COC_CONTA,C0C_TIP,C0C_CHI,COC_MNE_UNI,C0C_MNE_BER,COC_DES,COC_DES_FRM,C0C_FS,C0C_TAB1,COC_DOM,COC_DES_WEB) values (0,'E',null,'URLAPPROV.PIATRI.PIANI','T2URLAPPROV','Url atto di approvazione','Url atto approvaz.','A2000',null,null,'Url atto di approvazione');
		Insert into C0CAMPI (COC_CONTA,C0C_TIP,C0C_CHI,COC_MNE_UNI,C0C_MNE_BER,COC_DES,COC_DES_FRM,C0C_FS,C0C_TAB1,COC_DOM,COC_DES_WEB) values (0,'E',null,'URLADOZI.PIATRI.PIANI','T2URLADOZI','Url atto di adozione','Url atto adozione','A2000',null,null,'URL atto di adozione');
		Insert into C0CAMPI (COC_CONTA,C0C_TIP,C0C_CHI,COC_MNE_UNI,C0C_MNE_BER,COC_DES,COC_DES_FRM,C0C_FS,C0C_TAB1,COC_DOM,COC_DES_WEB) values (0,'E',null,'ID_RICEVUTO.PIATRI.PIANI','T2IDR','ID ricevuto','ID ricevuto','N10',null,null,'ID ricevuto');
		
		Update C0CAMPI set COC_DES='Opera fruibile parzialmente?',COC_DES_WEB='Opera fruibile parzialmente?' where COC_MNE_UNI='FRUIBILE.OITRI.PIANI';
		Update C0CAMPI set COC_DES='Cessione o trasferimento immobile a titolo corrispettivo',COC_DES_WEB='Cessione o trasferimento immobile a titolo corrispettivo' where COC_MNE_UNI='TITCOR.IMMTRAI.PIANI';
		Update C0CAMPI set COC_DES='Concessi in diritto di godimento',COC_DES_WEB='Concessi in diritto di godimento',coc_des_frm='Diritto di godimento' where COC_MNE_UNI='IMMDISP.IMMTRAI.PIANI';
		Update C0CAMPI set COC_DES='Tipologia apporto di capitale privato' where COC_MNE_UNI='TCPINT.INTTRI.PIANI';
		Update C0CAMPI set C0C_FS='A25' where COC_MNE_UNI='CUIINT.INTTRI.PIANI';
		Update C0CAMPI set C0C_FS='A25' where COC_MNE_UNI='CUIINT.INRTRI.PIANI';
		Update C0CAMPI set c0c_fs='A100',c0c_tab1='PT022',coc_dom=null where COC_MNE_UNI='ACQALTINT.INTTRI.PIANI';
		
		Update C0CAMPI set COC_DES='Sono presenti acq. verdi art. 34 Dlgs 50/2016', COC_DES_WEB='Sono presenti acq. verdi art. 34 Dlgs 50/2016', COC_DES_FRM='Acq.VerdiAr.34-Dlgs' where coc_des='Intervento riguardante acquisti verdi?';
		Update C0CAMPI set COC_DES='Codice AUSA del Soggetto delegato', COC_DES_WEB='Codice AUSA del Soggetto delegato' where coc_des='Codice AUSA del Soggetto aggregatore';
		Update C0CAMPI set COC_DES='Denominazione del Soggetto delegato', COC_DES_WEB='Denominazione del Soggetto delegato' where coc_des='Denominazione del Soggetto aggregatore';

		Update C0CAMPI set COC_DES='Subcategoria intervento' where COC_MNE_UNI='CATINT.INTTRI.PIANI';
		Update C0CAMPI set COC_DES='Classificazione intervento: ex sottocategoria' where COC_MNE_UNI='CLAINT.INTTRI.PIANI';
		Update C0CAMPI set COC_DES='Finalità dell''intervento' where COC_MNE_UNI='FIINTR.INTTRI.PIANI';
		Update C0CAMPI set COC_DES='Classificazione intervento: ex categoria' where COC_MNE_UNI='SETINT.INTTRI.PIANI';
		Update C0CAMPI set COC_DES='Classificazione intervento: Tipologia' where COC_MNE_UNI='SEZINT.INTTRI.PIANI';
		Update C0CAMPI set COC_DES='Stato Progettazione approvata' where COC_MNE_UNI='STAPRO.INTTRI.PIANI';
		
		Update C0CAMPI set C0C_TAB1='PTx08' WHERE COC_MNE_UNI = 'TCPINT.INTTRI.PIANI';
		Update C0CAMPI set C0C_TAB1='PTx09' WHERE COC_MNE_UNI = 'STAPRO.INTTRI.PIANI';

		Update C0CAMPI set C0C_FS='A2000' where COC_MNE_UNI='NOTSCHE4.PIATRI.PIANI';

		Delete from  TAB1 where TAB1COD in ('PT010','PT011');
		Insert into TAB1 (TAB1COD,TAB1TIP,TAB1DESC,TAB1MOD,TAB1NORD,TAB1ARC) values ('PT010',1,'Modifica ex art.7 comma 8 lettera b)','2',1,null);
		Insert into TAB1 (TAB1COD,TAB1TIP,TAB1DESC,TAB1MOD,TAB1NORD,TAB1ARC) values ('PT010',2,'Modifica ex art.7 comma 8 lettera c)','2',2,null);
		Insert into TAB1 (TAB1COD,TAB1TIP,TAB1DESC,TAB1MOD,TAB1NORD,TAB1ARC) values ('PT010',3,'Modifica ex art.7 comma 8 lettera d)','2',3,null);
		Insert into TAB1 (TAB1COD,TAB1TIP,TAB1DESC,TAB1MOD,TAB1NORD,TAB1ARC) values ('PT010',4,'Modifica ex art.7 comma 8 lettera e)','2',4,null);
		Insert into TAB1 (TAB1COD,TAB1TIP,TAB1DESC,TAB1MOD,TAB1NORD,TAB1ARC) values ('PT010',5,'Modifica ex art.7 comma 9','2',5,null);
		Insert into TAB1 (TAB1COD,TAB1TIP,TAB1DESC,TAB1MOD,TAB1NORD,TAB1ARC) values ('PT011',1,'Modifica ex art.5 comma 9 lettera b)','2',1,null);
		Insert into TAB1 (TAB1COD,TAB1TIP,TAB1DESC,TAB1MOD,TAB1NORD,TAB1ARC) values ('PT011',2,'Modifica ex art.5 comma 9 lettera c)','2',2,null);
		Insert into TAB1 (TAB1COD,TAB1TIP,TAB1DESC,TAB1MOD,TAB1NORD,TAB1ARC) values ('PT011',3,'Modifica ex art.5 comma 9 lettera d)','2',3,null);
		Insert into TAB1 (TAB1COD,TAB1TIP,TAB1DESC,TAB1MOD,TAB1NORD,TAB1ARC) values ('PT011',4,'Modifica ex art.5 comma 9 lettera e)','2',4,null);
		Insert into TAB1 (TAB1COD,TAB1TIP,TAB1DESC,TAB1MOD,TAB1NORD,TAB1ARC) values ('PT011',5,'Modifica ex art.5 comma 11','2',5,null);
		
		Delete from TAB1 where TAB1COD='PT016';
		Insert into TAB1 (TAB1COD,TAB1TIP,TAB1DESC,TAB1MOD,TAB1NORD,TAB1ARC) VALUES ('PT016',1,'Cessione della titolarità dell''opera ad altro ente pubblico',null,1.00,null);
		Insert into TAB1 (TAB1COD,TAB1TIP,TAB1DESC,TAB1MOD,TAB1NORD,TAB1ARC) VALUES ('PT016',2,'Cessione della titolarità dell''opera a soggetto esercente una funzione pubblica',null,2.00,null);
		Insert into TAB1 (TAB1COD,TAB1TIP,TAB1DESC,TAB1MOD,TAB1NORD,TAB1ARC) VALUES ('PT016',3,'Vendita al mercato privato',null,3.00,null);
		Insert into TAB1 (TAB1COD,TAB1TIP,TAB1DESC,TAB1MOD,TAB1NORD,TAB1ARC) VALUES ('PT016',4,'Disponibilità come fonte di finanziamento per realizzazione di intervento ai sensi del c. 5 art.21',null,4.00,null);
		
		Insert into TAB1 (TAB1COD,TAB1TIP,TAB1DESC,TAB1MOD,TAB1NORD,TAB1ARC) values ('PT022',1,'No','2',1,null);
		Insert into TAB1 (TAB1COD,TAB1TIP,TAB1DESC,TAB1MOD,TAB1NORD,TAB1ARC) values ('PT022',2,'Sì','2',2,null);
		Insert into TAB1 (TAB1COD,TAB1TIP,TAB1DESC,TAB1MOD,TAB1NORD,TAB1ARC) values ('PT022',3,'Sì, con CUI non ancora attribuito','2',3,null);
		Insert into TAB1 (TAB1COD,TAB1TIP,TAB1DESC,TAB1MOD,TAB1NORD,TAB1ARC) values ('PT022',4,'Sì, interventi o acquisti diversi','2',4,null);
		
		-- tipologia apporto capitale privato
		Delete from TAB1 where TAB1COD='PT009';
		Insert into TAB3 (TAB3COD,TAB3TIP,TAB3DESC,TAB3MOD,TAB3NORD,TAB3ARC) values ('PTx08','1','Finanza di progetto',null,1,null);
		Insert into TAB3 (TAB3COD,TAB3TIP,TAB3DESC,TAB3MOD,TAB3NORD,TAB3ARC) values ('PTx08','2','Concessione',null,2,null);
		Insert into TAB3 (TAB3COD,TAB3TIP,TAB3DESC,TAB3MOD,TAB3NORD,TAB3ARC) values ('PTx08','3','Sponsorizzazione',null,3,null);
		Insert into TAB3 (TAB3COD,TAB3TIP,TAB3DESC,TAB3MOD,TAB3NORD,TAB3ARC) values ('PTx08','4','Società partecipate o di scopo',null,4,null);
		Insert into TAB3 (TAB3COD,TAB3TIP,TAB3DESC,TAB3MOD,TAB3NORD,TAB3ARC) values ('PTx08','5','Locazione finanziaria',null,5,null);
		Insert into TAB3 (TAB3COD,TAB3TIP,TAB3DESC,TAB3MOD,TAB3NORD,TAB3ARC) values ('PTx08','6','Contratto di disponibilità ',null,6,null);
		Insert into TAB3 (TAB3COD,TAB3TIP,TAB3DESC,TAB3MOD,TAB3NORD,TAB3ARC) values ('PTx08','9','Altro',null,9,null);

		-- Satato progettazione approvato
		Delete from TAB1 where TAB1COD='PT012';
		Insert into TAB3 (TAB3COD,TAB3TIP,TAB3DESC,TAB3MOD,TAB3NORD,TAB3ARC) values ('PTx09','1','Progetto di fattibilità tecnico-economica: documento di fattibilità delle alternative progettuali',null,1,null);
		Insert into TAB3 (TAB3COD,TAB3TIP,TAB3DESC,TAB3MOD,TAB3NORD,TAB3ARC) values ('PTx09','2','Progetto di fattibilità tecnico-economica: documento finale',null,2,null);
		Insert into TAB3 (TAB3COD,TAB3TIP,TAB3DESC,TAB3MOD,TAB3NORD,TAB3ARC) values ('PTx09','3','Progetto definitivo',null,3,null);
		Insert into TAB3 (TAB3COD,TAB3TIP,TAB3DESC,TAB3MOD,TAB3NORD,TAB3ARC) values ('PTx09','4','Progetto esecutivo',null,4,null);


		-- Classificazione intervento: Tipologia
		Delete from TAB3 where TAB3cod='PTx01';
		Insert into TAB3 (TAB3COD,TAB3TIP,TAB3DESC,TAB3MOD,TAB3NORD,TAB3ARC) VALUES
		('PTx01','01','01 - Nuova realizzazione',null,1,null),
		('PTx01','02','02 - Demolizione',null,2,null),
		('PTx01','03','03 - Recupero',null,3,null),
		('PTx01','04','04 - Ristrutturazione',null,4,null),
		('PTx01','05','05 - Restauro',null,5,null),
		('PTx01','08','08 - Ristrutturazione con efficientamento energetico',null,6,null),
		('PTx01','09','09 - Manutenzione straordinaria con efficientamento energetico',null,7,null),
		('PTx01','06','06 - Manutenzione ordinaria',null,8,null),
		('PTx01','07','07 - Manutenzione straordinaria',null,9,null),
		('PTx01','58','58 - Ampliamento o potenziamento',null,10,null),
		('PTx01','60','60 - Ammodernamento tecnologico e laboratoriale',null,11,null),
		('PTx01','59','59 - Lavori socialmente utili',null,12,null),
		('PTx01','99','99 - Altro',null,13,null);

		-- Classificazione intervento: categoria
		Delete from TAB5 where TAB5COD='PTj01';
		Insert into TAB5 (TAB5COD,TAB5TIP,TAB5DESC,TAB5MOD,TAB5NORD,TAB5ARC) VALUES
		('PTj01','01.01','01.01 - Stradali',null,1,null),
		('PTj01','01.02','01.02 - Aeroportuali',null,2,null),
		('PTj01','01.03','01.03 - Ferrovie',null,3,null),
		('PTj01','01.04','01.04 - Marittime lacuali e fluviali',null,4,null),
		('PTj01','01.05','01.05 - Trasporto urbano',null,5,null),
		('PTj01','01.06','01.06 - Trasporti multimodali e altre modalita'' di trasporto',null,6,null),
		('PTj01','02.05','02.05 - Difesa del suolo',null,7,null),
		('PTj01','02.10','02.10 - Smaltimento rifiuti',null,8,null),
		('PTj01','02.11','02.11 - Protezione, valorizzazione e fruizione dell''ambiente',null,9,null),
		('PTj01','02.12','02.12 - Riassetto e recupero di siti urbani e produttivi',null,10,null),
		('PTj01','02.15','02.15 - Risorse idriche e acque reflue',null,11,null),
		('PTj01','03.06','03.06 - Produzione di energia',null,12,null),
		('PTj01','03.16','03.16 - Distribuzione di energia',null,13,null),
		('PTj01','04.39','04.39 - Infrastrutture per l''attrezzatura di aree produttive',null,14,null),
		('PTj01','05.08','05.08 - Sociali e scolastiche',null,15,null),
		('PTj01','05.10','05.10 - Abitative',null,16,null),
		('PTj01','05.11','05.11 - Beni culturali',null,17,null),
		('PTj01','05.12','05.12 - Sport, spettacolo e tempo libero',null,18,null),
		('PTj01','05.30','05.30 - Sanitarie',null,19,null),
		('PTj01','05.31','05.31 - Culto',null,20,null),
		('PTj01','05.32','05.32 - Difesa',null,21,null),
		('PTj01','05.33','05.33 - Direzionali e amministrative',null,22,null),
		('PTj01','05.34','05.34 - Giudiziarie e penitenziarie',null,23,null),
		('PTj01','05.36','05.36 - Pubblica sicurezza',null,24,null),
		('PTj01','05.99','05.99 - Altre infrastrutture sociali',null,25,null),
		('PTj01','06.02','06.02 - Opere, impianti ed attrezzature per il settore silvo-forestale',null,26,null),
		('PTj01','06.13','06.13 - Opere, impianti ed attrezzature per l''agricoltura, la zootecnia e l''agroalimentare',null,27,null),
		('PTj01','06.14','06.14 - Impianti ed attrezzature per la pesca e l''acquacoltura',null,28,null),
		('PTj01','06.39','06.39 - Opere, impianti ed attrezzature per attivita'' industriali e l''artigianato',null,29,null),
		('PTj01','06.40','06.40 - Opere e infrastrutture per la ricerca',null,30,null),
		('PTj01','06.41','06.41 - Opere e strutture per il turismo',null,31,null),
		('PTj01','06.42','06.42 - Strutture ed attrezzature per il commercio e i servizi',null,32,null),
		('PTj01','06.43','06.43 - Opere e infrastrutture per l''impresa sociale',null,33,null),
		('PTj01','07.17','07.17 - Infrastrutture per telecomunicazioni',null,34,null),
		('PTj01','07.18','07.18 - Tecnologie informatiche',null,35,null),
		-- servizi
		('PTj01','08.60','08.60 - Progetti di diffusione e cooperazione pubblico-privata',null,36,null),
		('PTj01','08.61','08.61 - Progetti di ricerca presso universita'' e istituti di ricerca',null,37,null),
		('PTj01','08.62','08.62 - Progetti di ricerca e  di innovazione presso imprese',null,38,null),
		('PTj01','09.20','09.20 - Servizi alle imprese agricole, forestali e della pesca',null,39,null),
		('PTj01','09.21','09.21 - Servizi alle imprese industriali',null,40,null),
		('PTj01','09.22','09.22 - Servizi alle imprese turistiche',null,41,null),
		('PTj01','09.23','09.23 - Servizi di intermediazione finanziaria',null,42,null),
		('PTj01','09.25','09.25 - Servizi alle imprese del commercio',null,43,null),
		('PTj01','09.26','09.26 - Servizi alle nuove imprese (start up) e alle imprese sociali',null,44,null),
		('PTj01','10.01','10.01 - Servizi e tecnologie per l''informazione e le comunicazioni',null,45,null),
		('PTj01','10.02','10.02 - Servizi e applicazioni informatiche per i cittadini e le imprese',null,46,null),
		('PTj01','10.03','10.03 - Azioni innovatrici',null,47,null),
		('PTj01','10.30','10.30 - Servizi a supporto dello sviluppo e della qualificazione del sistema del lavoro',null,48,null),
		('PTj01','10.32','10.32 - Dispositivi e strumenti a supporto della qualificazione del sistema dell''offerta di formazione',null,49,null),
		('PTj01','10.33','10.33 - Dispositivi e strumenti a supporto della qualificazione del sistema dell''offerta di istruzione',null,50,null),
		('PTj01','10.34','10.34 - Dispositivi e strumenti a supporto dell''integrazione fra sistemi',null,51,null),
		('PTj01','10.35','10.35 - Dispositivi e strumenti a supporto della qualificazione nel sistema dei servizi sociali',null,52,null),
		('PTj01','10.41','10.41 - Servizi di assistenza tecnica alla P.A.',null,53,null),
		('PTj01','10.43','10.43 - Servizi di orientamento e accompagnamento al lavoro',null,54,null),
		('PTj01','10.92','10.92 - Servizi ai dipendenti di imprese produttive',null,55,null),
		('PTj01','10.93','10.93 - Servizi essenziali per la popolazione rurale',null,56,null),
		('PTj01','10.94','10.94 - Assistenza sociale e servizi alla persona',null,57,null),
		('PTj01','10.99','10.99 - Altri servizi per la collettivita''',null,58,null),
		('PTj01','11.70','11.70 - Scuola e istruzione',null,59,null),
		('PTj01','11.71','11.71 - Formazione per il lavoro',null,60,null),
		('PTj01','11.72','11.72 - Altri strumenti formativi e di work-experience',null,61,null),
		('PTj01','11.75','11.75 - Contributi ed incentivi al lavoro',null,62,null),
		('PTj01','11.80','11.80 - Altri sostegni per il mercato del lavoro',null,63,null);

		
		
		Update C0CAMPI SET C0C_TAB1='PT010', C0C_FS = 'A100', COC_DOM = null WHERE COC_MNE_UNI = 'VARIATO.INTTRI.PIANI';
		
		Update C0CAMPI set COC_DES='Numero provvedimento adozione', COC_DES_WEB='Numero provvedimento adozione', C0C_FS='A50' where COC_MNE_UNI = 'NADOZI.PIATRI.PIANI';
		Update C0CAMPI set COC_DES='Numero provvedimento approvazione', COC_DES_WEB='Numero provvedimento approvazione', C0C_FS='A50' where COC_MNE_UNI = 'NAPTRI.PIATRI.PIANI';

		Insert into C0CAMPI (COC_CONTA,C0C_TIP,C0C_CHI,COC_MNE_UNI,C0C_MNE_BER,COC_DES,COC_DES_FRM,C0C_FS,C0C_TAB1,COC_DOM,COC_DES_WEB) values (0,'E',null,'DPADOZI.PIATRI.PIANI','T2DTPUBADOZ','Data pubblicazione','Data pubblicazione','A10',null,'DATA_ELDA','Data pubblicazione');
		Insert into C0CAMPI (COC_CONTA,C0C_TIP,C0C_CHI,COC_MNE_UNI,C0C_MNE_BER,COC_DES,COC_DES_FRM,C0C_FS,C0C_TAB1,COC_DOM,COC_DES_WEB) values (0,'E',null,'DPAPPROV.PIATRI.PIANI','T2DTPUBAPP','Data pubblicazione','Data pubblicazione','A10',null,'DATA_ELDA','Data pubblicazione');
		Insert into C0CAMPI (COC_CONTA,C0C_TIP,C0C_CHI,COC_MNE_UNI,C0C_MNE_BER,COC_DES,COC_DES_FRM,C0C_FS,C0C_TAB1,COC_DOM,COC_DES_WEB) values (0,'E',null,'TITADOZI.PIATRI.PIANI','T2TITOLOADOZ','Titolo del documento','Titolo','A250',null,null,'Titolo');
		Insert into C0CAMPI (COC_CONTA,C0C_TIP,C0C_CHI,COC_MNE_UNI,C0C_MNE_BER,COC_DES,COC_DES_FRM,C0C_FS,C0C_TAB1,COC_DOM,COC_DES_WEB) values (0,'E',null,'TITAPPROV.PIATRI.PIANI','T2TITOLOAPP','Titolo del documento','Titolo','A250',null,null,'Titolo');

		Insert into C0CAMPI (COC_CONTA,C0C_TIP,C0C_CHI,COC_MNE_UNI,C0C_MNE_BER,COC_DES,COC_DES_FRM,C0C_FS,C0C_TAB1,COC_DOM,COC_DES_WEB) values (0,'E',null,'SYSCON.PIATRI.PIANI','T2SYSCON','Utente','Utente','N12',null,null,'Utente');
		Insert into C0CAMPI (COC_CONTA,C0C_TIP,C0C_CHI,COC_MNE_UNI,C0C_MNE_BER,COC_DES,COC_DES_FRM,C0C_FS,C0C_TAB1,COC_DOM,COC_DES_WEB) values (0,'E',null,'IDUFFICIO.PIATRI.PIANI','PIAIDUFF','ID ufficio','ID ufficio','N10',null,null,'ID ufficio');

		Insert into W_OGGETTI (TIPO,OGGETTO,DESCR,ORD) values ('FUNZ','ALT.PIANI.APPLICA-FILTRO-UTENTE','Applica filtro utente su Programmi',6100);

		Insert into W_AZIONI (TIPO,AZIONE,OGGETTO,DESCR,VALORE,INOR,VISELENCO,CRC) values ('FUNZ','VIS','ALT.PIANI.APPLICA-FILTRO-UTENTE','Visualizza',0,1,1,3894478462);
		Insert into W_AZIONI (TIPO,AZIONE,OGGETTO,DESCR,VALORE,INOR,VISELENCO,CRC) values ('COLS','VIS','PIANI.PIATRI.SYSCON','Visualizza',0,1,1,3792932967);
		Insert into W_AZIONI (TIPO,AZIONE,OGGETTO,DESCR,VALORE,INOR,VISELENCO,CRC) values ('COLS','VIS','PIANI.INTTRI.COPFIN','Visualizza',0,1,1,1479473519);

		Insert into w_note (tipo,oggetto,prog,modovis,nota) VALUES (2,'PIANI.PIATRI-scheda.FLUSSIPROGRAMMI',0,'1','<b>ATTENZIONE: solo per i programmi nel nuovo tracciato, dopo aver effettuato la Pubblicazione del programma non sarà più possibile effettuare modifiche!</b><div>Per aggiornare il programma è possibile effettuarne una copia, ritornando alla lista dei programmi, dal menu pop-up.&nbsp;</div><div>Si rimanda la manuale d''uso per ulteriori dettagli.&nbsp;<span style="font-size: smaller;"><span style="font-size: larger;">Per i programmi antecedenti il DM 14 del 16/01/2018 rimane invece la possibilità di apportare aggiornamenti e ripubblicare il medesimo programma.</span></span></div>');


		Update W_CONFIG set valore='2' where chiave like 'it.eldasoft.pt.norma.%';

		Update ELDAVER set NUMVER='4.0.0', DATVET=CURRENT_TIMESTAMP where CODAPP='PT';


	END IF;
end@

call aggiorna@
drop procedure aggiorna@
--#SET TERMINATOR @

UPDATE COMMAND OPTIONS USING s OFF@
DROP procedure ASSEGNA_GRANT@


CREATE PROCEDURE ASSEGNA_GRANT ()
BEGIN
  DECLARE EOF INT DEFAULT 0;
  DECLARE S_SQL VARCHAR(200);
  DECLARE S_TABELLA VARCHAR(50);
  DECLARE S_USER VARCHAR(50);
  
  DECLARE C1 CURSOR FOR select TABNAME from SYSCAT.TABLES where TABSCHEMA =CURRENT SCHEMA and BASE_TABSCHEMA is null and status='N';
  DECLARE C2 CURSOR FOR select SEQNAME from SYSCAT.SEQUENCES where SEQSCHEMA =CURRENT SCHEMA;
  DECLARE CONTINUE HANDLER FOR NOT FOUND SET EOF = 1;

	SET S_USER=CURRENT SCHEMA;
	SET S_USER=S_USER || ',SSELDAS';	--------		Utente Eldasoft			----------------
	SET S_USER=S_USER || ',LM07421';	--------	Utente Luca Menegatti	----------------

  OPEN C1;
  WHILE EOF = 0 DO
    FETCH FROM C1 INTO S_TABELLA;
  	SET S_SQL = 'GRANT SELECT,INSERT,UPDATE,DELETE ON TABLE ' || S_TABELLA || ' TO USER ' || S_USER;
  	EXECUTE IMMEDIATE S_SQL;
  END WHILE;
  CLOSE C1;


  OPEN C2;
  WHILE EOF = 0 DO
    FETCH FROM C2 INTO S_TABELLA;
  	SET S_SQL = 'GRANT USAGE ON SEQUENCE ' || S_TABELLA || ' TO ' || S_USER;
  	EXECUTE IMMEDIATE S_SQL;
  END WHILE;
  CLOSE C2;
END@

call ASSEGNA_GRANT@
drop procedure ASSEGNA_GRANT@
UPDATE COMMAND OPTIONS USING s ON@

--#SET TERMINATOR ;



Delete from W_ACCPRO where COD_PROFILO='SA-APPA' and ID_ACCOUNT=50;
Delete from W_PROAZI where COD_PROFILO='SA-APPA';
Delete from W_PROFILI where COD_PROFILO='SA-APPA';

Insert into W_PROFILI (COD_PROFILO,CODAPP,NOME,DESCRIZIONE,FLAG_INTERNO,DISCRIMINANTE,COD_CLIENTE,CRC) values ('SA-APPA','W9','Comunicazioni di eventi di contratti','Comunicazioni di eventi di contratti di lavori, forniture e servizi',0,null,1091,2973266656);

Insert into W_PROAZI (COD_PROFILO,TIPO,AZIONE,OGGETTO,VALORE,CRC) values ('SA-APPA','COLS','MAN','GENE.IMPR.CFIMP',1,2065006782);
Insert into W_PROAZI (COD_PROFILO,TIPO,AZIONE,OGGETTO,VALORE,CRC) values ('SA-APPA','COLS','MAN','GENE.IMPR.NOMEST',1,3277781792);
Insert into W_PROAZI (COD_PROFILO,TIPO,AZIONE,OGGETTO,VALORE,CRC) values ('SA-APPA','COLS','MAN','GENE.TECNI.CFTEC',1,3376415354);
Insert into W_PROAZI (COD_PROFILO,TIPO,AZIONE,OGGETTO,VALORE,CRC) values ('SA-APPA','COLS','MAN','GENE.TECNI.NOMTEC',1,3922502992);
Insert into W_PROAZI (COD_PROFILO,TIPO,AZIONE,OGGETTO,VALORE,CRC) values ('SA-APPA','COLS','MAN','GENE.TEIM.NOMTIM',1,570191537);
Insert into W_PROAZI (COD_PROFILO,TIPO,AZIONE,OGGETTO,VALORE,CRC) values ('SA-APPA','COLS','MAN','GENE.UFFINT.NOMEIN',1,231133415);
Insert into W_PROAZI (COD_PROFILO,TIPO,AZIONE,OGGETTO,VALORE,CRC) values ('SA-APPA','COLS','MOD','W9.CENTRICOSTO.CODCENTRO',0,355651080);
Insert into W_PROAZI (COD_PROFILO,TIPO,AZIONE,OGGETTO,VALORE,CRC) values ('SA-APPA','COLS','MOD','W9.CENTRICOSTO.DENOMCENTRO',0,3492203994);
Insert into W_PROAZI (COD_PROFILO,TIPO,AZIONE,OGGETTO,VALORE,CRC) values ('SA-APPA','COLS','MOD','W9.W9GARA.CIG_ACCQUADRO',0,1019789729);
Insert into W_PROAZI (COD_PROFILO,TIPO,AZIONE,OGGETTO,VALORE,CRC) values ('SA-APPA','COLS','MOD','W9.W9GARA.IDAVGARA',0,4149243513);
Insert into W_PROAZI (COD_PROFILO,TIPO,AZIONE,OGGETTO,VALORE,CRC) values ('SA-APPA','COLS','MOD','W9.W9GARA.IMPORTO_GARA',0,3761403478);
Insert into W_PROAZI (COD_PROFILO,TIPO,AZIONE,OGGETTO,VALORE,CRC) values ('SA-APPA','COLS','MOD','W9.W9GARA.OGGETTO',0,3152215435);
Insert into W_PROAZI (COD_PROFILO,TIPO,AZIONE,OGGETTO,VALORE,CRC) values ('SA-APPA','COLS','MOD','W9.W9GARA.TIPO_APP',0,3563532698);
Insert into W_PROAZI (COD_PROFILO,TIPO,AZIONE,OGGETTO,VALORE,CRC) values ('SA-APPA','COLS','MOD','W9.W9LOTT.ART_E1',0,4033447942);
Insert into W_PROAZI (COD_PROFILO,TIPO,AZIONE,OGGETTO,VALORE,CRC) values ('SA-APPA','COLS','MOD','W9.W9LOTT.CIG',0,2486431594);
Insert into W_PROAZI (COD_PROFILO,TIPO,AZIONE,OGGETTO,VALORE,CRC) values ('SA-APPA','COLS','MOD','W9.W9LOTT.CUP',0,2223780328);
Insert into W_PROAZI (COD_PROFILO,TIPO,AZIONE,OGGETTO,VALORE,CRC) values ('SA-APPA','COLS','MOD','W9.W9LOTT.IMPORTO_ATTUAZIONE_SICUREZZA',0,3038640184);
Insert into W_PROAZI (COD_PROFILO,TIPO,AZIONE,OGGETTO,VALORE,CRC) values ('SA-APPA','COLS','MOD','W9.W9LOTT.IMPORTO_LOTTO',0,3161837935);
Insert into W_PROAZI (COD_PROFILO,TIPO,AZIONE,OGGETTO,VALORE,CRC) values ('SA-APPA','COLS','MOD','W9.W9LOTT.OGGETTO',0,2619871705);
Insert into W_PROAZI (COD_PROFILO,TIPO,AZIONE,OGGETTO,VALORE,CRC) values ('SA-APPA','COLS','VIS','*',1,4179291998);
Insert into W_PROAZI (COD_PROFILO,TIPO,AZIONE,OGGETTO,VALORE,CRC) values ('SA-APPA','COLS','VIS','GENE.CATE.*',0,370569137);
Insert into W_PROAZI (COD_PROFILO,TIPO,AZIONE,OGGETTO,VALORE,CRC) values ('SA-APPA','COLS','VIS','GENE.IMPDTE.*',0,330687099);
Insert into W_PROAZI (COD_PROFILO,TIPO,AZIONE,OGGETTO,VALORE,CRC) values ('SA-APPA','COLS','VIS','GENE.IMPR.CODIMP',0,3867247338);
Insert into W_PROAZI (COD_PROFILO,TIPO,AZIONE,OGGETTO,VALORE,CRC) values ('SA-APPA','COLS','VIS','GENE.IMPR.DANTIM',0,160075319);
Insert into W_PROAZI (COD_PROFILO,TIPO,AZIONE,OGGETTO,VALORE,CRC) values ('SA-APPA','COLS','VIS','GENE.IMPR.DCCIAA',0,3154606715);
Insert into W_PROAZI (COD_PROFILO,TIPO,AZIONE,OGGETTO,VALORE,CRC) values ('SA-APPA','COLS','VIS','GENE.IMPR.DCERCC',0,2246961577);
Insert into W_PROAZI (COD_PROFILO,TIPO,AZIONE,OGGETTO,VALORE,CRC) values ('SA-APPA','COLS','VIS','GENE.IMPR.DISCIF',0,1402202500);
Insert into W_PROAZI (COD_PROFILO,TIPO,AZIONE,OGGETTO,VALORE,CRC) values ('SA-APPA','COLS','VIS','GENE.IMPR.GFIIMP',0,3444650880);
Insert into W_PROAZI (COD_PROFILO,TIPO,AZIONE,OGGETTO,VALORE,CRC) values ('SA-APPA','COLS','VIS','GENE.IMPR.MGSFLG',0,3557805759);
Insert into W_PROAZI (COD_PROFILO,TIPO,AZIONE,OGGETTO,VALORE,CRC) values ('SA-APPA','COLS','VIS','GENE.IMPR.NCERCC',0,563984103);
Insert into W_PROAZI (COD_PROFILO,TIPO,AZIONE,OGGETTO,VALORE,CRC) values ('SA-APPA','COLS','VIS','GENE.IMPR.PCCIAA',0,798409382);
Insert into W_PROAZI (COD_PROFILO,TIPO,AZIONE,OGGETTO,VALORE,CRC) values ('SA-APPA','COLS','VIS','GENE.IMPR.REGDIT',0,1344076067);
Insert into W_PROAZI (COD_PROFILO,TIPO,AZIONE,OGGETTO,VALORE,CRC) values ('SA-APPA','COLS','VIS','GENE.IMPR.TIPIMP',0,130151157);
Insert into W_PROAZI (COD_PROFILO,TIPO,AZIONE,OGGETTO,VALORE,CRC) values ('SA-APPA','COLS','VIS','GENE.TECNI.*',0,2991376634);
Insert into W_PROAZI (COD_PROFILO,TIPO,AZIONE,OGGETTO,VALORE,CRC) values ('SA-APPA','COLS','VIS','GENE.TECNI.CAPTEC',1,2262503981);
Insert into W_PROAZI (COD_PROFILO,TIPO,AZIONE,OGGETTO,VALORE,CRC) values ('SA-APPA','COLS','VIS','GENE.TECNI.CFTEC',1,3479026769);
Insert into W_PROAZI (COD_PROFILO,TIPO,AZIONE,OGGETTO,VALORE,CRC) values ('SA-APPA','COLS','VIS','GENE.TECNI.CITTEC',1,2668115584);
Insert into W_PROAZI (COD_PROFILO,TIPO,AZIONE,OGGETTO,VALORE,CRC) values ('SA-APPA','COLS','VIS','GENE.TECNI.CODTEC',0,1589015177);
Insert into W_PROAZI (COD_PROFILO,TIPO,AZIONE,OGGETTO,VALORE,CRC) values ('SA-APPA','COLS','VIS','GENE.TECNI.COGTEI',1,2499727429);
Insert into W_PROAZI (COD_PROFILO,TIPO,AZIONE,OGGETTO,VALORE,CRC) values ('SA-APPA','COLS','VIS','GENE.TECNI.EMA2TEC',1,3901951948);
Insert into W_PROAZI (COD_PROFILO,TIPO,AZIONE,OGGETTO,VALORE,CRC) values ('SA-APPA','COLS','VIS','GENE.TECNI.EMATEC',1,3477690718);
Insert into W_PROAZI (COD_PROFILO,TIPO,AZIONE,OGGETTO,VALORE,CRC) values ('SA-APPA','COLS','VIS','GENE.TECNI.FAXTEC',1,3834869323);
Insert into W_PROAZI (COD_PROFILO,TIPO,AZIONE,OGGETTO,VALORE,CRC) values ('SA-APPA','COLS','VIS','GENE.TECNI.INDTEC',1,1184747252);
Insert into W_PROAZI (COD_PROFILO,TIPO,AZIONE,OGGETTO,VALORE,CRC) values ('SA-APPA','COLS','VIS','GENE.TECNI.LOCTEC',1,1842999014);
Insert into W_PROAZI (COD_PROFILO,TIPO,AZIONE,OGGETTO,VALORE,CRC) values ('SA-APPA','COLS','VIS','GENE.TECNI.MGSFLG',0,2713166260);
Insert into W_PROAZI (COD_PROFILO,TIPO,AZIONE,OGGETTO,VALORE,CRC) values ('SA-APPA','COLS','VIS','GENE.TECNI.NCITEC',1,3342083861);
Insert into W_PROAZI (COD_PROFILO,TIPO,AZIONE,OGGETTO,VALORE,CRC) values ('SA-APPA','COLS','VIS','GENE.TECNI.NOMETEI',1,3837335197);
Insert into W_PROAZI (COD_PROFILO,TIPO,AZIONE,OGGETTO,VALORE,CRC) values ('SA-APPA','COLS','VIS','GENE.TECNI.NOMTEC',1,1165377966);
Insert into W_PROAZI (COD_PROFILO,TIPO,AZIONE,OGGETTO,VALORE,CRC) values ('SA-APPA','COLS','VIS','GENE.TECNI.PROTEC',1,3072320536);
Insert into W_PROAZI (COD_PROFILO,TIPO,AZIONE,OGGETTO,VALORE,CRC) values ('SA-APPA','COLS','VIS','GENE.TECNI.TELTEC',1,438536440);
Insert into W_PROAZI (COD_PROFILO,TIPO,AZIONE,OGGETTO,VALORE,CRC) values ('SA-APPA','COLS','VIS','GENE.TECNI.WEBPWD',0,1014852124);
Insert into W_PROAZI (COD_PROFILO,TIPO,AZIONE,OGGETTO,VALORE,CRC) values ('SA-APPA','COLS','VIS','GENE.TECNI.WEBUSR',0,271746853);
Insert into W_PROAZI (COD_PROFILO,TIPO,AZIONE,OGGETTO,VALORE,CRC) values ('SA-APPA','COLS','VIS','GENE.TEIM.*',0,1916466235);
Insert into W_PROAZI (COD_PROFILO,TIPO,AZIONE,OGGETTO,VALORE,CRC) values ('SA-APPA','COLS','VIS','GENE.TEIM.CFTIM',1,1497752044);
Insert into W_PROAZI (COD_PROFILO,TIPO,AZIONE,OGGETTO,VALORE,CRC) values ('SA-APPA','COLS','VIS','GENE.TEIM.CODTIM',0,1008853949);
Insert into W_PROAZI (COD_PROFILO,TIPO,AZIONE,OGGETTO,VALORE,CRC) values ('SA-APPA','COLS','VIS','GENE.TEIM.COGTIM',1,210151931);
Insert into W_PROAZI (COD_PROFILO,TIPO,AZIONE,OGGETTO,VALORE,CRC) values ('SA-APPA','COLS','VIS','GENE.TEIM.NOMETIM',1,3897678699);
Insert into W_PROAZI (COD_PROFILO,TIPO,AZIONE,OGGETTO,VALORE,CRC) values ('SA-APPA','COLS','VIS','GENE.TEIM.NOMTIM',1,669110426);
Insert into W_PROAZI (COD_PROFILO,TIPO,AZIONE,OGGETTO,VALORE,CRC) values ('SA-APPA','COLS','VIS','GENE.UFFINT.CODEIN',0,1286571583);
Insert into W_PROAZI (COD_PROFILO,TIPO,AZIONE,OGGETTO,VALORE,CRC) values ('SA-APPA','COLS','VIS','GENE.UFFINT.CODNAZ',0,3138619347);
Insert into W_PROAZI (COD_PROFILO,TIPO,AZIONE,OGGETTO,VALORE,CRC) values ('SA-APPA','COLS','VIS','GENE.UFFINT.CODRES',0,1998027873);
Insert into W_PROAZI (COD_PROFILO,TIPO,AZIONE,OGGETTO,VALORE,CRC) values ('SA-APPA','COLS','VIS','GENE.UFFINT.CODSTA',0,2864423568);
Insert into W_PROAZI (COD_PROFILO,TIPO,AZIONE,OGGETTO,VALORE,CRC) values ('SA-APPA','COLS','VIS','GENE.UFFINT.DATICC',0,554502752);
Insert into W_PROAZI (COD_PROFILO,TIPO,AZIONE,OGGETTO,VALORE,CRC) values ('SA-APPA','COLS','VIS','GENE.UFFINT.DNAEIN',0,2327110756);
Insert into W_PROAZI (COD_PROFILO,TIPO,AZIONE,OGGETTO,VALORE,CRC) values ('SA-APPA','COLS','VIS','GENE.UFFINT.DOFEIN',0,4090031057);
Insert into W_PROAZI (COD_PROFILO,TIPO,AZIONE,OGGETTO,VALORE,CRC) values ('SA-APPA','COLS','VIS','GENE.UFFINT.INDWEB',0,2084316072);
Insert into W_PROAZI (COD_PROFILO,TIPO,AZIONE,OGGETTO,VALORE,CRC) values ('SA-APPA','COLS','VIS','GENE.UFFINT.IVAEIN',0,82183506);
Insert into W_PROAZI (COD_PROFILO,TIPO,AZIONE,OGGETTO,VALORE,CRC) values ('SA-APPA','COLS','VIS','GENE.UFFINT.LNAEIN',0,3109792259);
Insert into W_PROAZI (COD_PROFILO,TIPO,AZIONE,OGGETTO,VALORE,CRC) values ('SA-APPA','COLS','VIS','GENE.UFFINT.NUMICC',0,1892343888);
Insert into W_PROAZI (COD_PROFILO,TIPO,AZIONE,OGGETTO,VALORE,CRC) values ('SA-APPA','COLS','VIS','GENE.UFFINT.PROICC',0,552494107);
Insert into W_PROAZI (COD_PROFILO,TIPO,AZIONE,OGGETTO,VALORE,CRC) values ('SA-APPA','COLS','VIS','GENE.UFFINT.PROUFF',0,1100855954);
Insert into W_PROAZI (COD_PROFILO,TIPO,AZIONE,OGGETTO,VALORE,CRC) values ('SA-APPA','COLS','VIS','GENE.UFFINT.USERID',0,921977655);
Insert into W_PROAZI (COD_PROFILO,TIPO,AZIONE,OGGETTO,VALORE,CRC) values ('SA-APPA','FUNZ','VIS','ALT.GENE.C0OGGASS',0,1888279893);
Insert into W_PROAZI (COD_PROFILO,TIPO,AZIONE,OGGETTO,VALORE,CRC) values ('SA-APPA','FUNZ','VIS','ALT.GENE.G_NOTEAVVISI',0,4289628934);
Insert into W_PROAZI (COD_PROFILO,TIPO,AZIONE,OGGETTO,VALORE,CRC) values ('SA-APPA','FUNZ','VIS','ALT.GENE.HELPPAGINA',0,2611775279);
Insert into W_PROAZI (COD_PROFILO,TIPO,AZIONE,OGGETTO,VALORE,CRC) values ('SA-APPA','FUNZ','VIS','ALT.GENE.UTENT-lista.HELPPAGINA',0,1352063578);
Insert into W_PROAZI (COD_PROFILO,TIPO,AZIONE,OGGETTO,VALORE,CRC) values ('SA-APPA','FUNZ','VIS','ALT.GENE.UTENT-scheda.HELPPAGINA',0,2022395450);
Insert into W_PROAZI (COD_PROFILO,TIPO,AZIONE,OGGETTO,VALORE,CRC) values ('SA-APPA','FUNZ','VIS','ALT.GENE.UTENT-trova.HELPPAGINA',0,4258458524);
Insert into W_PROAZI (COD_PROFILO,TIPO,AZIONE,OGGETTO,VALORE,CRC) values ('SA-APPA','FUNZ','VIS','ALT.GENE.W_MODELLI',0,2702599471);
Insert into W_PROAZI (COD_PROFILO,TIPO,AZIONE,OGGETTO,VALORE,CRC) values ('SA-APPA','FUNZ','VIS','ALT.W9.TRASFERISCI-APPALTO',0,228161805);
Insert into W_PROAZI (COD_PROFILO,TIPO,AZIONE,OGGETTO,VALORE,CRC) values ('SA-APPA','FUNZ','VIS','ALT.W9.W9HOME.APPA',1,2116347254);
Insert into W_PROAZI (COD_PROFILO,TIPO,AZIONE,OGGETTO,VALORE,CRC) values ('SA-APPA','FUNZ','VIS','INS.GENE.ImprScheda.DATIGEN.INS-AIN',0,3816322368);
Insert into W_PROAZI (COD_PROFILO,TIPO,AZIONE,OGGETTO,VALORE,CRC) values ('SA-APPA','FUNZ','VIS','INS.GENE.ImprScheda.DATIGEN.INS-IMPDTE',0,3504095061);
Insert into W_PROAZI (COD_PROFILO,TIPO,AZIONE,OGGETTO,VALORE,CRC) values ('SA-APPA','FUNZ','VIS','INS.GENE.ImprScheda.LEGALI.INS-G_IMPCOL',0,1319656519);
Insert into W_PROAZI (COD_PROFILO,TIPO,AZIONE,OGGETTO,VALORE,CRC) values ('SA-APPA','FUNZ','VIS','INS.GENE.ImprScheda.LEGALI.INS-IMPAZI',0,147612543);
Insert into W_PROAZI (COD_PROFILO,TIPO,AZIONE,OGGETTO,VALORE,CRC) values ('SA-APPA','FUNZ','VIS','INS.GENE.ImprScheda.LEGALI.INS-IMPDTE',0,2570711371);
Insert into W_PROAZI (COD_PROFILO,TIPO,AZIONE,OGGETTO,VALORE,CRC) values ('SA-APPA','FUNZ','VIS','INS.GENE.SchedaUffint.SCHEDANUOVO',0,1565704981);
Insert into W_PROAZI (COD_PROFILO,TIPO,AZIONE,OGGETTO,VALORE,CRC) values ('SA-APPA','FUNZ','VIS','INS.W9.W9GARA-lista.LISTANUOVO',0,1387876598);
Insert into W_PROAZI (COD_PROFILO,TIPO,AZIONE,OGGETTO,VALORE,CRC) values ('SA-APPA','FUNZ','VIS','INS.W9.W9GARA-scheda.DETTGARA.SCHEDANUOVO',0,240874585);
Insert into W_PROAZI (COD_PROFILO,TIPO,AZIONE,OGGETTO,VALORE,CRC) values ('SA-APPA','FUNZ','VIS','INS.W9.W9GARA-scheda.LOTTI.LISTANUOVO',0,1386100504);
Insert into W_PROAZI (COD_PROFILO,TIPO,AZIONE,OGGETTO,VALORE,CRC) values ('SA-APPA','FUNZ','VIS','INS.W9.W9LOTT-scheda.DATIDET.SCHEDANUOVO',0,1136804901);
Insert into W_PROAZI (COD_PROFILO,TIPO,AZIONE,OGGETTO,VALORE,CRC) values ('SA-APPA','FUNZ','VIS','MOD.GENE.SchedaUffint.SCHEDAMOD',0,4129789294);
Insert into W_PROAZI (COD_PROFILO,TIPO,AZIONE,OGGETTO,VALORE,CRC) values ('SA-APPA','MENU','VIS','REPORT',0,3456026856);
Insert into W_PROAZI (COD_PROFILO,TIPO,AZIONE,OGGETTO,VALORE,CRC) values ('SA-APPA','MENU','VIS','STRUMENTI',0,2622732340);
Insert into W_PROAZI (COD_PROFILO,TIPO,AZIONE,OGGETTO,VALORE,CRC) values ('SA-APPA','PAGE','VIS','GENE.ImprScheda.CASE',0,322106228);
Insert into W_PROAZI (COD_PROFILO,TIPO,AZIONE,OGGETTO,VALORE,CRC) values ('SA-APPA','PAGE','VIS','GENE.ImprScheda.CATE',0,377349617);
Insert into W_PROAZI (COD_PROFILO,TIPO,AZIONE,OGGETTO,VALORE,CRC) values ('SA-APPA','PAGE','VIS','GENE.ImprScheda.RAGIMP',0,4033516002);
Insert into W_PROAZI (COD_PROFILO,TIPO,AZIONE,OGGETTO,VALORE,CRC) values ('SA-APPA','SEZ','VIS','GENE.ImprScheda.DATIGEN.ABI',0,4156912262);
Insert into W_PROAZI (COD_PROFILO,TIPO,AZIONE,OGGETTO,VALORE,CRC) values ('SA-APPA','SEZ','VIS','GENE.ImprScheda.DATIGEN.AIN',0,3033598880);
Insert into W_PROAZI (COD_PROFILO,TIPO,AZIONE,OGGETTO,VALORE,CRC) values ('SA-APPA','SEZ','VIS','GENE.ImprScheda.DATIGEN.ALT',0,37172112);
Insert into W_PROAZI (COD_PROFILO,TIPO,AZIONE,OGGETTO,VALORE,CRC) values ('SA-APPA','SEZ','VIS','GENE.ImprScheda.DATIGEN.IMPDTE',0,1737007254);
Insert into W_PROAZI (COD_PROFILO,TIPO,AZIONE,OGGETTO,VALORE,CRC) values ('SA-APPA','SEZ','VIS','GENE.ImprScheda.DATIGEN.IND',1,4190301654);
Insert into W_PROAZI (COD_PROFILO,TIPO,AZIONE,OGGETTO,VALORE,CRC) values ('SA-APPA','SEZ','VIS','GENE.ImprScheda.DATIGEN.INPS',0,3614861476);
Insert into W_PROAZI (COD_PROFILO,TIPO,AZIONE,OGGETTO,VALORE,CRC) values ('SA-APPA','SEZ','VIS','GENE.ImprScheda.DATIGEN.ISO1',0,900991630);
Insert into W_PROAZI (COD_PROFILO,TIPO,AZIONE,OGGETTO,VALORE,CRC) values ('SA-APPA','SEZ','VIS','GENE.ImprScheda.DATIGEN.SOA',0,3453285577);
Insert into W_PROAZI (COD_PROFILO,TIPO,AZIONE,OGGETTO,VALORE,CRC) values ('SA-APPA','SEZ','VIS','GENE.ImprScheda.DATIGEN.XIMPR',0,2833513384);
Insert into W_PROAZI (COD_PROFILO,TIPO,AZIONE,OGGETTO,VALORE,CRC) values ('SA-APPA','SEZ','VIS','GENE.ImprScheda.LEGALI.IMPAZI',0,3404995677);
Insert into W_PROAZI (COD_PROFILO,TIPO,AZIONE,OGGETTO,VALORE,CRC) values ('SA-APPA','SEZ','VIS','GENE.ImprScheda.LEGALI.IMPDTE',0,1526828649);
Insert into W_PROAZI (COD_PROFILO,TIPO,AZIONE,OGGETTO,VALORE,CRC) values ('SA-APPA','SEZ','VIS','GENE.SchedaTecni.ALT',0,835318545);
Insert into W_PROAZI (COD_PROFILO,TIPO,AZIONE,OGGETTO,VALORE,CRC) values ('SA-APPA','SEZ','VIS','GENE.SchedaTeim.ALT',0,3279515167);
Insert into W_PROAZI (COD_PROFILO,TIPO,AZIONE,OGGETTO,VALORE,CRC) values ('SA-APPA','SUBMENU','VIS','ARCHIVI.Archivio-staz-appaltanti',0,1400821008);
Insert into W_PROAZI (COD_PROFILO,TIPO,AZIONE,OGGETTO,VALORE,CRC) values ('SA-APPA','SUBMENU','VIS','ARCHIVI.Archivio-uffici-intestatari',0,2798010941);
Insert into W_PROAZI (COD_PROFILO,TIPO,AZIONE,OGGETTO,VALORE,CRC) values ('SA-APPA','SUBMENU','VIS','ARCHIVI.Archivio-utenti',0,3100152466);
Insert into W_PROAZI (COD_PROFILO,TIPO,AZIONE,OGGETTO,VALORE,CRC) values ('SA-APPA','SUBMENU','VIS','UTILITA.Import-export-modelli',0,3037951636);
Insert into W_PROAZI (COD_PROFILO,TIPO,AZIONE,OGGETTO,VALORE,CRC) values ('SA-APPA','SUBMENU','VIS','UTILITA.Import-export-report',0,2149004479);
Insert into W_PROAZI (COD_PROFILO,TIPO,AZIONE,OGGETTO,VALORE,CRC) values ('SA-APPA','SUBMENU','VIS','UTILITA.Manuali',0,3283288817);





Insert into W_ACCPRO (ID_ACCOUNT,COD_PROFILO) values (50,'SA-APPA');


Insert into W_GRUPPI (ID_GRUPPO,NOME,DESCR,COD_PROFILO) Select distinct (select Coalesce(max(ID_GRUPPO),0)+1 from W_GRUPPI),'Comunicazioni di eventi di contratti','default per il profilo SA-APPA','SA-APPA' from W_PROFILI where not exists (select 1 from W_GRUPPI where cod_profilo='SA-APPA');
Update W_GENCHIAVI Set CHIAVE=(Select max(ID_GRUPPO) from W_GRUPPI) where TABELLA='W_GRUPPI';
Insert into W_ACCGRP (ID_ACCOUNT,ID_GRUPPO,PRIORITA) select 50,ID_GRUPPO,0 from W_GRUPPI where COD_PROFILO='SA-APPA'  and not exists 
	(select * from W_ACCGRP A join W_GRUPPI G on A.id_gruppo=G.id_gruppo where cod_profilo='SA-APPA' and id_account=50);

Delete from W_ACCPRO where COD_PROFILO='SA-PIATRI' and ID_ACCOUNT=50;
Delete from W_PROAZI where COD_PROFILO='SA-PIATRI';
Delete from W_PROFILI where COD_PROFILO='SA-PIATRI';

Insert into W_PROFILI (COD_PROFILO,CODAPP,NOME,DESCRIZIONE,FLAG_INTERNO,DISCRIMINANTE,COD_CLIENTE,CRC) values ('SA-PIATRI','W9','Sitat SA - Comunicazioni di programmi','Comunicazioni di eventi di programmi triennali/annuali di lavori, forniture e servizi',1,null,1091,80257539);

Insert into W_PROAZI (COD_PROFILO,TIPO,AZIONE,OGGETTO,VALORE,CRC) values ('SA-PIATRI','COLS','MAN','GENE.IMPR.CFIMP',1,2065006782);
Insert into W_PROAZI (COD_PROFILO,TIPO,AZIONE,OGGETTO,VALORE,CRC) values ('SA-PIATRI','COLS','MAN','GENE.IMPR.NOMEST',1,3277781792);
Insert into W_PROAZI (COD_PROFILO,TIPO,AZIONE,OGGETTO,VALORE,CRC) values ('SA-PIATRI','COLS','MAN','GENE.TECNI.CFTEC',1,3376415354);
Insert into W_PROAZI (COD_PROFILO,TIPO,AZIONE,OGGETTO,VALORE,CRC) values ('SA-PIATRI','COLS','MAN','GENE.TECNI.NOMTEC',1,3922502992);
Insert into W_PROAZI (COD_PROFILO,TIPO,AZIONE,OGGETTO,VALORE,CRC) values ('SA-PIATRI','COLS','MAN','GENE.TEIM.NOMTIM',1,570191537);
Insert into W_PROAZI (COD_PROFILO,TIPO,AZIONE,OGGETTO,VALORE,CRC) values ('SA-PIATRI','COLS','MAN','GENE.UFFINT.NOMEIN',1,231133415);
Insert into W_PROAZI (COD_PROFILO,TIPO,AZIONE,OGGETTO,VALORE,CRC) values ('SA-PIATRI','COLS','VIS','*',1,4179291998);
Insert into W_PROAZI (COD_PROFILO,TIPO,AZIONE,OGGETTO,VALORE,CRC) values ('SA-PIATRI','COLS','VIS','GENE.CATE.*',0,370569137);
Insert into W_PROAZI (COD_PROFILO,TIPO,AZIONE,OGGETTO,VALORE,CRC) values ('SA-PIATRI','COLS','VIS','GENE.IMPDTE.*',0,330687099);
Insert into W_PROAZI (COD_PROFILO,TIPO,AZIONE,OGGETTO,VALORE,CRC) values ('SA-PIATRI','COLS','VIS','GENE.IMPR.*',0,4259985762);
Insert into W_PROAZI (COD_PROFILO,TIPO,AZIONE,OGGETTO,VALORE,CRC) values ('SA-PIATRI','COLS','VIS','GENE.IMPR.CAPIMP',1,1055711822);
Insert into W_PROAZI (COD_PROFILO,TIPO,AZIONE,OGGETTO,VALORE,CRC) values ('SA-PIATRI','COLS','VIS','GENE.IMPR.CFIMP',1,3491673339);
Insert into W_PROAZI (COD_PROFILO,TIPO,AZIONE,OGGETTO,VALORE,CRC) values ('SA-PIATRI','COLS','VIS','GENE.IMPR.CODCIT',1,2640199616);
Insert into W_PROAZI (COD_PROFILO,TIPO,AZIONE,OGGETTO,VALORE,CRC) values ('SA-PIATRI','COLS','VIS','GENE.IMPR.EMAI2IP',1,2274275292);
Insert into W_PROAZI (COD_PROFILO,TIPO,AZIONE,OGGETTO,VALORE,CRC) values ('SA-PIATRI','COLS','VIS','GENE.IMPR.EMAIIP',1,1886847457);
Insert into W_PROAZI (COD_PROFILO,TIPO,AZIONE,OGGETTO,VALORE,CRC) values ('SA-PIATRI','COLS','VIS','GENE.IMPR.FAXIMP',1,1554286120);
Insert into W_PROAZI (COD_PROFILO,TIPO,AZIONE,OGGETTO,VALORE,CRC) values ('SA-PIATRI','COLS','VIS','GENE.IMPR.INDIMP',1,4272570007);
Insert into W_PROAZI (COD_PROFILO,TIPO,AZIONE,OGGETTO,VALORE,CRC) values ('SA-PIATRI','COLS','VIS','GENE.IMPR.LOCIMP',1,3589152389);
Insert into W_PROAZI (COD_PROFILO,TIPO,AZIONE,OGGETTO,VALORE,CRC) values ('SA-PIATRI','COLS','VIS','GENE.IMPR.NATGIUI',1,3278708774);
Insert into W_PROAZI (COD_PROFILO,TIPO,AZIONE,OGGETTO,VALORE,CRC) values ('SA-PIATRI','COLS','VIS','GENE.IMPR.NAZIMP',1,361470767);
Insert into W_PROAZI (COD_PROFILO,TIPO,AZIONE,OGGETTO,VALORE,CRC) values ('SA-PIATRI','COLS','VIS','GENE.IMPR.NCCIAA',1,1869616547);
Insert into W_PROAZI (COD_PROFILO,TIPO,AZIONE,OGGETTO,VALORE,CRC) values ('SA-PIATRI','COLS','VIS','GENE.IMPR.NCIIMP',1,2130958198);
Insert into W_PROAZI (COD_PROFILO,TIPO,AZIONE,OGGETTO,VALORE,CRC) values ('SA-PIATRI','COLS','VIS','GENE.IMPR.NOMEST',1,3309520139);
Insert into W_PROAZI (COD_PROFILO,TIPO,AZIONE,OGGETTO,VALORE,CRC) values ('SA-PIATRI','COLS','VIS','GENE.IMPR.PIVIMP',1,197727184);
Insert into W_PROAZI (COD_PROFILO,TIPO,AZIONE,OGGETTO,VALORE,CRC) values ('SA-PIATRI','COLS','VIS','GENE.IMPR.PROIMP',1,254284923);
Insert into W_PROAZI (COD_PROFILO,TIPO,AZIONE,OGGETTO,VALORE,CRC) values ('SA-PIATRI','COLS','VIS','GENE.IMPR.TELIMP',1,2719250587);
Insert into W_PROAZI (COD_PROFILO,TIPO,AZIONE,OGGETTO,VALORE,CRC) values ('SA-PIATRI','COLS','VIS','GENE.TECNI.*',0,2991376634);
Insert into W_PROAZI (COD_PROFILO,TIPO,AZIONE,OGGETTO,VALORE,CRC) values ('SA-PIATRI','COLS','VIS','GENE.TECNI.CAPTEC',1,2262503981);
Insert into W_PROAZI (COD_PROFILO,TIPO,AZIONE,OGGETTO,VALORE,CRC) values ('SA-PIATRI','COLS','VIS','GENE.TECNI.CFTEC',1,3479026769);
Insert into W_PROAZI (COD_PROFILO,TIPO,AZIONE,OGGETTO,VALORE,CRC) values ('SA-PIATRI','COLS','VIS','GENE.TECNI.CITTEC',1,2668115584);
Insert into W_PROAZI (COD_PROFILO,TIPO,AZIONE,OGGETTO,VALORE,CRC) values ('SA-PIATRI','COLS','VIS','GENE.TECNI.CODTEC',0,1589015177);
Insert into W_PROAZI (COD_PROFILO,TIPO,AZIONE,OGGETTO,VALORE,CRC) values ('SA-PIATRI','COLS','VIS','GENE.TECNI.COGTEI',1,2499727429);
Insert into W_PROAZI (COD_PROFILO,TIPO,AZIONE,OGGETTO,VALORE,CRC) values ('SA-PIATRI','COLS','VIS','GENE.TECNI.EMATEC',1,3477690718);
Insert into W_PROAZI (COD_PROFILO,TIPO,AZIONE,OGGETTO,VALORE,CRC) values ('SA-PIATRI','COLS','VIS','GENE.TECNI.FAXTEC',1,3834869323);
Insert into W_PROAZI (COD_PROFILO,TIPO,AZIONE,OGGETTO,VALORE,CRC) values ('SA-PIATRI','COLS','VIS','GENE.TECNI.INDTEC',1,1184747252);
Insert into W_PROAZI (COD_PROFILO,TIPO,AZIONE,OGGETTO,VALORE,CRC) values ('SA-PIATRI','COLS','VIS','GENE.TECNI.LOCTEC',1,1842999014);
Insert into W_PROAZI (COD_PROFILO,TIPO,AZIONE,OGGETTO,VALORE,CRC) values ('SA-PIATRI','COLS','VIS','GENE.TECNI.MGSFLG',0,2713166260);
Insert into W_PROAZI (COD_PROFILO,TIPO,AZIONE,OGGETTO,VALORE,CRC) values ('SA-PIATRI','COLS','VIS','GENE.TECNI.NCITEC',1,3342083861);
Insert into W_PROAZI (COD_PROFILO,TIPO,AZIONE,OGGETTO,VALORE,CRC) values ('SA-PIATRI','COLS','VIS','GENE.TECNI.NOMETEI',1,3837335197);
Insert into W_PROAZI (COD_PROFILO,TIPO,AZIONE,OGGETTO,VALORE,CRC) values ('SA-PIATRI','COLS','VIS','GENE.TECNI.NOMTEC',1,1165377966);
Insert into W_PROAZI (COD_PROFILO,TIPO,AZIONE,OGGETTO,VALORE,CRC) values ('SA-PIATRI','COLS','VIS','GENE.TECNI.PROTEC',1,3072320536);
Insert into W_PROAZI (COD_PROFILO,TIPO,AZIONE,OGGETTO,VALORE,CRC) values ('SA-PIATRI','COLS','VIS','GENE.TECNI.TELTEC',1,438536440);
Insert into W_PROAZI (COD_PROFILO,TIPO,AZIONE,OGGETTO,VALORE,CRC) values ('SA-PIATRI','COLS','VIS','GENE.TECNI.WEBPWD',0,1014852124);
Insert into W_PROAZI (COD_PROFILO,TIPO,AZIONE,OGGETTO,VALORE,CRC) values ('SA-PIATRI','COLS','VIS','GENE.TECNI.WEBUSR',0,271746853);
Insert into W_PROAZI (COD_PROFILO,TIPO,AZIONE,OGGETTO,VALORE,CRC) values ('SA-PIATRI','COLS','VIS','GENE.TEIM.*',0,1916466235);
Insert into W_PROAZI (COD_PROFILO,TIPO,AZIONE,OGGETTO,VALORE,CRC) values ('SA-PIATRI','COLS','VIS','GENE.TEIM.CFTIM',1,1497752044);
Insert into W_PROAZI (COD_PROFILO,TIPO,AZIONE,OGGETTO,VALORE,CRC) values ('SA-PIATRI','COLS','VIS','GENE.TEIM.CODTIM',0,1008853949);
Insert into W_PROAZI (COD_PROFILO,TIPO,AZIONE,OGGETTO,VALORE,CRC) values ('SA-PIATRI','COLS','VIS','GENE.TEIM.COGTIM',1,210151931);
Insert into W_PROAZI (COD_PROFILO,TIPO,AZIONE,OGGETTO,VALORE,CRC) values ('SA-PIATRI','COLS','VIS','GENE.TEIM.NOMETIM',1,3897678699);
Insert into W_PROAZI (COD_PROFILO,TIPO,AZIONE,OGGETTO,VALORE,CRC) values ('SA-PIATRI','COLS','VIS','GENE.TEIM.NOMTIM',1,669110426);
Insert into W_PROAZI (COD_PROFILO,TIPO,AZIONE,OGGETTO,VALORE,CRC) values ('SA-PIATRI','COLS','VIS','GENE.UFFINT.CODEIN',0,1286571583);
Insert into W_PROAZI (COD_PROFILO,TIPO,AZIONE,OGGETTO,VALORE,CRC) values ('SA-PIATRI','COLS','VIS','GENE.UFFINT.CODNAZ',0,3138619347);
Insert into W_PROAZI (COD_PROFILO,TIPO,AZIONE,OGGETTO,VALORE,CRC) values ('SA-PIATRI','COLS','VIS','GENE.UFFINT.CODRES',0,1998027873);
Insert into W_PROAZI (COD_PROFILO,TIPO,AZIONE,OGGETTO,VALORE,CRC) values ('SA-PIATRI','COLS','VIS','GENE.UFFINT.CODSTA',0,2864423568);
Insert into W_PROAZI (COD_PROFILO,TIPO,AZIONE,OGGETTO,VALORE,CRC) values ('SA-PIATRI','COLS','VIS','GENE.UFFINT.DATICC',0,554502752);
Insert into W_PROAZI (COD_PROFILO,TIPO,AZIONE,OGGETTO,VALORE,CRC) values ('SA-PIATRI','COLS','VIS','GENE.UFFINT.DNAEIN',0,2327110756);
Insert into W_PROAZI (COD_PROFILO,TIPO,AZIONE,OGGETTO,VALORE,CRC) values ('SA-PIATRI','COLS','VIS','GENE.UFFINT.DOFEIN',0,4090031057);
Insert into W_PROAZI (COD_PROFILO,TIPO,AZIONE,OGGETTO,VALORE,CRC) values ('SA-PIATRI','COLS','VIS','GENE.UFFINT.INDWEB',0,2084316072);
Insert into W_PROAZI (COD_PROFILO,TIPO,AZIONE,OGGETTO,VALORE,CRC) values ('SA-PIATRI','COLS','VIS','GENE.UFFINT.IVAEIN',0,82183506);
Insert into W_PROAZI (COD_PROFILO,TIPO,AZIONE,OGGETTO,VALORE,CRC) values ('SA-PIATRI','COLS','VIS','GENE.UFFINT.LNAEIN',0,3109792259);
Insert into W_PROAZI (COD_PROFILO,TIPO,AZIONE,OGGETTO,VALORE,CRC) values ('SA-PIATRI','COLS','VIS','GENE.UFFINT.NUMICC',0,1892343888);
Insert into W_PROAZI (COD_PROFILO,TIPO,AZIONE,OGGETTO,VALORE,CRC) values ('SA-PIATRI','COLS','VIS','GENE.UFFINT.PROICC',0,552494107);
Insert into W_PROAZI (COD_PROFILO,TIPO,AZIONE,OGGETTO,VALORE,CRC) values ('SA-PIATRI','COLS','VIS','GENE.UFFINT.PROUFF',0,1100855954);
Insert into W_PROAZI (COD_PROFILO,TIPO,AZIONE,OGGETTO,VALORE,CRC) values ('SA-PIATRI','COLS','VIS','GENE.UFFINT.USERID',0,921977655);
Insert into W_PROAZI (COD_PROFILO,TIPO,AZIONE,OGGETTO,VALORE,CRC) values ('SA-PIATRI','COLS','VIS','PIANI.PIATRI.STATRI',0,1851973007);
Insert into W_PROAZI (COD_PROFILO,TIPO,AZIONE,OGGETTO,VALORE,CRC) values ('SA-PIATRI','COLS','VIS','PIANI.PIATRI.TADOZI',0,3107290751);
Insert into W_PROAZI (COD_PROFILO,TIPO,AZIONE,OGGETTO,VALORE,CRC) values ('SA-PIATRI','COLS','VIS','PIANI.PIATRI.TAPTRI',0,2774453787);
Insert into W_PROAZI (COD_PROFILO,TIPO,AZIONE,OGGETTO,VALORE,CRC) values ('SA-PIATRI','COLS','MOD','PIANI.PIATRI.BRETRI',0,2882420043);
Insert into W_PROAZI (COD_PROFILO,TIPO,AZIONE,OGGETTO,VALORE,CRC) values ('SA-PIATRI','COLS','VIS','PIANI.INTTRI.ACQVERDI',1,4026006493);
Insert into W_PROAZI (COD_PROFILO,TIPO,AZIONE,OGGETTO,VALORE,CRC) values ('SA-PIATRI','COLS','VIS','PIANI.INTTRI.DIRGEN',1,381433749);
Insert into W_PROAZI (COD_PROFILO,TIPO,AZIONE,OGGETTO,VALORE,CRC) values ('SA-PIATRI','COLS','VIS','PIANI.INTTRI.MATRIC',1,994321679);
Insert into W_PROAZI (COD_PROFILO,TIPO,AZIONE,OGGETTO,VALORE,CRC) values ('SA-PIATRI','COLS','VIS','PIANI.INTTRI.QUANTIT',1,3937949287);
Insert into W_PROAZI (COD_PROFILO,TIPO,AZIONE,OGGETTO,VALORE,CRC) values ('SA-PIATRI','COLS','VIS','PIANI.INTTRI.REFERE',1,2693057517);
Insert into W_PROAZI (COD_PROFILO,TIPO,AZIONE,OGGETTO,VALORE,CRC) values ('SA-PIATRI','COLS','VIS','PIANI.INTTRI.STRUOP',1,676045197);
Insert into W_PROAZI (COD_PROFILO,TIPO,AZIONE,OGGETTO,VALORE,CRC) values ('SA-PIATRI','COLS','VIS','PIANI.INTTRI.UNIMIS',1,1156269016);
Insert into W_PROAZI (COD_PROFILO,TIPO,AZIONE,OGGETTO,VALORE,CRC) values ('SA-PIATRI','COLS','VIS','PIANI.INTTRI.VALUTAZIONE',1,2541728618);
Insert into W_PROAZI (COD_PROFILO,TIPO,AZIONE,OGGETTO,VALORE,CRC) values ('SA-PIATRI','FUNZ','VIS','ALT.GENE.C0OGGASS',0,1888279893);
Insert into W_PROAZI (COD_PROFILO,TIPO,AZIONE,OGGETTO,VALORE,CRC) values ('SA-PIATRI','FUNZ','VIS','ALT.GENE.G_NOTEAVVISI',0,4289628934);
Insert into W_PROAZI (COD_PROFILO,TIPO,AZIONE,OGGETTO,VALORE,CRC) values ('SA-PIATRI','FUNZ','VIS','ALT.GENE.HELPPAGINA',0,2611775279);
Insert into W_PROAZI (COD_PROFILO,TIPO,AZIONE,OGGETTO,VALORE,CRC) values ('SA-PIATRI','FUNZ','VIS','ALT.GENE.Homepage-EseguiReport',0,3712486845);
Insert into W_PROAZI (COD_PROFILO,TIPO,AZIONE,OGGETTO,VALORE,CRC) values ('SA-PIATRI','FUNZ','VIS','ALT.GENE.UTENT-lista.HELPPAGINA',0,1352063578);
Insert into W_PROAZI (COD_PROFILO,TIPO,AZIONE,OGGETTO,VALORE,CRC) values ('SA-PIATRI','FUNZ','VIS','ALT.GENE.UTENT-scheda.HELPPAGINA',0,2022395450);
Insert into W_PROAZI (COD_PROFILO,TIPO,AZIONE,OGGETTO,VALORE,CRC) values ('SA-PIATRI','FUNZ','VIS','ALT.GENE.UTENT-trova.HELPPAGINA',0,4258458524);
Insert into W_PROAZI (COD_PROFILO,TIPO,AZIONE,OGGETTO,VALORE,CRC) values ('SA-PIATRI','FUNZ','VIS','ALT.GENE.W_MODELLI',0,2702599471);
Insert into W_PROAZI (COD_PROFILO,TIPO,AZIONE,OGGETTO,VALORE,CRC) values ('SA-PIATRI','FUNZ','VIS','ALT.PIANI.CREATE-XML',0,214293566);
Insert into W_PROAZI (COD_PROFILO,TIPO,AZIONE,OGGETTO,VALORE,CRC) values ('SA-PIATRI','FUNZ','VIS','ALT.PIANI.SITAT',1,3454430183);
Insert into W_PROAZI (COD_PROFILO,TIPO,AZIONE,OGGETTO,VALORE,CRC) values ('SA-PIATRI','FUNZ','VIS','ALT.W9.W9HOME.APPA',0,153343456);
Insert into W_PROAZI (COD_PROFILO,TIPO,AZIONE,OGGETTO,VALORE,CRC) values ('SA-PIATRI','FUNZ','VIS','ALT.W9.W9HOME.ORT-INBX',0,306086409);
Insert into W_PROAZI (COD_PROFILO,TIPO,AZIONE,OGGETTO,VALORE,CRC) values ('SA-PIATRI','FUNZ','VIS','ALT.W9.W9HOME.PIATRI',1,220199141);
Insert into W_PROAZI (COD_PROFILO,TIPO,AZIONE,OGGETTO,VALORE,CRC) values ('SA-PIATRI','FUNZ','VIS','ALT.W9.W9HOME.SA-ADMIN',0,1456500244);
Insert into W_PROAZI (COD_PROFILO,TIPO,AZIONE,OGGETTO,VALORE,CRC) values ('SA-PIATRI','FUNZ','VIS','ALT.W9.W9HOME.SA-AVVISI',0,1568287917);
Insert into W_PROAZI (COD_PROFILO,TIPO,AZIONE,OGGETTO,VALORE,CRC) values ('SA-PIATRI','FUNZ','VIS','ALT.W9.TRASFERISCI-APPALTO',0,228161805);
Insert into W_PROAZI (COD_PROFILO,TIPO,AZIONE,OGGETTO,VALORE,CRC) values ('SA-PIATRI','FUNZ','VIS','ALT.W9.W9SCP',1,1534573450);
Insert into W_PROAZI (COD_PROFILO,TIPO,AZIONE,OGGETTO,VALORE,CRC) values ('SA-PIATRI','FUNZ','VIS','INS.GENE.ImprScheda.DATIGEN.INS-AIN',0,3816322368);
Insert into W_PROAZI (COD_PROFILO,TIPO,AZIONE,OGGETTO,VALORE,CRC) values ('SA-PIATRI','FUNZ','VIS','INS.GENE.ImprScheda.LEGALI.INS-G_IMPCOL',0,1319656519);
Insert into W_PROAZI (COD_PROFILO,TIPO,AZIONE,OGGETTO,VALORE,CRC) values ('SA-PIATRI','FUNZ','VIS','INS.GENE.ImprScheda.LEGALI.INS-IMPAZI',0,147612543);
Insert into W_PROAZI (COD_PROFILO,TIPO,AZIONE,OGGETTO,VALORE,CRC) values ('SA-PIATRI','FUNZ','VIS','INS.GENE.ImprScheda.LEGALI.INS-IMPDTE',0,2570711371);
Insert into W_PROAZI (COD_PROFILO,TIPO,AZIONE,OGGETTO,VALORE,CRC) values ('SA-PIATRI','MENU','VIS','REPORT',0,3456026856);
Insert into W_PROAZI (COD_PROFILO,TIPO,AZIONE,OGGETTO,VALORE,CRC) values ('SA-PIATRI','MENU','VIS','STRUMENTI',0,2622732340);
Insert into W_PROAZI (COD_PROFILO,TIPO,AZIONE,OGGETTO,VALORE,CRC) values ('SA-PIATRI','PAGE','VIS','GENE.ImprScheda.CASE',0,322106228);
Insert into W_PROAZI (COD_PROFILO,TIPO,AZIONE,OGGETTO,VALORE,CRC) values ('SA-PIATRI','PAGE','VIS','GENE.ImprScheda.CATE',0,377349617);
Insert into W_PROAZI (COD_PROFILO,TIPO,AZIONE,OGGETTO,VALORE,CRC) values ('SA-PIATRI','PAGE','VIS','GENE.ImprScheda.CATEGARE',0,1917287626);
Insert into W_PROAZI (COD_PROFILO,TIPO,AZIONE,OGGETTO,VALORE,CRC) values ('SA-PIATRI','PAGE','VIS','GENE.ImprScheda.IMPANTIMAFIA',0,960791731);
Insert into W_PROAZI (COD_PROFILO,TIPO,AZIONE,OGGETTO,VALORE,CRC) values ('SA-PIATRI','PAGE','VIS','GENE.ImprScheda.RAGIMP',0,4033516002);
Insert into W_PROAZI (COD_PROFILO,TIPO,AZIONE,OGGETTO,VALORE,CRC) values ('SA-PIATRI','SEZ','MOD','W9.W9LOTT-scheda.DATIDET.MODLAV',1,1184464117);
Insert into W_PROAZI (COD_PROFILO,TIPO,AZIONE,OGGETTO,VALORE,CRC) values ('SA-PIATRI','SEZ','VIS','GENE.ImprScheda.DATIGEN.ABI',0,4156912262);
Insert into W_PROAZI (COD_PROFILO,TIPO,AZIONE,OGGETTO,VALORE,CRC) values ('SA-PIATRI','SEZ','VIS','GENE.ImprScheda.DATIGEN.AIN',0,3033598880);
Insert into W_PROAZI (COD_PROFILO,TIPO,AZIONE,OGGETTO,VALORE,CRC) values ('SA-PIATRI','SEZ','VIS','GENE.ImprScheda.DATIGEN.ALT',0,37172112);
Insert into W_PROAZI (COD_PROFILO,TIPO,AZIONE,OGGETTO,VALORE,CRC) values ('SA-PIATRI','SEZ','VIS','GENE.ImprScheda.DATIGEN.IMPDTE',0,1737007254);
Insert into W_PROAZI (COD_PROFILO,TIPO,AZIONE,OGGETTO,VALORE,CRC) values ('SA-PIATRI','SEZ','VIS','GENE.ImprScheda.DATIGEN.IND',1,4190301654);
Insert into W_PROAZI (COD_PROFILO,TIPO,AZIONE,OGGETTO,VALORE,CRC) values ('SA-PIATRI','SEZ','VIS','GENE.ImprScheda.DATIGEN.INPS',0,3614861476);
Insert into W_PROAZI (COD_PROFILO,TIPO,AZIONE,OGGETTO,VALORE,CRC) values ('SA-PIATRI','SEZ','VIS','GENE.ImprScheda.DATIGEN.ISO1',0,900991630);
Insert into W_PROAZI (COD_PROFILO,TIPO,AZIONE,OGGETTO,VALORE,CRC) values ('SA-PIATRI','SEZ','VIS','GENE.ImprScheda.DATIGEN.PERSDIP',0,507325010);
Insert into W_PROAZI (COD_PROFILO,TIPO,AZIONE,OGGETTO,VALORE,CRC) values ('SA-PIATRI','SEZ','VIS','GENE.ImprScheda.DATIGEN.SOA',0,3453285577);
Insert into W_PROAZI (COD_PROFILO,TIPO,AZIONE,OGGETTO,VALORE,CRC) values ('SA-PIATRI','SEZ','VIS','GENE.ImprScheda.DATIGEN.XIMPR',0,2833513384);
Insert into W_PROAZI (COD_PROFILO,TIPO,AZIONE,OGGETTO,VALORE,CRC) values ('SA-PIATRI','SEZ','VIS','GENE.ImprScheda.LEGALI.IMPAZI',0,3404995677);
Insert into W_PROAZI (COD_PROFILO,TIPO,AZIONE,OGGETTO,VALORE,CRC) values ('SA-PIATRI','SEZ','VIS','GENE.ImprScheda.LEGALI.IMPDTE',0,1526828649);
Insert into W_PROAZI (COD_PROFILO,TIPO,AZIONE,OGGETTO,VALORE,CRC) values ('SA-PIATRI','SEZ','VIS','GENE.SchedaTecni.ALT',0,835318545);
Insert into W_PROAZI (COD_PROFILO,TIPO,AZIONE,OGGETTO,VALORE,CRC) values ('SA-PIATRI','SEZ','VIS','GENE.SchedaTeim.ALT',0,3279515167);
Insert into W_PROAZI (COD_PROFILO,TIPO,AZIONE,OGGETTO,VALORE,CRC) values ('SA-PIATRI','SEZ','VIS','PIANI.INTTRI-scheda.INTERVENTO.ACQVERDI',1,1905031520);
Insert into W_PROAZI (COD_PROFILO,TIPO,AZIONE,OGGETTO,VALORE,CRC) values ('SA-PIATRI','SEZ','VIS','PIANI.INTTRI-scheda.INTERVENTO.MATRIC',1,4141436124);
Insert into W_PROAZI (COD_PROFILO,TIPO,AZIONE,OGGETTO,VALORE,CRC) values ('SA-PIATRI','SEZ','VIS','W9.W9LOTT-scheda.DATIDET.MODLAV',1,3404640381);
Insert into W_PROAZI (COD_PROFILO,TIPO,AZIONE,OGGETTO,VALORE,CRC) values ('SA-PIATRI','SUBMENU','VIS','ARCHIVI.Archivio-staz-appaltanti',0,1400821008);
Insert into W_PROAZI (COD_PROFILO,TIPO,AZIONE,OGGETTO,VALORE,CRC) values ('SA-PIATRI','SUBMENU','VIS','ARCHIVI.Archivio-uffici-intestatari',0,2798010941);
Insert into W_PROAZI (COD_PROFILO,TIPO,AZIONE,OGGETTO,VALORE,CRC) values ('SA-PIATRI','SUBMENU','VIS','ARCHIVI.Archivio-utenti',0,3100152466);
Insert into W_PROAZI (COD_PROFILO,TIPO,AZIONE,OGGETTO,VALORE,CRC) values ('SA-PIATRI','SUBMENU','VIS','UTILITA.Import-export-modelli',0,3037951636);
Insert into W_PROAZI (COD_PROFILO,TIPO,AZIONE,OGGETTO,VALORE,CRC) values ('SA-PIATRI','SUBMENU','VIS','UTILITA.Import-export-report',0,2149004479);
Insert into W_PROAZI (COD_PROFILO,TIPO,AZIONE,OGGETTO,VALORE,CRC) values ('SA-PIATRI','SUBMENU','VIS','UTILITA.Manuali',0,3283288817);



Insert into W_ACCPRO (ID_ACCOUNT,COD_PROFILO) values (50,'SA-PIATRI');


Insert into W_GRUPPI (ID_GRUPPO,NOME,DESCR,COD_PROFILO) Select distinct (select Coalesce(max(ID_GRUPPO),0)+1 from W_GRUPPI),'Comunicazioni programmi triennali','default per il profilo SA-PIATRI','SA-PIATRI' from W_PROFILI where not exists (select 1 from W_GRUPPI where cod_profilo='SA-PIATRI');
Update W_GENCHIAVI Set CHIAVE=(Select max(ID_GRUPPO) from W_GRUPPI) where TABELLA='W_GRUPPI';
Insert into W_ACCGRP (ID_ACCOUNT,ID_GRUPPO,PRIORITA) select 50,ID_GRUPPO,0 from W_GRUPPI where COD_PROFILO='SA-PIATRI'  and not exists 
	(select * from W_ACCGRP A join W_GRUPPI G on A.id_gruppo=G.id_gruppo where cod_profilo='SA-PIATRI' and id_account=50);

Delete from W_ACCPRO where COD_PROFILO='SA-PIATRI-RT' and ID_ACCOUNT=50;
Delete from W_PROAZI where COD_PROFILO='SA-PIATRI-RT';
Delete from W_PROFILI where COD_PROFILO='SA-PIATRI-RT';

Insert into W_PROFILI (COD_PROFILO,CODAPP,NOME,DESCRIZIONE,FLAG_INTERNO,DISCRIMINANTE,COD_CLIENTE,CRC) values ('SA-PIATRI-RT','W9','Comunicazioni di programmi (Regione Toscana)','Comunicazioni di eventi di programmi di lavori, forniture e servizi (Regione Toscana)',1,null,1091,1270918309);

Insert into W_PROAZI (COD_PROFILO,TIPO,AZIONE,OGGETTO,VALORE,CRC) values ('SA-PIATRI-RT','COLS','MAN','GENE.IMPR.CFIMP',1,2065006782);
Insert into W_PROAZI (COD_PROFILO,TIPO,AZIONE,OGGETTO,VALORE,CRC) values ('SA-PIATRI-RT','COLS','MAN','GENE.IMPR.NOMEST',1,3277781792);
Insert into W_PROAZI (COD_PROFILO,TIPO,AZIONE,OGGETTO,VALORE,CRC) values ('SA-PIATRI-RT','COLS','MAN','GENE.TECNI.CFTEC',1,3376415354);
Insert into W_PROAZI (COD_PROFILO,TIPO,AZIONE,OGGETTO,VALORE,CRC) values ('SA-PIATRI-RT','COLS','MAN','GENE.TECNI.NOMTEC',1,3922502992);
Insert into W_PROAZI (COD_PROFILO,TIPO,AZIONE,OGGETTO,VALORE,CRC) values ('SA-PIATRI-RT','COLS','MAN','GENE.TEIM.NOMTIM',1,570191537);
Insert into W_PROAZI (COD_PROFILO,TIPO,AZIONE,OGGETTO,VALORE,CRC) values ('SA-PIATRI-RT','COLS','MAN','GENE.UFFINT.NOMEIN',1,231133415);
Insert into W_PROAZI (COD_PROFILO,TIPO,AZIONE,OGGETTO,VALORE,CRC) values ('SA-PIATRI-RT','COLS','VIS','*',1,4179291998);
Insert into W_PROAZI (COD_PROFILO,TIPO,AZIONE,OGGETTO,VALORE,CRC) values ('SA-PIATRI-RT','COLS','VIS','GENE.CATE.*',0,370569137);
Insert into W_PROAZI (COD_PROFILO,TIPO,AZIONE,OGGETTO,VALORE,CRC) values ('SA-PIATRI-RT','COLS','VIS','GENE.IMPDTE.*',0,330687099);
Insert into W_PROAZI (COD_PROFILO,TIPO,AZIONE,OGGETTO,VALORE,CRC) values ('SA-PIATRI-RT','COLS','VIS','GENE.IMPR.*',0,4259985762);
Insert into W_PROAZI (COD_PROFILO,TIPO,AZIONE,OGGETTO,VALORE,CRC) values ('SA-PIATRI-RT','COLS','VIS','GENE.IMPR.CAPIMP',1,1055711822);
Insert into W_PROAZI (COD_PROFILO,TIPO,AZIONE,OGGETTO,VALORE,CRC) values ('SA-PIATRI-RT','COLS','VIS','GENE.IMPR.CFIMP',1,3491673339);
Insert into W_PROAZI (COD_PROFILO,TIPO,AZIONE,OGGETTO,VALORE,CRC) values ('SA-PIATRI-RT','COLS','VIS','GENE.IMPR.CODCIT',1,2640199616);
Insert into W_PROAZI (COD_PROFILO,TIPO,AZIONE,OGGETTO,VALORE,CRC) values ('SA-PIATRI-RT','COLS','VIS','GENE.IMPR.EMAI2IP',1,2274275292);
Insert into W_PROAZI (COD_PROFILO,TIPO,AZIONE,OGGETTO,VALORE,CRC) values ('SA-PIATRI-RT','COLS','VIS','GENE.IMPR.EMAIIP',1,1886847457);
Insert into W_PROAZI (COD_PROFILO,TIPO,AZIONE,OGGETTO,VALORE,CRC) values ('SA-PIATRI-RT','COLS','VIS','GENE.IMPR.FAXIMP',1,1554286120);
Insert into W_PROAZI (COD_PROFILO,TIPO,AZIONE,OGGETTO,VALORE,CRC) values ('SA-PIATRI-RT','COLS','VIS','GENE.IMPR.INDIMP',1,4272570007);
Insert into W_PROAZI (COD_PROFILO,TIPO,AZIONE,OGGETTO,VALORE,CRC) values ('SA-PIATRI-RT','COLS','VIS','GENE.IMPR.LOCIMP',1,3589152389);
Insert into W_PROAZI (COD_PROFILO,TIPO,AZIONE,OGGETTO,VALORE,CRC) values ('SA-PIATRI-RT','COLS','VIS','GENE.IMPR.NATGIUI',1,3278708774);
Insert into W_PROAZI (COD_PROFILO,TIPO,AZIONE,OGGETTO,VALORE,CRC) values ('SA-PIATRI-RT','COLS','VIS','GENE.IMPR.NAZIMP',1,361470767);
Insert into W_PROAZI (COD_PROFILO,TIPO,AZIONE,OGGETTO,VALORE,CRC) values ('SA-PIATRI-RT','COLS','VIS','GENE.IMPR.NCCIAA',1,1869616547);
Insert into W_PROAZI (COD_PROFILO,TIPO,AZIONE,OGGETTO,VALORE,CRC) values ('SA-PIATRI-RT','COLS','VIS','GENE.IMPR.NCIIMP',1,2130958198);
Insert into W_PROAZI (COD_PROFILO,TIPO,AZIONE,OGGETTO,VALORE,CRC) values ('SA-PIATRI-RT','COLS','VIS','GENE.IMPR.NOMEST',1,3309520139);
Insert into W_PROAZI (COD_PROFILO,TIPO,AZIONE,OGGETTO,VALORE,CRC) values ('SA-PIATRI-RT','COLS','VIS','GENE.IMPR.PIVIMP',1,197727184);
Insert into W_PROAZI (COD_PROFILO,TIPO,AZIONE,OGGETTO,VALORE,CRC) values ('SA-PIATRI-RT','COLS','VIS','GENE.IMPR.PROIMP',1,254284923);
Insert into W_PROAZI (COD_PROFILO,TIPO,AZIONE,OGGETTO,VALORE,CRC) values ('SA-PIATRI-RT','COLS','VIS','GENE.IMPR.TELIMP',1,2719250587);
Insert into W_PROAZI (COD_PROFILO,TIPO,AZIONE,OGGETTO,VALORE,CRC) values ('SA-PIATRI-RT','COLS','VIS','GENE.TECNI.*',0,2991376634);
Insert into W_PROAZI (COD_PROFILO,TIPO,AZIONE,OGGETTO,VALORE,CRC) values ('SA-PIATRI-RT','COLS','VIS','GENE.TECNI.CAPTEC',1,2262503981);
Insert into W_PROAZI (COD_PROFILO,TIPO,AZIONE,OGGETTO,VALORE,CRC) values ('SA-PIATRI-RT','COLS','VIS','GENE.TECNI.CFTEC',1,3479026769);
Insert into W_PROAZI (COD_PROFILO,TIPO,AZIONE,OGGETTO,VALORE,CRC) values ('SA-PIATRI-RT','COLS','VIS','GENE.TECNI.CITTEC',1,2668115584);
Insert into W_PROAZI (COD_PROFILO,TIPO,AZIONE,OGGETTO,VALORE,CRC) values ('SA-PIATRI-RT','COLS','VIS','GENE.TECNI.CODTEC',0,1589015177);
Insert into W_PROAZI (COD_PROFILO,TIPO,AZIONE,OGGETTO,VALORE,CRC) values ('SA-PIATRI-RT','COLS','VIS','GENE.TECNI.COGTEI',1,2499727429);
Insert into W_PROAZI (COD_PROFILO,TIPO,AZIONE,OGGETTO,VALORE,CRC) values ('SA-PIATRI-RT','COLS','VIS','GENE.TECNI.EMATEC',1,3477690718);
Insert into W_PROAZI (COD_PROFILO,TIPO,AZIONE,OGGETTO,VALORE,CRC) values ('SA-PIATRI-RT','COLS','VIS','GENE.TECNI.FAXTEC',1,3834869323);
Insert into W_PROAZI (COD_PROFILO,TIPO,AZIONE,OGGETTO,VALORE,CRC) values ('SA-PIATRI-RT','COLS','VIS','GENE.TECNI.INDTEC',1,1184747252);
Insert into W_PROAZI (COD_PROFILO,TIPO,AZIONE,OGGETTO,VALORE,CRC) values ('SA-PIATRI-RT','COLS','VIS','GENE.TECNI.LOCTEC',1,1842999014);
Insert into W_PROAZI (COD_PROFILO,TIPO,AZIONE,OGGETTO,VALORE,CRC) values ('SA-PIATRI-RT','COLS','VIS','GENE.TECNI.MGSFLG',0,2713166260);
Insert into W_PROAZI (COD_PROFILO,TIPO,AZIONE,OGGETTO,VALORE,CRC) values ('SA-PIATRI-RT','COLS','VIS','GENE.TECNI.NCITEC',1,3342083861);
Insert into W_PROAZI (COD_PROFILO,TIPO,AZIONE,OGGETTO,VALORE,CRC) values ('SA-PIATRI-RT','COLS','VIS','GENE.TECNI.NOMETEI',1,3837335197);
Insert into W_PROAZI (COD_PROFILO,TIPO,AZIONE,OGGETTO,VALORE,CRC) values ('SA-PIATRI-RT','COLS','VIS','GENE.TECNI.NOMTEC',1,1165377966);
Insert into W_PROAZI (COD_PROFILO,TIPO,AZIONE,OGGETTO,VALORE,CRC) values ('SA-PIATRI-RT','COLS','VIS','GENE.TECNI.PROTEC',1,3072320536);
Insert into W_PROAZI (COD_PROFILO,TIPO,AZIONE,OGGETTO,VALORE,CRC) values ('SA-PIATRI-RT','COLS','VIS','GENE.TECNI.TELTEC',1,438536440);
Insert into W_PROAZI (COD_PROFILO,TIPO,AZIONE,OGGETTO,VALORE,CRC) values ('SA-PIATRI-RT','COLS','VIS','GENE.TECNI.WEBPWD',0,1014852124);
Insert into W_PROAZI (COD_PROFILO,TIPO,AZIONE,OGGETTO,VALORE,CRC) values ('SA-PIATRI-RT','COLS','VIS','GENE.TECNI.WEBUSR',0,271746853);
Insert into W_PROAZI (COD_PROFILO,TIPO,AZIONE,OGGETTO,VALORE,CRC) values ('SA-PIATRI-RT','COLS','VIS','GENE.TEIM.*',0,1916466235);
Insert into W_PROAZI (COD_PROFILO,TIPO,AZIONE,OGGETTO,VALORE,CRC) values ('SA-PIATRI-RT','COLS','VIS','GENE.TEIM.CFTIM',1,1497752044);
Insert into W_PROAZI (COD_PROFILO,TIPO,AZIONE,OGGETTO,VALORE,CRC) values ('SA-PIATRI-RT','COLS','VIS','GENE.TEIM.CODTIM',0,1008853949);
Insert into W_PROAZI (COD_PROFILO,TIPO,AZIONE,OGGETTO,VALORE,CRC) values ('SA-PIATRI-RT','COLS','VIS','GENE.TEIM.COGTIM',1,210151931);
Insert into W_PROAZI (COD_PROFILO,TIPO,AZIONE,OGGETTO,VALORE,CRC) values ('SA-PIATRI-RT','COLS','VIS','GENE.TEIM.NOMETIM',1,3897678699);
Insert into W_PROAZI (COD_PROFILO,TIPO,AZIONE,OGGETTO,VALORE,CRC) values ('SA-PIATRI-RT','COLS','VIS','GENE.TEIM.NOMTIM',1,669110426);
Insert into W_PROAZI (COD_PROFILO,TIPO,AZIONE,OGGETTO,VALORE,CRC) values ('SA-PIATRI-RT','COLS','VIS','GENE.UFFINT.CODEIN',0,1286571583);
Insert into W_PROAZI (COD_PROFILO,TIPO,AZIONE,OGGETTO,VALORE,CRC) values ('SA-PIATRI-RT','COLS','VIS','GENE.UFFINT.CODNAZ',0,3138619347);
Insert into W_PROAZI (COD_PROFILO,TIPO,AZIONE,OGGETTO,VALORE,CRC) values ('SA-PIATRI-RT','COLS','VIS','GENE.UFFINT.CODRES',0,1998027873);
Insert into W_PROAZI (COD_PROFILO,TIPO,AZIONE,OGGETTO,VALORE,CRC) values ('SA-PIATRI-RT','COLS','VIS','GENE.UFFINT.CODSTA',0,2864423568);
Insert into W_PROAZI (COD_PROFILO,TIPO,AZIONE,OGGETTO,VALORE,CRC) values ('SA-PIATRI-RT','COLS','VIS','GENE.UFFINT.DATICC',0,554502752);
Insert into W_PROAZI (COD_PROFILO,TIPO,AZIONE,OGGETTO,VALORE,CRC) values ('SA-PIATRI-RT','COLS','VIS','GENE.UFFINT.DNAEIN',0,2327110756);
Insert into W_PROAZI (COD_PROFILO,TIPO,AZIONE,OGGETTO,VALORE,CRC) values ('SA-PIATRI-RT','COLS','VIS','GENE.UFFINT.DOFEIN',0,4090031057);
Insert into W_PROAZI (COD_PROFILO,TIPO,AZIONE,OGGETTO,VALORE,CRC) values ('SA-PIATRI-RT','COLS','VIS','GENE.UFFINT.INDWEB',0,2084316072);
Insert into W_PROAZI (COD_PROFILO,TIPO,AZIONE,OGGETTO,VALORE,CRC) values ('SA-PIATRI-RT','COLS','VIS','GENE.UFFINT.IVAEIN',0,82183506);
Insert into W_PROAZI (COD_PROFILO,TIPO,AZIONE,OGGETTO,VALORE,CRC) values ('SA-PIATRI-RT','COLS','VIS','GENE.UFFINT.LNAEIN',0,3109792259);
Insert into W_PROAZI (COD_PROFILO,TIPO,AZIONE,OGGETTO,VALORE,CRC) values ('SA-PIATRI-RT','COLS','VIS','GENE.UFFINT.NUMICC',0,1892343888);
Insert into W_PROAZI (COD_PROFILO,TIPO,AZIONE,OGGETTO,VALORE,CRC) values ('SA-PIATRI-RT','COLS','VIS','GENE.UFFINT.PROICC',0,552494107);
Insert into W_PROAZI (COD_PROFILO,TIPO,AZIONE,OGGETTO,VALORE,CRC) values ('SA-PIATRI-RT','COLS','VIS','GENE.UFFINT.PROUFF',0,1100855954);
Insert into W_PROAZI (COD_PROFILO,TIPO,AZIONE,OGGETTO,VALORE,CRC) values ('SA-PIATRI-RT','COLS','VIS','GENE.UFFINT.USERID',0,921977655);
Insert into W_PROAZI (COD_PROFILO,TIPO,AZIONE,OGGETTO,VALORE,CRC) values ('SA-PIATRI-RT','COLS','VIS','PIANI.INTTRI.RESPUF',1,1092694516);
Insert into W_PROAZI (COD_PROFILO,TIPO,AZIONE,OGGETTO,VALORE,CRC) values ('SA-PIATRI-RT','COLS','VIS','PIANI.PIATRI.STATRI',0,1851973007);
Insert into W_PROAZI (COD_PROFILO,TIPO,AZIONE,OGGETTO,VALORE,CRC) values ('SA-PIATRI-RT','COLS','VIS','PIANI.PIATRI.TADOZI',0,3107290751);
Insert into W_PROAZI (COD_PROFILO,TIPO,AZIONE,OGGETTO,VALORE,CRC) values ('SA-PIATRI-RT','COLS','VIS','PIANI.PIATRI.TAPTRI',0,2774453787);
Insert into W_PROAZI (COD_PROFILO,TIPO,AZIONE,OGGETTO,VALORE,CRC) values ('SA-PIATRI-RT','COLS','VIS','PIANI.INTTRI.ACQVERDI',1,4026006493);
Insert into W_PROAZI (COD_PROFILO,TIPO,AZIONE,OGGETTO,VALORE,CRC) values ('SA-PIATRI-RT','COLS','VIS','PIANI.INTTRI.DIRGEN',1,381433749);
Insert into W_PROAZI (COD_PROFILO,TIPO,AZIONE,OGGETTO,VALORE,CRC) values ('SA-PIATRI-RT','COLS','VIS','PIANI.INTTRI.MATRIC',1,994321679);
Insert into W_PROAZI (COD_PROFILO,TIPO,AZIONE,OGGETTO,VALORE,CRC) values ('SA-PIATRI-RT','COLS','VIS','PIANI.INTTRI.QUANTIT',1,3937949287);
Insert into W_PROAZI (COD_PROFILO,TIPO,AZIONE,OGGETTO,VALORE,CRC) values ('SA-PIATRI-RT','COLS','VIS','PIANI.INTTRI.REFERE',1,2693057517);
Insert into W_PROAZI (COD_PROFILO,TIPO,AZIONE,OGGETTO,VALORE,CRC) values ('SA-PIATRI-RT','COLS','VIS','PIANI.INTTRI.STRUOP',1,676045197);
Insert into W_PROAZI (COD_PROFILO,TIPO,AZIONE,OGGETTO,VALORE,CRC) values ('SA-PIATRI-RT','COLS','VIS','PIANI.INTTRI.UNIMIS',1,1156269016);
Insert into W_PROAZI (COD_PROFILO,TIPO,AZIONE,OGGETTO,VALORE,CRC) values ('SA-PIATRI-RT','COLS','VIS','PIANI.INTTRI.VALUTAZIONE',1,2541728618);
Insert into W_PROAZI (COD_PROFILO,TIPO,AZIONE,OGGETTO,VALORE,CRC) values ('SA-PIATRI-RT','COLS','VIS','PIANI.RIS_CAPITOLO.IMPALTCB',1,2216124492);
Insert into W_PROAZI (COD_PROFILO,TIPO,AZIONE,OGGETTO,VALORE,CRC) values ('SA-PIATRI-RT','COLS','VIS','PIANI.RIS_CAPITOLO.IMPRFSCB',1,3593613409);
Insert into W_PROAZI (COD_PROFILO,TIPO,AZIONE,OGGETTO,VALORE,CRC) values ('SA-PIATRI-RT','COLS','VIS','PIANI.RIS_CAPITOLO.RG1CB',1,2989739536);
Insert into W_PROAZI (COD_PROFILO,TIPO,AZIONE,OGGETTO,VALORE,CRC) values ('SA-PIATRI-RT','FUNZ','VIS','ALT.GENE.C0OGGASS',0,1888279893);
Insert into W_PROAZI (COD_PROFILO,TIPO,AZIONE,OGGETTO,VALORE,CRC) values ('SA-PIATRI-RT','FUNZ','VIS','ALT.GENE.G_NOTEAVVISI',0,4289628934);
Insert into W_PROAZI (COD_PROFILO,TIPO,AZIONE,OGGETTO,VALORE,CRC) values ('SA-PIATRI-RT','FUNZ','VIS','ALT.GENE.HELPPAGINA',0,2611775279);
Insert into W_PROAZI (COD_PROFILO,TIPO,AZIONE,OGGETTO,VALORE,CRC) values ('SA-PIATRI-RT','FUNZ','VIS','ALT.GENE.Homepage-EseguiReport',0,3712486845);
Insert into W_PROAZI (COD_PROFILO,TIPO,AZIONE,OGGETTO,VALORE,CRC) values ('SA-PIATRI-RT','FUNZ','VIS','ALT.GENE.UTENT-lista.HELPPAGINA',0,1352063578);
Insert into W_PROAZI (COD_PROFILO,TIPO,AZIONE,OGGETTO,VALORE,CRC) values ('SA-PIATRI-RT','FUNZ','VIS','ALT.GENE.UTENT-scheda.HELPPAGINA',0,2022395450);
Insert into W_PROAZI (COD_PROFILO,TIPO,AZIONE,OGGETTO,VALORE,CRC) values ('SA-PIATRI-RT','FUNZ','VIS','ALT.GENE.UTENT-trova.HELPPAGINA',0,4258458524);
Insert into W_PROAZI (COD_PROFILO,TIPO,AZIONE,OGGETTO,VALORE,CRC) values ('SA-PIATRI-RT','FUNZ','VIS','ALT.GENE.W_MODELLI',0,2702599471);
Insert into W_PROAZI (COD_PROFILO,TIPO,AZIONE,OGGETTO,VALORE,CRC) values ('SA-PIATRI-RT','FUNZ','VIS','ALT.PIANI.CREATE-XML',0,214293566);
Insert into W_PROAZI (COD_PROFILO,TIPO,AZIONE,OGGETTO,VALORE,CRC) values ('SA-PIATRI-RT','FUNZ','VIS','ALT.PIANI.IMPORT-XML',1,391094081);
Insert into W_PROAZI (COD_PROFILO,TIPO,AZIONE,OGGETTO,VALORE,CRC) values ('SA-PIATRI-RT','FUNZ','VIS','ALT.PIANI.SITAT',1,3454430183);
Insert into W_PROAZI (COD_PROFILO,TIPO,AZIONE,OGGETTO,VALORE,CRC) values ('SA-PIATRI-RT','FUNZ','VIS','ALT.W9.W9HOME.APPA',0,153343456);
Insert into W_PROAZI (COD_PROFILO,TIPO,AZIONE,OGGETTO,VALORE,CRC) values ('SA-PIATRI-RT','FUNZ','VIS','ALT.W9.W9HOME.ORT-INBX',0,306086409);
Insert into W_PROAZI (COD_PROFILO,TIPO,AZIONE,OGGETTO,VALORE,CRC) values ('SA-PIATRI-RT','FUNZ','VIS','ALT.W9.W9HOME.PIATRI',1,220199141);
Insert into W_PROAZI (COD_PROFILO,TIPO,AZIONE,OGGETTO,VALORE,CRC) values ('SA-PIATRI-RT','FUNZ','VIS','ALT.W9.W9HOME.SA-ADMIN',0,1456500244);
Insert into W_PROAZI (COD_PROFILO,TIPO,AZIONE,OGGETTO,VALORE,CRC) values ('SA-PIATRI-RT','FUNZ','VIS','ALT.W9.W9HOME.SA-AVVISI',0,1568287917);
Insert into W_PROAZI (COD_PROFILO,TIPO,AZIONE,OGGETTO,VALORE,CRC) values ('SA-PIATRI-RT','FUNZ','VIS','ALT.W9.TRASFERISCI-APPALTO',0,228161805);
Insert into W_PROAZI (COD_PROFILO,TIPO,AZIONE,OGGETTO,VALORE,CRC) values ('SA-PIATRI-RT','FUNZ','VIS','ALT.W9.W9SCP',1,1534573450);
Insert into W_PROAZI (COD_PROFILO,TIPO,AZIONE,OGGETTO,VALORE,CRC) values ('SA-PIATRI-RT','FUNZ','VIS','INS.GENE.ImprScheda.DATIGEN.INS-AIN',0,3816322368);
Insert into W_PROAZI (COD_PROFILO,TIPO,AZIONE,OGGETTO,VALORE,CRC) values ('SA-PIATRI-RT','FUNZ','VIS','INS.GENE.ImprScheda.LEGALI.INS-G_IMPCOL',0,1319656519);
Insert into W_PROAZI (COD_PROFILO,TIPO,AZIONE,OGGETTO,VALORE,CRC) values ('SA-PIATRI-RT','FUNZ','VIS','INS.GENE.ImprScheda.LEGALI.INS-IMPAZI',0,147612543);
Insert into W_PROAZI (COD_PROFILO,TIPO,AZIONE,OGGETTO,VALORE,CRC) values ('SA-PIATRI-RT','FUNZ','VIS','INS.GENE.ImprScheda.LEGALI.INS-IMPDTE',0,2570711371);
Insert into W_PROAZI (COD_PROFILO,TIPO,AZIONE,OGGETTO,VALORE,CRC) values ('SA-PIATRI-RT','MENU','VIS','REPORT',0,3456026856);
Insert into W_PROAZI (COD_PROFILO,TIPO,AZIONE,OGGETTO,VALORE,CRC) values ('SA-PIATRI-RT','MENU','VIS','STRUMENTI',0,2622732340);
Insert into W_PROAZI (COD_PROFILO,TIPO,AZIONE,OGGETTO,VALORE,CRC) values ('SA-PIATRI-RT','PAGE','VIS','GENE.ImprScheda.CASE',0,322106228);
Insert into W_PROAZI (COD_PROFILO,TIPO,AZIONE,OGGETTO,VALORE,CRC) values ('SA-PIATRI-RT','PAGE','VIS','GENE.ImprScheda.CATE',0,377349617);
Insert into W_PROAZI (COD_PROFILO,TIPO,AZIONE,OGGETTO,VALORE,CRC) values ('SA-PIATRI-RT','PAGE','VIS','GENE.ImprScheda.CATEGARE',0,1917287626);
Insert into W_PROAZI (COD_PROFILO,TIPO,AZIONE,OGGETTO,VALORE,CRC) values ('SA-PIATRI-RT','PAGE','VIS','GENE.ImprScheda.IMPANTIMAFIA',0,960791731);
Insert into W_PROAZI (COD_PROFILO,TIPO,AZIONE,OGGETTO,VALORE,CRC) values ('SA-PIATRI-RT','PAGE','VIS','GENE.ImprScheda.RAGIMP',0,4033516002);
Insert into W_PROAZI (COD_PROFILO,TIPO,AZIONE,OGGETTO,VALORE,CRC) values ('SA-PIATRI-RT','PAGE','VIS','PIANI.INTTRI-scheda.RISORSEBILANCIO',1,2705155577);
Insert into W_PROAZI (COD_PROFILO,TIPO,AZIONE,OGGETTO,VALORE,CRC) values ('SA-PIATRI-RT','SEZ','MOD','W9.W9LOTT-scheda.DATIDET.MODLAV',1,1184464117);
Insert into W_PROAZI (COD_PROFILO,TIPO,AZIONE,OGGETTO,VALORE,CRC) values ('SA-PIATRI-RT','SEZ','VIS','GENE.ImprScheda.DATIGEN.ABI',0,4156912262);
Insert into W_PROAZI (COD_PROFILO,TIPO,AZIONE,OGGETTO,VALORE,CRC) values ('SA-PIATRI-RT','SEZ','VIS','GENE.ImprScheda.DATIGEN.AIN',0,3033598880);
Insert into W_PROAZI (COD_PROFILO,TIPO,AZIONE,OGGETTO,VALORE,CRC) values ('SA-PIATRI-RT','SEZ','VIS','GENE.ImprScheda.DATIGEN.ALT',0,37172112);
Insert into W_PROAZI (COD_PROFILO,TIPO,AZIONE,OGGETTO,VALORE,CRC) values ('SA-PIATRI-RT','SEZ','VIS','GENE.ImprScheda.DATIGEN.IMPDTE',0,1737007254);
Insert into W_PROAZI (COD_PROFILO,TIPO,AZIONE,OGGETTO,VALORE,CRC) values ('SA-PIATRI-RT','SEZ','VIS','GENE.ImprScheda.DATIGEN.IND',1,4190301654);
Insert into W_PROAZI (COD_PROFILO,TIPO,AZIONE,OGGETTO,VALORE,CRC) values ('SA-PIATRI-RT','SEZ','VIS','GENE.ImprScheda.DATIGEN.INPS',0,3614861476);
Insert into W_PROAZI (COD_PROFILO,TIPO,AZIONE,OGGETTO,VALORE,CRC) values ('SA-PIATRI-RT','SEZ','VIS','GENE.ImprScheda.DATIGEN.ISO1',0,900991630);
Insert into W_PROAZI (COD_PROFILO,TIPO,AZIONE,OGGETTO,VALORE,CRC) values ('SA-PIATRI-RT','SEZ','VIS','GENE.ImprScheda.DATIGEN.PERSDIP',0,507325010);
Insert into W_PROAZI (COD_PROFILO,TIPO,AZIONE,OGGETTO,VALORE,CRC) values ('SA-PIATRI-RT','SEZ','VIS','GENE.ImprScheda.DATIGEN.SOA',0,3453285577);
Insert into W_PROAZI (COD_PROFILO,TIPO,AZIONE,OGGETTO,VALORE,CRC) values ('SA-PIATRI-RT','SEZ','VIS','GENE.ImprScheda.DATIGEN.XIMPR',0,2833513384);
Insert into W_PROAZI (COD_PROFILO,TIPO,AZIONE,OGGETTO,VALORE,CRC) values ('SA-PIATRI-RT','SEZ','VIS','GENE.ImprScheda.LEGALI.IMPAZI',0,3404995677);
Insert into W_PROAZI (COD_PROFILO,TIPO,AZIONE,OGGETTO,VALORE,CRC) values ('SA-PIATRI-RT','SEZ','VIS','GENE.ImprScheda.LEGALI.IMPDTE',0,1526828649);
Insert into W_PROAZI (COD_PROFILO,TIPO,AZIONE,OGGETTO,VALORE,CRC) values ('SA-PIATRI-RT','SEZ','VIS','GENE.SchedaTecni.ALT',0,835318545);
Insert into W_PROAZI (COD_PROFILO,TIPO,AZIONE,OGGETTO,VALORE,CRC) values ('SA-PIATRI-RT','SEZ','VIS','GENE.SchedaTeim.ALT',0,3279515167);
Insert into W_PROAZI (COD_PROFILO,TIPO,AZIONE,OGGETTO,VALORE,CRC) values ('SA-PIATRI-RT','SEZ','VIS','W9.W9LOTT-scheda.DATIDET.MODLAV',1,3404640381);
Insert into W_PROAZI (COD_PROFILO,TIPO,AZIONE,OGGETTO,VALORE,CRC) values ('SA-PIATRI-RT','SUBMENU','VIS','ARCHIVI.Archivio-staz-appaltanti',0,1400821008);
Insert into W_PROAZI (COD_PROFILO,TIPO,AZIONE,OGGETTO,VALORE,CRC) values ('SA-PIATRI-RT','SUBMENU','VIS','ARCHIVI.Archivio-uffici-intestatari',0,2798010941);
Insert into W_PROAZI (COD_PROFILO,TIPO,AZIONE,OGGETTO,VALORE,CRC) values ('SA-PIATRI-RT','SUBMENU','VIS','ARCHIVI.Archivio-utenti',0,3100152466);
Insert into W_PROAZI (COD_PROFILO,TIPO,AZIONE,OGGETTO,VALORE,CRC) values ('SA-PIATRI-RT','SUBMENU','VIS','UTILITA.Import-export-modelli',0,3037951636);
Insert into W_PROAZI (COD_PROFILO,TIPO,AZIONE,OGGETTO,VALORE,CRC) values ('SA-PIATRI-RT','SUBMENU','VIS','UTILITA.Import-export-report',0,2149004479);
Insert into W_PROAZI (COD_PROFILO,TIPO,AZIONE,OGGETTO,VALORE,CRC) values ('SA-PIATRI-RT','SUBMENU','VIS','UTILITA.Manuali',0,3283288817);


Insert into W_ACCPRO (ID_ACCOUNT,COD_PROFILO) values (50,'SA-PIATRI-RT');


Insert into W_GRUPPI (ID_GRUPPO,NOME,DESCR,COD_PROFILO) Select distinct (select Coalesce(max(ID_GRUPPO),0)+1 from W_GRUPPI),'Comunicazioni di programmi (Regione Toscana)','default per il profilo SA-PIATRI-RT','SA-PIATRI-RT' from W_PROFILI where not exists (select 1 from W_GRUPPI where cod_profilo='SA-PIATRI-RT');
Update W_GENCHIAVI Set CHIAVE=(Select max(ID_GRUPPO) from W_GRUPPI) where TABELLA='W_GRUPPI';
Insert into W_ACCGRP (ID_ACCOUNT,ID_GRUPPO,PRIORITA) select 50,ID_GRUPPO,0 from W_GRUPPI where COD_PROFILO='SA-PIATRI-RT'  and not exists (select * from W_ACCGRP A join W_GRUPPI G on A.id_gruppo=G.id_gruppo where cod_profilo='SA-PIATRI-RT' and id_account=50);
